duration,protocol_type,service,flag,src_bytes,dst_bytes,land,wrong_fragment,urgent,hot,num_failed_logins,logged_in,num_compromised,root_shell,su_attempted,num_root,num_file_creations,num_shells,num_access_files,num_outbound_cmds,is_host_login,is_guest_login,count,srv_count,serror_rate,srv_serror_rate,rerror_rate,srv_rerror_rate,same_srv_rate,diff_srv_rate,srv_diff_host_rate,dst_host_count,dst_host_srv_count,dst_host_same_srv_rate,dst_host_diff_srv_rate,dst_host_same_src_port_rate,dst_host_srv_diff_host_rate,dst_host_serror_rate,dst_host_srv_serror_rate,dst_host_rerror_rate,dst_host_srv_rerror_rate,label,target,hybrid_prediction,hybrid_decision,rf_prediction,if_prediction
1,tcp,telnet,RSTO,0,15,0,0,0,0,0,0,0,0,0,0,0,0,0,0,0,0,1,8,0.0,0.12,1.0,0.5,1.0,0.0,0.75,29,86,0.31,0.17,0.03,0.02,0.0,0.0,0.83,0.71,mscan,1,0,NORMAL,0,0
0,tcp,telnet,SF,129,174,0,0,0,0,1,0,0,0,0,0,0,0,0,0,0,0,1,1,0.0,0.0,0.0,0.0,1.0,0.0,0.0,255,255,1.0,0.0,0.0,0.0,0.01,0.01,0.02,0.02,guess_passwd,1,0,NORMAL,0,0
0,tcp,ftp,SF,26,157,0,0,0,0,1,0,0,0,0,0,0,0,0,0,0,1,1,1,0.0,0.0,0.0,0.0,1.0,0.0,0.0,52,26,0.5,0.08,0.02,0.0,0.0,0.0,0.0,0.0,guess_passwd,1,0,NORMAL,0,0
0,tcp,telnet,SF,0,0,0,0,0,0,0,0,0,0,0,0,0,0,0,0,0,0,1,1,0.0,0.0,0.0,0.0,1.0,0.0,0.0,255,128,0.5,0.01,0.0,0.0,0.0,0.0,0.66,0.32,mscan,1,0,NORMAL,0,0
0,udp,private,SF,1,1,0,0,0,0,0,0,0,0,0,0,0,0,0,0,0,0,40,3,0.0,0.0,0.0,0.0,0.08,0.38,0.0,255,3,0.01,0.58,0.99,0.0,0.0,0.0,0.01,0.0,normal,0,1,ATTACK,1,0
8,tcp,ftp,SF,220,688,0,0,0,4,0,1,0,0,0,0,4,0,0,0,0,0,1,1,0.0,0.0,0.0,0.0,1.0,0.0,0.0,53,27,0.51,0.08,0.02,0.0,0.0,0.0,0.0,0.0,buffer_overflow,1,0,NORMAL,0,0
282,tcp,ftp,SF,160,599,0,0,0,2,0,1,0,0,0,0,0,0,0,0,0,1,1,1,0.0,0.0,0.0,0.0,1.0,0.0,0.0,255,37,0.15,0.02,0.0,0.0,0.0,0.0,0.44,0.0,warezmaster,1,0,NORMAL,0,0
0,udp,private,SF,105,146,0,0,0,0,0,0,0,0,0,0,0,0,0,0,0,0,2,2,0.0,0.0,0.0,0.0,1.0,0.0,0.0,9,9,1.0,0.0,0.11,0.0,0.0,0.0,0.0,0.0,snmpgetattack,1,0,NORMAL,0,0
7428,tcp,telnet,SF,0,44,0,0,0,0,0,0,0,0,0,0,0,0,0,0,0,0,1,1,0.0,0.0,0.0,0.0,1.0,0.0,0.0,255,217,0.85,0.03,0.0,0.0,0.33,0.39,0.12,0.06,processtable,1,0,NORMAL,0,0
4,tcp,pop_3,SF,28,93,0,0,0,0,0,1,0,0,0,0,0,0,0,0,0,0,1,1,0.0,0.0,0.0,0.0,1.0,0.0,0.0,255,249,0.98,0.02,0.0,0.0,0.0,0.0,0.0,0.0,guess_passwd,1,0,NORMAL,0,0
280,tcp,ftp_data,SF,283618,0,0,0,0,0,0,0,0,0,0,0,0,0,0,0,0,0,2,2,0.0,0.0,0.0,0.0,1.0,0.0,0.0,7,10,0.86,0.29,0.86,0.2,0.0,0.0,0.0,0.0,warezmaster,1,0,NORMAL,0,0
8092,tcp,telnet,SF,0,15,0,0,0,0,0,0,0,0,0,0,0,0,0,0,0,0,1,1,0.0,0.0,0.0,0.0,1.0,0.0,0.0,255,67,0.26,0.03,0.0,0.0,0.0,0.01,0.11,0.19,processtable,1,0,NORMAL,0,0
0,tcp,other,REJ,0,0,0,0,0,0,0,0,0,0,0,0,0,0,0,0,0,0,1,1,0.0,0.0,1.0,1.0,1.0,0.0,0.0,255,13,0.05,0.02,0.0,0.0,0.0,0.0,0.06,1.0,httptunnel,1,0,NORMAL,0,0
3,tcp,pop_3,SF,28,93,0,0,0,0,0,1,0,0,0,0,0,0,0,0,0,0,1,1,0.0,0.0,0.0,0.0,1.0,0.0,0.0,255,254,1.0,0.01,0.0,0.0,0.0,0.0,0.0,0.0,guess_passwd,1,0,NORMAL,0,0
0,tcp,ftp,SF,26,157,0,0,0,0,1,0,0,0,0,0,0,0,0,0,0,1,1,1,0.0,0.0,0.0,0.0,1.0,0.0,0.0,155,71,0.46,0.03,0.01,0.0,0.0,0.0,0.0,0.0,guess_passwd,1,0,NORMAL,0,0
31,tcp,telnet,SF,197,1608,0,0,0,1,0,1,1,0,0,1,2,1,0,0,0,0,1,1,0.0,0.0,0.0,0.0,1.0,0.0,0.0,248,32,0.13,0.03,0.0,0.0,0.0,0.0,0.0,0.0,ps,1,0,NORMAL,0,0
8080,tcp,telnet,SF,0,15,0,0,0,0,0,0,0,0,0,0,0,0,0,0,0,0,1,1,0.0,0.0,0.0,0.0,1.0,0.0,0.0,255,69,0.27,0.03,0.0,0.0,0.0,0.01,0.11,0.19,processtable,1,0,NORMAL,0,0
8124,tcp,telnet,SF,0,15,0,0,0,0,0,0,0,0,0,0,0,0,0,0,0,0,1,1,0.0,0.0,0.0,0.0,1.0,0.0,0.0,255,60,0.24,0.04,0.0,0.0,0.0,0.02,0.11,0.22,processtable,1,0,NORMAL,0,0
0,udp,private,SF,48,0,0,0,0,0,0,0,0,0,0,0,0,0,0,0,0,0,5,5,0.0,0.0,0.0,0.0,1.0,0.0,0.0,255,254,1.0,0.01,0.0,0.0,0.0,0.0,0.0,0.0,snmpguess,1,0,NORMAL,0,0
0,tcp,telnet,SF,124,174,0,0,0,0,1,0,0,0,0,0,0,0,0,0,0,0,2,2,0.0,0.0,0.0,0.0,1.0,0.0,0.0,255,255,1.0,0.0,0.0,0.0,0.0,0.0,0.02,0.02,guess_passwd,1,0,NORMAL,0,0
0,tcp,telnet,S3,0,44,0,0,0,0,0,0,0,0,0,0,0,0,0,0,0,0,1,1,1.0,1.0,0.0,0.0,1.0,0.0,0.0,255,117,0.46,0.02,0.0,0.0,0.53,0.37,0.01,0.01,processtable,1,0,NORMAL,0,0
7554,tcp,telnet,SF,0,44,0,0,0,0,0,0,0,0,0,0,0,0,0,0,0,0,1,1,0.0,0.0,0.0,0.0,1.0,0.0,0.0,255,169,0.66,0.31,0.0,0.0,0.5,0.75,0.31,0.01,processtable,1,0,NORMAL,0,0
0,udp,private,SF,43,0,0,0,0,0,0,0,0,0,0,0,0,0,0,0,0,0,1,1,0.0,0.0,0.0,0.0,1.0,0.0,0.0,255,254,1.0,0.01,0.0,0.0,0.0,0.0,0.0,0.0,snmpguess,1,0,NORMAL,0,0
7466,tcp,telnet,SF,0,44,0,0,0,0,0,0,0,0,0,0,0,0,0,0,0,0,1,1,0.0,0.0,0.0,0.0,1.0,0.0,0.0,255,191,0.75,0.24,0.0,0.0,0.5,0.66,0.24,0.01,processtable,1,0,NORMAL,0,0
0,tcp,telnet,RSTO,124,188,0,0,0,0,1,0,0,0,0,0,0,0,0,0,0,0,1,1,0.0,0.0,1.0,1.0,1.0,0.0,0.0,255,254,1.0,0.01,0.0,0.0,0.01,0.01,0.02,0.02,guess_passwd,1,0,NORMAL,0,0
1,tcp,smtp,SF,2599,293,0,0,0,0,0,1,0,0,0,0,0,0,0,0,0,0,3,3,0.0,0.0,0.0,0.0,1.0,0.0,0.0,255,203,0.8,0.13,0.0,0.0,0.0,0.0,0.19,0.0,mailbomb,1,0,NORMAL,0,0
282,tcp,ftp,SF,162,601,0,0,0,2,0,1,0,0,0,0,0,0,0,0,0,1,1,1,0.0,0.0,0.0,0.0,1.0,0.0,0.0,255,43,0.17,0.03,0.0,0.0,0.27,0.0,0.02,0.0,warezmaster,1,0,NORMAL,0,0
281,tcp,ftp,SF,158,595,0,0,0,2,0,1,0,0,0,0,0,0,0,0,0,1,1,1,0.0,0.0,0.0,0.0,1.0,0.0,0.0,255,4,0.02,0.21,0.0,0.0,0.0,0.0,0.2,0.0,warezmaster,1,0,NORMAL,0,0
7526,tcp,telnet,SF,0,44,0,0,0,0,0,0,0,0,0,0,0,0,0,0,0,0,1,1,0.0,0.0,0.0,0.0,1.0,0.0,0.0,255,187,0.73,0.02,0.0,0.0,0.39,0.39,0.01,0.01,processtable,1,0,NORMAL,0,0
0,tcp,telnet,SF,121,174,0,0,0,0,1,0,0,0,0,0,0,0,0,0,0,0,1,1,0.0,0.0,0.0,0.0,1.0,0.0,0.0,255,120,0.47,0.02,0.0,0.0,0.0,0.0,0.01,0.03,guess_passwd,1,0,NORMAL,0,0
4,tcp,pop_3,SF,26,93,0,0,0,0,0,1,0,0,0,0,0,0,0,0,0,0,1,1,0.0,0.0,0.0,0.0,1.0,0.0,0.0,255,246,0.96,0.02,0.0,0.0,0.0,0.0,0.01,0.0,guess_passwd,1,0,NORMAL,0,0
7510,tcp,telnet,SF,0,44,0,0,0,0,0,0,0,0,0,0,0,0,0,0,0,0,1,1,0.0,0.0,0.0,0.0,1.0,0.0,0.0,255,190,0.75,0.02,0.0,0.0,0.38,0.38,0.01,0.01,processtable,1,0,NORMAL,0,0
27,tcp,ftp,SF,360,1172,0,0,0,7,0,1,0,0,0,0,0,0,0,0,0,1,1,1,0.0,0.0,0.0,0.0,1.0,0.0,0.0,255,89,0.35,0.02,0.0,0.0,0.0,0.0,0.01,0.0,normal,0,1,ATTACK,1,0
0,tcp,ftp,SF,26,157,0,0,0,0,1,0,0,0,0,0,0,0,0,0,0,1,1,1,0.0,0.0,0.0,0.0,1.0,0.0,0.0,218,107,0.49,0.03,0.0,0.0,0.0,0.0,0.0,0.0,guess_passwd,1,0,NORMAL,0,0
0,udp,private,SF,105,146,0,0,0,0,0,0,0,0,0,0,0,0,0,0,0,0,1,1,0.0,0.0,0.0,0.0,1.0,0.0,0.0,192,191,0.99,0.01,0.01,0.0,0.0,0.0,0.0,0.0,snmpgetattack,1,0,NORMAL,0,0
1,tcp,telnet,RSTO,0,15,0,0,0,0,0,0,0,0,0,0,0,0,0,0,0,0,1,7,0.0,0.0,1.0,0.57,1.0,0.0,0.57,96,87,0.34,0.05,0.01,0.02,0.0,0.0,0.9,0.7,mscan,1,0,NORMAL,0,0
0,tcp,telnet,S3,0,44,0,0,0,0,0,0,0,0,0,0,0,0,0,0,0,0,1,1,1.0,1.0,0.0,0.0,1.0,0.0,0.0,255,141,0.55,0.41,0.0,0.0,0.44,0.8,0.4,0.01,processtable,1,0,NORMAL,0,0
0,tcp,ftp_data,SF,12,0,0,0,0,0,0,0,0,0,0,0,0,0,0,0,0,0,1,1,0.0,0.0,0.0,0.0,1.0,0.0,0.0,7,7,1.0,0.0,1.0,0.0,0.0,0.0,0.0,0.0,warezmaster,1,0,NORMAL,0,0
0,udp,private,SF,43,0,0,0,0,0,0,0,0,0,0,0,0,0,0,0,0,0,2,2,0.0,0.0,0.0,0.0,1.0,0.0,0.0,255,255,1.0,0.0,0.01,0.0,0.0,0.0,0.0,0.0,snmpguess,1,0,NORMAL,0,0
0,tcp,sunrpc,REJ,0,0,0,0,0,0,0,0,0,0,0,0,0,0,0,0,0,0,1,3,0.0,0.0,1.0,1.0,1.0,0.0,1.0,255,11,0.04,0.03,0.0,0.0,0.0,0.0,0.22,1.0,mscan,1,0,NORMAL,0,0
0,tcp,ftp_data,SF,12,0,0,0,0,0,0,0,0,0,0,0,0,0,0,0,0,0,1,1,0.0,0.0,0.0,0.0,1.0,0.0,0.0,8,7,0.88,0.25,0.88,0.0,0.0,0.0,0.0,0.0,warezmaster,1,0,NORMAL,0,0
0,tcp,http,S0,0,0,0,0,0,0,0,0,0,0,0,0,0,0,0,0,0,0,35,35,0.26,0.26,0.74,0.74,1.0,0.0,0.0,255,255,1.0,0.0,0.0,0.0,0.05,0.05,0.68,0.68,apache2,1,0,NORMAL,0,0
0,tcp,telnet,SF,0,0,0,0,0,0,0,0,0,0,0,0,0,0,0,0,0,0,1,2,0.0,0.5,0.0,0.0,1.0,0.0,1.0,255,128,0.5,0.01,0.0,0.0,0.0,0.0,0.65,0.31,mscan,1,0,NORMAL,0,0
0,tcp,http,S0,0,0,0,0,0,0,0,0,0,0,0,0,0,0,0,0,0,0,29,29,0.79,0.79,0.17,0.17,1.0,0.0,0.0,255,255,1.0,0.0,0.0,0.0,0.14,0.14,0.7,0.7,apache2,1,0,NORMAL,0,0
282,tcp,ftp,SF,164,599,0,0,0,2,0,1,0,0,0,0,0,0,0,0,0,1,1,1,0.0,0.0,0.0,0.0,1.0,0.0,0.0,255,16,0.06,0.79,0.0,0.0,0.0,0.0,0.77,0.0,warezmaster,1,0,NORMAL,0,0
4,tcp,pop_3,SF,28,93,0,0,0,0,0,1,0,0,0,0,0,0,0,0,0,0,1,1,0.0,0.0,0.0,0.0,1.0,0.0,0.0,146,129,0.88,0.02,0.01,0.02,0.0,0.0,0.07,0.0,guess_passwd,1,0,NORMAL,0,0
281,tcp,ftp,SF,164,599,0,0,0,2,0,1,0,0,0,0,0,0,0,0,0,1,1,1,0.0,0.0,0.0,0.0,1.0,0.0,0.0,255,14,0.05,0.69,0.0,0.0,0.0,0.0,0.68,0.0,warezmaster,1,0,NORMAL,0,0
0,tcp,ftp_data,SF,12,0,0,0,0,0,0,0,0,0,0,0,0,0,0,0,0,0,1,1,0.0,0.0,0.0,0.0,1.0,0.0,0.0,22,5,0.23,0.09,0.23,0.0,0.0,0.0,0.0,0.0,warezmaster,1,0,NORMAL,0,0
0,tcp,ftp,SF,26,157,0,0,0,0,1,0,0,0,0,0,0,0,0,0,0,1,1,1,0.0,0.0,0.0,0.0,1.0,0.0,0.0,179,85,0.47,0.03,0.01,0.0,0.0,0.0,0.0,0.0,guess_passwd,1,0,NORMAL,0,0
0,tcp,telnet,REJ,0,0,0,0,0,0,0,0,0,0,0,0,0,0,0,0,0,0,1,24,0.0,0.12,1.0,0.83,1.0,0.0,0.92,238,14,0.02,0.03,0.0,0.14,0.0,0.0,0.02,0.43,mscan,1,0,NORMAL,0,0
280,tcp,ftp_data,SF,283618,0,0,0,0,0,0,0,0,0,0,0,0,0,0,0,0,0,1,1,0.0,0.0,0.0,0.0,1.0,0.0,0.0,22,9,0.14,0.09,0.14,0.33,0.0,0.0,0.0,0.0,warezmaster,1,0,NORMAL,0,0
0,tcp,ftp_data,SF,12,0,0,0,0,0,0,0,0,0,0,0,0,0,0,0,0,0,1,1,0.0,0.0,0.0,0.0,1.0,0.0,0.0,8,15,0.88,0.25,0.88,0.13,0.0,0.0,0.0,0.0,warezmaster,1,0,NORMAL,0,0
282,tcp,ftp,SF,158,595,0,0,0,2,0,1,0,0,0,0,0,0,0,0,0,1,1,1,0.0,0.0,0.0,0.0,1.0,0.0,0.0,255,16,0.06,0.76,0.0,0.0,0.0,0.06,0.73,0.0,warezmaster,1,0,NORMAL,0,0
0,tcp,telnet,S3,0,44,0,0,0,0,0,0,0,0,0,0,0,0,0,0,0,0,1,1,1.0,1.0,0.0,0.0,1.0,0.0,0.0,255,60,0.24,0.68,0.0,0.0,0.14,0.58,0.67,0.0,processtable,1,0,NORMAL,0,0
0,tcp,pop_3,RSTO,0,36,0,0,0,0,0,1,0,0,0,0,0,0,0,0,0,0,1,1,0.0,0.0,1.0,1.0,1.0,0.0,0.0,181,59,0.24,0.03,0.01,0.03,0.0,0.0,0.88,1.0,mscan,1,0,NORMAL,0,0
5,tcp,pop_3,SF,32,93,0,0,0,0,0,1,0,0,0,0,0,0,0,0,0,0,1,1,0.0,0.0,0.0,0.0,1.0,0.0,0.0,5,8,1.0,0.0,0.2,0.38,0.0,0.0,0.0,0.0,guess_passwd,1,0,NORMAL,0,0
283,tcp,ftp,SF,162,597,0,0,0,2,0,1,0,0,0,0,0,0,0,0,0,1,1,1,0.0,0.0,0.0,0.0,1.0,0.0,0.0,255,30,0.12,0.03,0.0,0.0,0.4,0.0,0.02,0.0,warezmaster,1,0,NORMAL,0,0
3,tcp,pop_3,SF,32,93,0,0,0,0,0,1,0,0,0,0,0,0,0,0,0,0,1,1,0.0,0.0,0.0,0.0,1.0,0.0,0.0,255,171,0.67,0.02,0.0,0.0,0.0,0.0,0.11,0.0,guess_passwd,1,0,NORMAL,0,0
0,tcp,telnet,SF,122,174,0,0,0,0,1,0,0,0,0,0,0,0,0,0,0,0,1,1,0.0,0.0,0.0,0.0,1.0,0.0,0.0,255,182,0.71,0.02,0.0,0.0,0.0,0.0,0.02,0.03,guess_passwd,1,0,NORMAL,0,0
0,tcp,http,S0,0,0,0,0,0,0,0,0,0,0,0,0,0,0,0,0,0,0,16,16,1.0,1.0,0.0,0.0,1.0,0.0,0.0,255,245,0.96,0.01,0.0,0.0,0.21,0.22,0.56,0.59,apache2,1,0,NORMAL,0,0
2,tcp,telnet,SF,24,715,0,0,0,0,0,0,0,0,0,0,0,0,0,0,0,0,4,7,0.0,0.14,0.75,0.29,0.5,0.75,0.71,255,53,0.21,0.03,0.0,0.0,0.0,0.0,0.35,0.51,mscan,1,0,NORMAL,0,0
7587,tcp,telnet,SF,0,44,0,0,0,0,0,0,0,0,0,0,0,0,0,0,0,0,1,1,0.0,0.0,0.0,0.0,1.0,0.0,0.0,255,161,0.63,0.35,0.0,0.0,0.49,0.78,0.34,0.01,processtable,1,0,NORMAL,0,0
7,tcp,pop_3,SF,30,93,0,0,0,0,0,1,0,0,0,0,0,0,0,0,0,0,2,1,0.0,0.0,0.0,0.0,0.5,1.0,0.0,255,249,0.98,0.01,0.0,0.0,0.0,0.0,0.02,0.0,guess_passwd,1,0,NORMAL,0,0
6,tcp,pop_3,SF,30,93,0,0,0,0,0,1,0,0,0,0,0,0,0,0,0,0,1,1,0.0,0.0,0.0,0.0,1.0,0.0,0.0,255,251,0.98,0.01,0.0,0.0,0.0,0.0,0.0,0.0,guess_passwd,1,0,NORMAL,0,0
0,udp,private,SF,49,0,0,0,0,0,0,0,0,0,0,0,0,0,0,0,0,0,1,1,0.0,0.0,0.0,0.0,1.0,0.0,0.0,255,255,1.0,0.0,0.01,0.0,0.0,0.0,0.0,0.0,snmpguess,1,0,NORMAL,0,0
0,tcp,telnet,SF,123,174,0,0,0,0,1,0,0,0,0,0,0,0,0,0,0,0,2,2,0.0,0.0,0.0,0.0,1.0,0.0,0.0,255,255,1.0,0.0,0.0,0.0,0.01,0.01,0.02,0.02,guess_passwd,1,0,NORMAL,0,0
4,tcp,pop_3,SF,32,93,0,0,0,0,0,1,0,0,0,0,0,0,0,0,0,0,1,1,0.0,0.0,0.0,0.0,1.0,0.0,0.0,255,151,0.59,0.02,0.0,0.0,0.0,0.0,0.14,0.0,guess_passwd,1,0,NORMAL,0,0
0,tcp,telnet,S3,0,44,0,0,0,0,0,0,0,0,0,0,0,0,0,0,0,0,1,1,1.0,1.0,0.0,0.0,1.0,0.0,0.0,255,132,0.52,0.02,0.0,0.0,0.53,0.44,0.01,0.01,processtable,1,0,NORMAL,0,0
7971,tcp,telnet,SF,0,44,0,0,0,0,0,0,0,0,0,0,0,0,0,0,0,0,1,2,0.0,0.0,0.0,0.0,1.0,0.0,1.0,255,107,0.42,0.02,0.0,0.0,0.55,0.36,0.01,0.01,processtable,1,0,NORMAL,0,0
0,tcp,pop_3,SF,30,217,0,0,0,0,0,1,0,0,0,0,0,0,0,0,0,0,1,1,0.0,0.0,0.0,0.0,1.0,0.0,0.0,255,2,0.01,0.02,0.0,0.0,0.0,0.0,0.0,0.0,guess_passwd,1,0,NORMAL,0,0
0,udp,private,SF,105,0,0,0,0,0,0,0,0,0,0,0,0,0,0,0,0,0,1,1,0.0,0.0,0.0,0.0,1.0,0.0,0.0,255,251,0.98,0.01,0.01,0.0,0.0,0.0,0.0,0.0,snmpgetattack,1,0,NORMAL,0,0
7646,tcp,telnet,SF,0,44,0,0,0,0,0,0,0,0,0,0,0,0,0,0,0,0,1,1,0.0,0.0,0.0,0.0,1.0,0.0,0.0,255,164,0.64,0.03,0.0,0.0,0.33,0.51,0.11,0.08,processtable,1,0,NORMAL,0,0
1,tcp,smtp,SF,2599,293,0,0,0,0,0,1,0,0,0,0,0,0,0,0,0,0,2,3,0.0,0.0,0.0,0.0,1.0,0.0,0.67,255,247,0.97,0.04,0.0,0.0,0.0,0.0,0.03,0.0,mailbomb,1,0,NORMAL,0,0
0,tcp,other,RSTR,0,0,0,0,0,0,0,0,0,0,0,0,0,0,0,0,0,0,1,1,0.0,0.0,1.0,1.0,1.0,0.0,0.0,255,1,0.0,0.24,0.23,0.0,0.0,0.0,0.23,1.0,normal,0,1,ATTACK,1,0
0,udp,other,SF,23,0,0,0,0,0,0,0,0,0,0,0,0,0,0,0,0,0,1,1,0.0,0.0,0.0,0.0,1.0,0.0,0.0,255,1,0.0,0.03,0.0,0.0,0.0,0.0,0.0,0.0,multihop,1,0,NORMAL,0,0
1,tcp,smtp,SF,2599,293,0,0,0,0,0,1,0,0,0,0,0,0,0,0,0,0,3,3,0.0,0.0,0.0,0.0,1.0,0.0,0.0,255,188,0.74,0.13,0.0,0.0,0.0,0.0,0.25,0.0,mailbomb,1,0,NORMAL,0,0
0,udp,private,SF,28,0,0,3,0,0,0,0,0,0,0,0,0,0,0,0,0,0,80,80,0.0,0.0,0.0,0.0,1.0,0.0,0.0,255,80,0.31,0.02,0.31,0.0,0.0,0.0,0.0,0.0,normal,0,1,ATTACK,1,0
0,icmp,eco_i,SF,40008,0,0,0,0,0,0,0,0,0,0,0,0,0,0,0,0,0,3,3,0.0,0.0,0.0,0.0,1.0,0.0,0.0,142,145,0.23,0.04,0.23,0.4,0.0,0.0,0.02,0.0,normal,0,1,ATTACK,1,0
4,tcp,pop_3,SF,28,93,0,0,0,0,0,1,0,0,0,0,0,0,0,0,0,0,1,1,0.0,0.0,0.0,0.0,1.0,0.0,0.0,255,224,0.88,0.04,0.0,0.0,0.0,0.0,0.0,0.0,guess_passwd,1,0,NORMAL,0,0
0,udp,private,SF,105,147,0,0,0,0,0,0,0,0,0,0,0,0,0,0,0,0,1,1,0.0,0.0,0.0,0.0,1.0,0.0,0.0,255,248,0.97,0.01,0.01,0.0,0.0,0.0,0.0,0.0,snmpgetattack,1,0,NORMAL,0,0
0,tcp,telnet,SF,119,188,0,0,0,0,1,0,0,0,0,0,0,0,0,0,0,0,2,2,0.0,0.0,0.0,0.0,1.0,0.0,0.0,255,33,0.13,0.02,0.0,0.0,0.0,0.0,0.0,0.03,guess_passwd,1,0,NORMAL,0,0
0,udp,private,SF,1,0,0,0,0,0,0,0,0,0,0,0,0,0,0,0,0,0,32,11,0.0,0.0,0.0,0.0,0.34,0.09,0.0,255,11,0.04,0.58,0.99,0.0,0.0,0.0,0.01,0.0,normal,0,1,ATTACK,1,0
7590,tcp,telnet,SF,0,44,0,0,0,0,0,0,0,0,0,0,0,0,0,0,0,0,1,1,0.0,0.0,0.0,0.0,1.0,0.0,0.0,255,176,0.69,0.02,0.0,0.0,0.45,0.43,0.01,0.01,processtable,1,0,NORMAL,0,0
7,tcp,pop_3,SF,30,93,0,0,0,0,0,1,0,0,0,0,0,0,0,0,0,0,1,1,0.0,0.0,0.0,0.0,1.0,0.0,0.0,255,246,0.96,0.01,0.0,0.0,0.0,0.0,0.0,0.0,guess_passwd,1,0,NORMAL,0,0
3,tcp,private,RSTR,0,0,0,0,0,0,0,0,0,0,0,0,0,0,0,0,0,0,143,2,0.0,0.0,1.0,1.0,0.01,0.55,0.0,150,2,0.01,0.52,0.95,0.0,0.0,0.0,0.95,1.0,normal,0,1,ATTACK,1,1
7290,tcp,telnet,SF,0,44,0,0,0,0,0,0,0,0,0,0,0,0,0,0,0,0,1,1,0.0,0.0,0.0,0.0,1.0,0.0,0.0,255,229,0.9,0.11,0.0,0.0,0.5,0.55,0.11,0.01,processtable,1,0,NORMAL,0,0
2,tcp,telnet,SF,24,109,0,0,0,0,0,0,0,0,0,0,0,0,0,0,0,0,3,6,0.0,0.0,0.67,0.5,0.67,0.67,0.5,45,85,0.33,0.11,0.02,0.02,0.0,0.0,0.87,0.69,mscan,1,0,NORMAL,0,0
8027,tcp,telnet,SF,0,44,0,0,0,0,0,0,0,0,0,0,0,0,0,0,0,0,1,1,0.0,0.0,0.0,0.0,1.0,0.0,0.0,255,98,0.38,0.02,0.0,0.0,0.61,0.44,0.01,0.01,processtable,1,0,NORMAL,0,0
0,udp,other,SF,1,1,0,0,0,0,0,0,0,0,0,0,0,0,0,0,0,0,29,2,0.0,0.0,0.0,0.0,0.07,0.34,0.0,255,2,0.01,0.45,0.93,0.0,0.0,0.0,0.07,0.0,normal,0,1,ATTACK,1,0
7566,tcp,telnet,SF,0,44,0,0,0,0,0,0,0,0,0,0,0,0,0,0,0,0,1,1,0.0,0.0,0.0,0.0,1.0,0.0,0.0,255,166,0.65,0.33,0.0,0.0,0.49,0.76,0.32,0.01,processtable,1,0,NORMAL,0,0
0,tcp,telnet,SF,123,174,0,0,0,0,1,0,0,0,0,0,0,0,0,0,0,0,2,2,0.0,0.0,0.0,0.0,1.0,0.0,0.0,255,49,0.19,0.02,0.0,0.0,0.0,0.0,0.01,0.04,guess_passwd,1,0,NORMAL,0,0
0,udp,private,SF,105,147,0,0,0,0,0,0,0,0,0,0,0,0,0,0,0,0,1,1,0.0,0.0,0.0,0.0,1.0,0.0,0.0,237,235,0.99,0.01,0.0,0.0,0.0,0.0,0.0,0.0,snmpgetattack,1,0,NORMAL,0,0
0,udp,private,SF,47,0,0,0,0,0,0,0,0,0,0,0,0,0,0,0,0,0,1,1,0.0,0.0,0.0,0.0,1.0,0.0,0.0,255,255,1.0,0.0,0.01,0.0,0.0,0.0,0.0,0.0,snmpguess,1,0,NORMAL,0,0
5,tcp,pop_3,SF,26,93,0,0,0,0,0,1,0,0,0,0,0,0,0,0,0,0,1,1,0.0,0.0,0.0,0.0,1.0,0.0,0.0,148,131,0.88,0.02,0.01,0.02,0.0,0.0,0.07,0.0,guess_passwd,1,0,NORMAL,0,0
1,tcp,smtp,SF,2599,293,0,0,0,0,0,1,0,0,0,0,0,0,0,0,0,0,3,2,0.0,0.0,0.33,0.0,0.67,0.67,0.0,255,26,0.1,0.16,0.0,0.0,0.0,0.0,0.88,0.0,mailbomb,1,0,NORMAL,0,0
0,tcp,http,S0,0,0,0,0,0,0,0,0,0,0,0,0,0,0,0,0,0,0,11,11,1.0,1.0,0.0,0.0,1.0,0.0,0.0,255,244,0.96,0.01,0.0,0.0,0.09,0.1,0.56,0.59,apache2,1,0,NORMAL,0,0
288,tcp,ftp,SF,160,597,0,0,0,2,0,1,0,0,0,0,0,0,0,0,0,1,1,1,0.0,0.0,0.0,0.0,1.0,0.0,0.0,101,6,0.06,0.62,0.01,0.0,0.0,0.0,0.62,0.17,warezmaster,1,0,NORMAL,0,0
4,tcp,pop_3,SF,32,93,0,0,0,0,0,1,0,0,0,0,0,0,0,0,0,0,1,1,0.0,0.0,0.0,0.0,1.0,0.0,0.0,255,137,0.54,0.02,0.0,0.0,0.0,0.0,0.17,0.0,guess_passwd,1,0,NORMAL,0,0
0,udp,private,SF,1,0,0,0,0,0,0,0,0,0,0,0,0,0,0,0,0,0,143,9,0.0,0.0,0.0,0.0,0.06,0.7,0.0,255,9,0.04,0.86,1.0,0.0,0.0,0.0,0.0,0.0,normal,0,1,ATTACK,1,0
0,udp,private,SF,105,147,0,0,0,0,0,0,0,0,0,0,0,0,0,0,0,0,1,1,0.0,0.0,0.0,0.0,1.0,0.0,0.0,43,42,0.98,0.05,0.02,0.0,0.0,0.0,0.0,0.0,snmpgetattack,1,0,NORMAL,0,0
0,tcp,ftp_data,SF,12,0,0,0,0,0,0,0,0,0,0,0,0,0,0,0,0,0,1,1,0.0,0.0,0.0,0.0,1.0,0.0,0.0,7,25,1.0,0.0,1.0,0.12,0.0,0.0,0.0,0.0,warezmaster,1,0,NORMAL,0,0
0,tcp,telnet,SF,121,174,0,0,0,0,1,0,0,0,0,0,0,0,0,0,0,0,1,1,0.0,0.0,0.0,0.0,1.0,0.0,0.0,255,112,0.44,0.02,0.0,0.0,0.0,0.0,0.01,0.03,guess_passwd,1,0,NORMAL,0,0
0,tcp,ftp,SF,26,157,0,0,0,0,1,0,0,0,0,0,0,0,0,0,0,1,1,1,0.0,0.0,0.0,0.0,1.0,0.0,0.0,255,129,0.51,0.03,0.0,0.0,0.0,0.0,0.0,0.0,guess_passwd,1,0,NORMAL,0,0
0,udp,private,SF,46,0,0,0,0,0,0,0,0,0,0,0,0,0,0,0,0,0,6,6,0.0,0.0,0.0,0.0,1.0,0.0,0.0,255,255,1.0,0.0,0.0,0.0,0.0,0.0,0.0,0.0,snmpguess,1,0,NORMAL,0,0
0,udp,private,SF,1,0,0,0,0,0,0,0,0,0,0,0,0,0,0,0,0,0,72,3,0.0,0.0,0.0,0.0,0.04,0.83,0.0,255,3,0.01,0.73,1.0,0.0,0.0,0.0,0.0,0.0,normal,0,1,ATTACK,1,0
1,tcp,smtp,SF,2599,293,0,0,0,0,0,1,0,0,0,0,0,0,0,0,0,0,3,3,0.0,0.0,0.0,0.0,1.0,0.0,0.0,255,204,0.8,0.13,0.0,0.0,0.0,0.0,0.19,0.0,mailbomb,1,0,NORMAL,0,0
0,udp,private,SF,105,146,0,0,0,0,0,0,0,0,0,0,0,0,0,0,0,0,1,1,0.0,0.0,0.0,0.0,1.0,0.0,0.0,169,168,0.99,0.01,0.01,0.0,0.0,0.0,0.0,0.0,snmpgetattack,1,0,NORMAL,0,0
4,tcp,pop_3,SF,32,93,0,0,0,0,0,1,0,0,0,0,0,0,0,0,0,0,1,1,0.0,0.0,0.0,0.0,1.0,0.0,0.0,103,88,0.84,0.03,0.01,0.02,0.0,0.0,0.1,0.0,guess_passwd,1,0,NORMAL,0,0
0,tcp,ftp_data,SF,12,0,0,0,0,0,0,0,0,0,0,0,0,0,0,0,0,0,1,1,0.0,0.0,0.0,0.0,1.0,0.0,0.0,14,21,0.93,0.14,0.93,0.1,0.0,0.0,0.0,0.0,warezmaster,1,0,NORMAL,0,0
0,tcp,telnet,S3,0,44,0,0,0,0,0,0,0,0,0,0,0,0,0,0,0,0,1,1,1.0,1.0,0.0,0.0,1.0,0.0,0.0,255,101,0.4,0.53,0.0,0.0,0.3,0.75,0.51,0.0,processtable,1,0,NORMAL,0,0
0,tcp,telnet,SF,122,174,0,0,0,0,1,0,0,0,0,0,0,0,0,0,0,0,1,1,0.0,0.0,0.0,0.0,1.0,0.0,0.0,255,25,0.1,0.02,0.0,0.0,0.0,0.0,0.0,0.04,guess_passwd,1,0,NORMAL,0,0
7400,tcp,telnet,SF,0,44,0,0,0,0,0,0,0,0,0,0,0,0,0,0,0,0,1,1,0.0,0.0,0.0,0.0,1.0,0.0,0.0,255,224,0.88,0.02,0.0,0.0,0.33,0.38,0.12,0.06,processtable,1,0,NORMAL,0,0
0,tcp,telnet,SF,120,174,0,0,0,0,1,0,0,0,0,0,0,0,0,0,0,0,1,1,0.0,0.0,0.0,0.0,1.0,0.0,0.0,255,115,0.45,0.02,0.0,0.0,0.0,0.0,0.01,0.03,guess_passwd,1,0,NORMAL,0,0
0,tcp,telnet,SF,124,174,0,0,0,0,1,0,0,0,0,0,0,0,0,0,0,0,1,1,0.0,0.0,0.0,0.0,1.0,0.0,0.0,255,2,0.01,0.02,0.0,0.0,0.0,0.0,0.0,0.0,guess_passwd,1,0,NORMAL,0,0
4,tcp,pop_3,SF,28,93,0,0,0,0,0,1,0,0,0,0,0,0,0,0,0,0,1,1,0.0,0.0,0.0,0.0,1.0,0.0,0.0,211,192,0.91,0.01,0.0,0.0,0.0,0.0,0.05,0.0,guess_passwd,1,0,NORMAL,0,0
0,udp,private,SF,1,0,0,0,0,0,0,0,0,0,0,0,0,0,0,0,0,0,51,6,0.0,0.0,0.0,0.0,0.12,0.63,0.0,255,9,0.04,0.91,0.27,0.0,0.11,0.0,0.61,0.0,normal,0,1,ATTACK,1,0
0,tcp,sunrpc,REJ,0,0,0,0,0,0,0,0,0,0,0,0,0,0,0,0,0,0,1,5,0.0,0.0,1.0,1.0,1.0,0.0,1.0,199,53,0.2,0.03,0.01,0.04,0.0,0.0,0.88,1.0,mscan,1,0,NORMAL,0,0
5,tcp,imap4,SF,0,0,0,0,0,0,0,0,0,0,0,0,0,0,0,0,0,0,2,1,0.0,0.0,0.5,0.0,0.5,1.0,0.0,187,51,0.2,0.03,0.01,0.04,0.0,0.0,0.17,0.27,mscan,1,0,NORMAL,0,0
4,tcp,pop_3,SF,30,93,0,0,0,0,0,1,0,0,0,0,0,0,0,0,0,0,1,1,0.0,0.0,0.0,0.0,1.0,0.0,0.0,255,231,0.91,0.04,0.0,0.0,0.0,0.0,0.0,0.0,guess_passwd,1,0,NORMAL,0,0
0,tcp,ftp,SF,26,157,0,0,0,0,1,0,0,0,0,0,0,0,0,0,0,1,1,1,0.0,0.0,0.0,0.0,1.0,0.0,0.0,131,61,0.47,0.03,0.01,0.0,0.0,0.0,0.0,0.0,guess_passwd,1,0,NORMAL,0,0
4,tcp,pop_3,SF,32,93,0,0,0,0,0,1,0,0,0,0,0,0,0,0,0,0,2,1,0.0,0.0,0.0,0.0,0.5,1.0,0.0,255,136,0.53,0.02,0.0,0.0,0.0,0.0,0.17,0.02,guess_passwd,1,0,NORMAL,0,0
0,udp,private,SF,1,0,0,0,0,0,0,0,0,0,0,0,0,0,0,0,0,0,65,2,0.0,0.0,0.0,0.0,0.03,0.94,0.0,255,2,0.01,0.7,0.97,0.0,0.0,0.0,0.03,0.0,normal,0,1,ATTACK,1,0
7256,tcp,telnet,SF,0,44,0,0,0,0,0,0,0,0,0,0,0,0,0,0,0,0,1,1,0.0,0.0,0.0,0.0,1.0,0.0,0.0,255,248,0.97,0.02,0.0,0.0,0.33,0.34,0.04,0.02,processtable,1,0,NORMAL,0,0
0,udp,private,SF,46,46,0,0,0,0,0,0,0,0,0,0,0,0,0,0,0,0,2,2,0.0,0.0,0.0,0.0,1.0,0.0,0.0,255,254,1.0,0.01,0.01,0.0,0.0,0.0,0.0,0.0,snmpguess,1,0,NORMAL,0,0
4,tcp,pop_3,SF,26,93,0,0,0,0,0,1,0,0,0,0,0,0,0,0,0,0,1,1,0.0,0.0,0.0,0.0,1.0,0.0,0.0,255,227,0.89,0.02,0.0,0.0,0.0,0.0,0.07,0.0,guess_passwd,1,0,NORMAL,0,0
0,udp,private,SF,1,0,0,0,0,0,0,0,0,0,0,0,0,0,0,0,0,0,473,20,0.0,0.0,0.0,0.0,0.04,0.96,0.0,255,20,0.08,0.93,0.99,0.0,0.0,0.0,0.0,0.0,normal,0,1,ATTACK,1,0
0,udp,private,SF,105,146,0,0,0,0,0,0,0,0,0,0,0,0,0,0,0,0,1,1,0.0,0.0,0.0,0.0,1.0,0.0,0.0,255,251,0.98,0.01,0.01,0.0,0.0,0.0,0.0,0.0,snmpgetattack,1,0,NORMAL,0,0
0,tcp,ftp_data,SF,139508,0,0,0,0,0,0,0,0,0,0,0,0,0,0,0,0,0,1,1,0.0,0.0,0.0,0.0,1.0,0.0,0.0,3,1,0.33,0.67,0.33,0.0,0.0,0.0,0.67,0.0,named,1,0,NORMAL,0,0
1,tcp,smtp,SF,2599,293,0,0,0,0,0,1,0,0,0,0,0,0,0,0,0,0,3,3,0.0,0.0,0.0,0.0,1.0,0.0,0.0,255,219,0.86,0.13,0.0,0.0,0.0,0.0,0.13,0.0,mailbomb,1,0,NORMAL,0,0
0,tcp,telnet,SF,125,174,0,0,0,0,1,0,0,0,0,0,0,0,0,0,0,0,1,1,0.0,0.0,0.0,0.0,1.0,0.0,0.0,255,12,0.05,0.02,0.0,0.0,0.0,0.0,0.0,0.08,guess_passwd,1,0,NORMAL,0,0
0,tcp,telnet,REJ,0,0,0,0,0,0,0,0,0,0,0,0,0,0,0,0,0,0,1,4,0.0,0.0,1.0,0.75,1.0,0.0,0.75,172,85,0.33,0.03,0.01,0.02,0.0,0.0,0.88,0.66,mscan,1,0,NORMAL,0,0
0,tcp,telnet,RSTO,0,15,0,0,0,0,0,0,0,0,0,0,0,0,0,0,0,0,1,5,0.0,0.0,1.0,0.4,1.0,0.0,0.6,210,85,0.33,0.02,0.0,0.02,0.0,0.01,0.89,0.71,mscan,1,0,NORMAL,0,0
282,tcp,ftp,SF,161,597,0,0,0,2,0,1,0,0,0,0,0,0,0,0,0,1,1,1,0.0,0.0,0.0,0.0,1.0,0.0,0.0,255,97,0.38,0.03,0.0,0.0,0.0,0.0,0.0,0.0,warezmaster,1,0,NORMAL,0,0
7446,tcp,telnet,SF,0,44,0,0,0,0,0,0,0,0,0,0,0,0,0,0,0,0,1,1,0.0,0.0,0.0,0.0,1.0,0.0,0.0,255,203,0.8,0.02,0.0,0.0,0.31,0.34,0.01,0.01,processtable,1,0,NORMAL,0,0
280,tcp,ftp_data,SF,283618,0,0,0,0,0,0,0,0,0,0,0,0,0,0,0,0,0,2,2,0.0,0.0,0.0,0.0,1.0,0.0,0.0,37,76,0.22,0.16,0.22,0.03,0.0,0.0,0.0,0.0,warezmaster,1,0,NORMAL,0,0
0,tcp,http,S0,0,0,0,0,0,0,0,0,0,0,0,0,0,0,0,0,0,0,42,42,0.64,0.64,0.33,0.33,1.0,0.0,0.0,255,255,1.0,0.0,0.0,0.0,0.14,0.14,0.7,0.7,apache2,1,0,NORMAL,0,0
4,tcp,pop_3,SF,32,93,0,0,0,0,0,1,0,0,0,0,0,0,0,0,0,0,1,1,0.0,0.0,0.0,0.0,1.0,0.0,0.0,214,195,0.91,0.01,0.0,0.0,0.0,0.0,0.05,0.0,guess_passwd,1,0,NORMAL,0,0
7606,tcp,telnet,SF,0,44,0,0,0,0,0,0,0,0,0,0,0,0,0,0,0,0,1,1,0.0,0.0,0.0,0.0,1.0,0.0,0.0,255,174,0.68,0.02,0.0,0.0,0.46,0.44,0.01,0.01,processtable,1,0,NORMAL,0,0
7253,tcp,telnet,SF,0,44,0,0,0,0,0,0,0,0,0,0,0,0,0,0,0,0,1,1,0.0,0.0,0.0,0.0,1.0,0.0,0.0,255,246,0.96,0.02,0.0,0.0,0.27,0.28,0.01,0.0,processtable,1,0,NORMAL,0,0
0,tcp,telnet,S3,0,44,0,0,0,0,0,0,0,0,0,0,0,0,0,0,0,0,1,1,1.0,1.0,0.0,0.0,1.0,0.0,0.0,255,76,0.3,0.62,0.0,0.0,0.2,0.67,0.61,0.0,processtable,1,0,NORMAL,0,0
0,icmp,eco_i,SF,40008,0,0,0,0,0,0,0,0,0,0,0,0,0,0,0,0,0,3,3,0.0,0.0,0.0,0.0,1.0,0.0,0.0,117,145,0.06,0.04,0.06,0.48,0.0,0.0,0.03,0.0,normal,0,1,ATTACK,1,0
8048,tcp,telnet,SF,0,44,0,0,0,0,0,0,0,0,0,0,0,0,0,0,0,0,1,1,0.0,0.0,0.0,0.0,1.0,0.0,0.0,255,76,0.3,0.03,0.0,0.0,0.01,0.03,0.11,0.17,processtable,1,0,NORMAL,0,0
0,tcp,sunrpc,REJ,0,0,0,0,0,0,0,0,0,0,0,0,0,0,0,0,0,0,1,4,0.0,0.0,1.0,1.0,1.0,0.0,1.0,81,11,0.14,0.06,0.01,0.0,0.01,0.0,0.85,1.0,mscan,1,0,NORMAL,0,0
0,udp,private,SF,105,146,0,0,0,0,0,0,0,0,0,0,0,0,0,0,0,0,1,1,0.0,0.0,0.0,0.0,1.0,0.0,0.0,255,252,0.99,0.01,0.01,0.0,0.0,0.0,0.0,0.0,snmpgetattack,1,0,NORMAL,0,0
0,tcp,telnet,S3,0,44,0,0,0,0,0,0,0,0,0,0,0,0,0,0,0,0,1,1,1.0,1.0,0.0,0.0,1.0,0.0,0.0,255,131,0.51,0.44,0.0,0.0,0.4,0.79,0.43,0.02,processtable,1,0,NORMAL,0,0
0,tcp,ftp_data,SF,12,0,0,0,0,0,0,0,0,0,0,0,0,0,0,0,0,0,2,2,0.0,0.0,0.0,0.0,1.0,0.0,0.0,7,6,0.86,0.29,0.86,0.0,0.0,0.0,0.0,0.0,warezmaster,1,0,NORMAL,0,0
282,tcp,ftp,SF,164,599,0,0,0,2,0,1,0,0,0,0,0,0,0,0,0,1,1,1,0.0,0.0,0.0,0.0,1.0,0.0,0.0,255,31,0.12,0.03,0.0,0.0,0.4,0.0,0.02,0.0,warezmaster,1,0,NORMAL,0,0
0,tcp,telnet,S3,0,44,0,0,0,0,0,0,0,0,0,0,0,0,0,0,0,0,1,1,1.0,1.0,0.0,0.0,1.0,0.0,0.0,255,107,0.42,0.03,0.0,0.0,0.12,0.29,0.11,0.12,processtable,1,0,NORMAL,0,0
0,tcp,telnet,SF,123,174,0,0,0,0,1,0,0,0,0,0,0,0,0,0,0,0,2,2,0.0,0.0,0.0,0.0,1.0,0.0,0.0,255,254,1.0,0.01,0.0,0.0,0.01,0.01,0.01,0.01,guess_passwd,1,0,NORMAL,0,0
1,tcp,smtp,SF,2599,293,0,0,0,0,0,1,0,0,0,0,0,0,0,0,0,0,2,2,0.0,0.0,0.0,0.0,1.0,0.0,0.0,255,144,0.56,0.13,0.0,0.0,0.0,0.0,0.42,0.0,mailbomb,1,0,NORMAL,0,0
282,tcp,ftp,SF,162,599,0,0,0,2,0,1,0,0,0,0,0,0,0,0,0,1,1,1,0.0,0.0,0.0,0.0,1.0,0.0,0.0,255,57,0.22,0.03,0.0,0.0,0.13,0.0,0.02,0.0,warezmaster,1,0,NORMAL,0,0
8108,tcp,telnet,SF,0,15,0,0,0,0,0,0,0,0,0,0,0,0,0,0,0,0,1,1,0.0,0.0,0.0,0.0,1.0,0.0,0.0,255,64,0.25,0.04,0.0,0.0,0.0,0.02,0.11,0.2,processtable,1,0,NORMAL,0,0
13,tcp,pop_3,SF,30,93,0,0,0,0,0,1,0,0,0,0,0,0,0,0,0,0,1,1,0.0,0.0,0.0,0.0,1.0,0.0,0.0,255,252,0.99,0.01,0.0,0.0,0.0,0.0,0.0,0.0,guess_passwd,1,0,NORMAL,0,0
280,tcp,ftp_data,SF,283618,0,0,0,0,2,0,0,0,0,0,0,0,0,0,0,0,0,2,2,0.0,0.0,0.0,0.0,1.0,0.0,0.0,9,10,0.89,0.22,0.89,0.2,0.0,0.0,0.0,0.0,warezmaster,1,0,NORMAL,0,0
7517,tcp,telnet,SF,0,44,0,0,0,0,0,0,0,0,0,0,0,0,0,0,0,0,1,1,0.0,0.0,0.0,0.0,1.0,0.0,0.0,255,197,0.77,0.03,0.0,0.0,0.33,0.43,0.12,0.07,processtable,1,0,NORMAL,0,0
8228,tcp,telnet,S3,1,15,0,0,0,0,0,0,0,0,0,0,0,0,0,0,0,0,1,1,1.0,1.0,0.0,0.0,1.0,0.0,0.0,255,62,0.24,0.02,0.0,0.0,0.78,0.84,0.01,0.03,processtable,1,0,NORMAL,0,0
2,tcp,smtp,SF,4485,641,0,0,0,0,0,1,0,0,0,1,0,0,1,0,0,0,1,3,0.0,0.0,0.0,0.0,1.0,0.0,1.0,255,7,0.03,0.02,0.0,0.0,0.01,0.0,0.01,0.0,sendmail,1,0,NORMAL,0,0
282,tcp,ftp,SF,162,599,0,0,0,2,0,1,0,0,0,0,0,0,0,0,0,1,4,1,0.0,0.0,0.0,0.0,0.25,0.5,0.0,255,1,0.0,0.04,0.0,0.0,0.0,0.0,0.04,0.0,warezmaster,1,0,NORMAL,0,0
0,udp,private,SF,105,146,0,0,0,0,0,0,0,0,0,0,0,0,0,0,0,0,1,1,0.0,0.0,0.0,0.0,1.0,0.0,0.0,255,254,1.0,0.01,0.02,0.0,0.0,0.0,0.0,0.0,snmpgetattack,1,0,NORMAL,0,0
0,udp,private,SF,43,0,0,0,0,0,0,0,0,0,0,0,0,0,0,0,0,0,4,4,0.0,0.0,0.0,0.0,1.0,0.0,0.0,255,254,1.0,0.01,0.0,0.0,0.0,0.0,0.0,0.0,snmpguess,1,0,NORMAL,0,0
58,tcp,telnet,SF,2615,4233,0,0,0,5,0,1,2,1,0,0,0,0,0,0,0,0,1,1,0.0,0.0,0.0,0.0,1.0,0.0,0.0,10,2,0.2,0.2,0.1,0.0,0.0,0.0,0.0,0.0,buffer_overflow,1,0,NORMAL,0,0
4,tcp,pop_3,SF,32,93,0,0,0,0,0,1,0,0,0,0,0,0,0,0,0,0,1,1,0.0,0.0,0.0,0.0,1.0,0.0,0.0,248,229,0.92,0.01,0.0,0.0,0.0,0.0,0.04,0.0,guess_passwd,1,0,NORMAL,0,0
0,tcp,ftp,SF,26,157,0,0,0,0,1,0,0,0,0,0,0,0,0,0,0,1,1,1,0.0,0.0,0.0,0.0,1.0,0.0,0.0,74,42,0.57,0.05,0.01,0.0,0.0,0.0,0.0,0.0,guess_passwd,1,0,NORMAL,0,0
1179,udp,other,SF,146,105,0,0,0,0,0,0,0,0,0,0,0,0,0,0,0,0,1,1,0.0,0.0,0.0,0.0,1.0,0.0,0.0,33,14,0.42,0.12,1.0,0.0,0.0,0.0,0.0,0.0,snmpgetattack,1,0,NORMAL,0,0
0,udp,private,SF,45,45,0,0,0,0,0,0,0,0,0,0,0,0,0,0,0,0,2,2,0.0,0.0,0.0,0.0,1.0,0.0,0.0,255,255,1.0,0.0,0.02,0.0,0.0,0.0,0.0,0.0,snmpguess,1,0,NORMAL,0,0
0,udp,private,SF,105,0,0,0,0,0,0,0,0,0,0,0,0,0,0,0,0,0,1,1,0.0,0.0,0.0,0.0,1.0,0.0,0.0,255,254,1.0,0.01,0.0,0.0,0.0,0.0,0.0,0.0,snmpgetattack,1,0,NORMAL,0,0
8228,tcp,telnet,SF,0,15,0,0,0,0,0,0,0,0,0,0,0,0,0,0,0,0,1,1,0.0,0.0,0.0,0.0,1.0,0.0,0.0,255,33,0.13,0.04,0.0,0.0,0.0,0.03,0.08,0.3,processtable,1,0,NORMAL,0,0
0,tcp,telnet,SF,119,174,0,0,0,0,1,0,0,0,0,0,0,0,0,0,0,0,3,3,0.0,0.0,0.0,0.0,1.0,0.0,0.0,255,69,0.27,0.02,0.0,0.0,0.0,0.0,0.01,0.04,guess_passwd,1,0,NORMAL,0,0
1964,tcp,telnet,SF,3760,29364,0,0,0,2,0,1,8,1,0,4,4,0,0,0,0,0,1,1,0.0,0.0,0.0,0.0,1.0,0.0,0.0,255,3,0.01,0.84,0.0,0.0,0.0,0.0,0.83,0.0,buffer_overflow,1,0,NORMAL,0,0
0,tcp,telnet,S3,0,44,0,0,0,0,0,0,0,0,0,0,0,0,0,0,0,0,1,1,1.0,1.0,0.0,0.0,1.0,0.0,0.0,255,111,0.44,0.5,0.0,0.0,0.34,0.77,0.49,0.0,processtable,1,0,NORMAL,0,0
3,tcp,telnet,SF,119,174,0,0,0,0,1,0,0,0,0,0,0,0,0,0,0,0,1,1,0.0,0.0,0.0,0.0,1.0,0.0,0.0,255,17,0.07,0.02,0.0,0.0,0.0,0.0,0.0,0.06,guess_passwd,1,0,NORMAL,0,0
7682,tcp,telnet,SF,0,44,0,0,0,0,0,0,0,0,0,0,0,0,0,0,0,0,1,1,0.0,0.0,0.0,0.0,1.0,0.0,0.0,255,162,0.64,0.02,0.0,0.0,0.53,0.51,0.01,0.01,processtable,1,0,NORMAL,0,0
0,tcp,telnet,REJ,0,0,0,0,0,0,0,0,0,0,0,0,0,0,0,0,0,0,1,13,0.0,0.15,1.0,0.85,1.0,0.0,0.92,249,5,0.02,0.03,0.0,0.0,0.0,0.0,0.03,0.4,mscan,1,0,NORMAL,0,0
0,udp,private,SF,45,0,0,0,0,0,0,0,0,0,0,0,0,0,0,0,0,0,5,5,0.0,0.0,0.0,0.0,1.0,0.0,0.0,255,255,1.0,0.0,0.01,0.0,0.0,0.0,0.0,0.0,snmpguess,1,0,NORMAL,0,0
283,tcp,ftp,SF,162,599,0,0,0,2,0,1,0,0,0,0,0,0,0,0,0,1,1,1,0.0,0.0,0.0,0.0,1.0,0.0,0.0,219,72,0.33,0.03,0.0,0.0,0.0,0.0,0.0,0.0,warezmaster,1,0,NORMAL,0,0
0,tcp,telnet,S3,0,44,0,0,0,0,0,0,0,0,0,0,0,0,0,0,0,0,1,1,1.0,1.0,0.0,0.0,1.0,0.0,0.0,255,129,0.51,0.03,0.0,0.0,0.21,0.41,0.11,0.1,processtable,1,0,NORMAL,0,0
1,tcp,smtp,SF,2599,293,0,0,0,0,0,1,0,0,0,0,0,0,0,0,0,0,2,2,0.0,0.0,0.0,0.0,1.0,0.0,0.0,255,153,0.6,0.13,0.0,0.0,0.0,0.0,0.39,0.0,mailbomb,1,0,NORMAL,0,0
0,tcp,telnet,SF,122,174,0,0,0,0,1,0,0,0,0,0,0,0,0,0,0,0,1,1,0.0,0.0,0.0,0.0,1.0,0.0,0.0,255,255,1.0,0.0,0.0,0.0,0.0,0.0,0.02,0.02,guess_passwd,1,0,NORMAL,0,0
0,tcp,pop_3,SF,30,217,0,0,0,0,0,1,0,0,0,0,0,0,0,0,0,0,1,1,0.0,0.0,0.0,0.0,1.0,0.0,0.0,50,11,0.22,0.1,0.02,0.0,0.0,0.0,0.0,0.0,guess_passwd,1,0,NORMAL,0,0
0,tcp,auth,SF,9,34,0,0,0,0,0,0,0,0,0,0,0,0,0,0,0,0,1,1,0.0,0.0,0.0,0.0,1.0,0.0,0.0,1,1,1.0,0.0,1.0,0.0,0.0,0.0,0.0,0.0,sendmail,1,0,NORMAL,0,0
1,tcp,smtp,SF,2599,293,0,0,0,0,0,1,0,0,0,0,0,0,0,0,0,0,2,2,0.0,0.0,0.0,0.0,1.0,0.0,0.0,255,106,0.42,0.14,0.0,0.0,0.0,0.0,0.57,0.0,mailbomb,1,0,NORMAL,0,0
0,tcp,other,REJ,0,0,0,0,0,0,0,0,0,0,0,0,0,0,0,0,0,0,1,1,0.0,0.0,1.0,1.0,1.0,0.0,0.0,255,18,0.07,0.02,0.0,0.0,0.0,0.0,0.08,0.94,httptunnel,1,0,NORMAL,0,0
282,tcp,ftp,SF,160,599,0,0,0,2,0,1,0,0,0,0,0,0,0,0,0,1,1,1,0.0,0.0,0.0,0.0,1.0,0.0,0.0,255,104,0.41,0.03,0.0,0.0,0.0,0.0,0.0,0.0,warezmaster,1,0,NORMAL,0,0
280,tcp,ftp_data,SF,283618,0,0,0,0,0,0,0,0,0,0,0,0,0,0,0,0,0,2,2,0.0,0.0,0.0,0.0,1.0,0.0,0.0,128,28,0.22,0.06,0.22,0.0,0.0,0.0,0.0,0.0,warezmaster,1,0,NORMAL,0,0
283,tcp,ftp,SF,160,597,0,0,0,2,0,1,0,0,0,0,0,0,0,0,0,1,1,1,0.0,0.0,0.0,0.0,1.0,0.0,0.0,255,59,0.23,0.03,0.0,0.0,0.11,0.0,0.02,0.0,warezmaster,1,0,NORMAL,0,0
1,tcp,smtp,SF,2599,293,0,0,0,0,0,1,0,0,0,0,0,0,0,0,0,0,3,3,0.0,0.0,0.0,0.0,1.0,0.0,0.0,255,15,0.06,0.16,0.0,0.0,0.0,0.0,0.92,0.0,mailbomb,1,0,NORMAL,0,0
0,tcp,http,S0,0,0,0,0,0,0,0,0,0,0,0,0,0,0,0,0,0,0,46,46,0.87,0.87,0.11,0.11,1.0,0.0,0.0,255,255,1.0,0.0,0.0,0.0,0.21,0.21,0.7,0.7,apache2,1,0,NORMAL,0,0
0,udp,private,SF,105,147,0,0,0,0,0,0,0,0,0,0,0,0,0,0,0,0,1,1,0.0,0.0,0.0,0.0,1.0,0.0,0.0,255,252,0.99,0.01,0.01,0.0,0.0,0.0,0.0,0.0,snmpgetattack,1,0,NORMAL,0,0
1,tcp,smtp,SF,2599,293,0,0,0,0,0,1,0,0,0,0,0,0,0,0,0,0,3,3,0.0,0.0,0.0,0.0,1.0,0.0,0.0,255,131,0.51,0.15,0.0,0.0,0.0,0.0,0.47,0.0,mailbomb,1,0,NORMAL,0,0
0,tcp,sunrpc,REJ,0,0,0,0,0,0,0,0,0,0,0,0,0,0,0,0,0,0,1,3,0.0,0.0,1.0,1.0,1.0,0.0,1.0,82,51,0.16,0.06,0.01,0.04,0.0,0.0,0.88,1.0,mscan,1,0,NORMAL,0,0
280,tcp,ftp_data,SF,283618,0,0,0,0,0,0,0,0,0,0,0,0,0,0,0,0,0,1,1,0.0,0.0,0.0,0.0,1.0,0.0,0.0,140,42,0.18,0.04,0.18,0.05,0.0,0.0,0.0,0.0,warezmaster,1,0,NORMAL,0,0
7224,tcp,telnet,SF,0,44,0,0,0,0,0,0,0,0,0,0,0,0,0,0,0,0,1,1,0.0,0.0,0.0,0.0,1.0,0.0,0.0,255,248,0.97,0.02,0.0,0.0,0.33,0.34,0.04,0.02,processtable,1,0,NORMAL,0,0
5,tcp,imap4,SF,0,0,0,0,0,0,0,0,0,0,0,0,0,0,0,0,0,0,2,2,0.0,0.0,0.5,0.5,0.5,1.0,1.0,41,57,0.2,0.12,0.02,0.04,0.0,0.02,0.17,0.84,mscan,1,0,NORMAL,0,0
8156,tcp,telnet,SF,0,15,0,0,0,0,0,0,0,0,0,0,0,0,0,0,0,0,1,1,0.0,0.0,0.0,0.0,1.0,0.0,0.0,255,74,0.29,0.02,0.0,0.0,0.71,0.65,0.01,0.03,processtable,1,0,NORMAL,0,0
1,tcp,smtp,SF,2599,293,0,0,0,0,0,1,0,0,0,0,0,0,0,0,0,0,2,2,0.0,0.0,0.0,0.0,1.0,0.0,0.0,255,169,0.66,0.13,0.0,0.0,0.0,0.0,0.33,0.0,mailbomb,1,0,NORMAL,0,0
0,tcp,http,S0,0,0,0,0,0,0,0,0,0,0,0,0,0,0,0,0,0,0,45,45,1.0,1.0,0.0,0.0,1.0,0.0,0.0,255,255,1.0,0.0,0.0,0.0,0.25,0.25,0.7,0.7,apache2,1,0,NORMAL,0,0
0,tcp,http,S0,0,0,0,0,0,0,0,0,0,0,0,0,0,0,0,0,0,0,33,33,0.55,0.55,0.42,0.42,1.0,0.0,0.0,255,255,1.0,0.0,0.0,0.0,0.1,0.1,0.7,0.7,apache2,1,0,NORMAL,0,0
7252,tcp,telnet,SF,0,44,0,0,0,0,0,0,0,0,0,0,0,0,0,0,0,0,1,1,0.0,0.0,0.0,0.0,1.0,0.0,0.0,255,248,0.97,0.02,0.0,0.0,0.33,0.34,0.04,0.02,processtable,1,0,NORMAL,0,0
0,udp,private,SF,105,146,0,0,0,0,0,0,0,0,0,0,0,0,0,0,0,0,2,1,0.0,0.0,0.0,0.0,0.5,1.0,0.0,255,254,1.0,0.01,0.01,0.0,0.0,0.0,0.0,0.0,snmpgetattack,1,0,NORMAL,0,0
0,tcp,telnet,S3,0,44,0,0,0,0,0,0,0,0,0,0,0,0,0,0,0,0,1,1,1.0,1.0,0.0,0.0,1.0,0.0,0.0,255,86,0.34,0.03,0.0,0.0,0.03,0.08,0.11,0.15,processtable,1,0,NORMAL,0,0
0,udp,private,SF,1,26,0,0,0,0,0,0,0,0,0,0,0,0,0,0,0,0,15,4,0.0,0.0,0.0,0.0,0.27,0.4,0.0,255,4,0.02,0.69,0.35,0.0,0.03,0.0,0.6,0.0,normal,0,1,ATTACK,1,0
282,tcp,ftp,SF,160,599,0,0,0,2,0,1,0,0,0,0,0,0,0,0,0,1,1,1,0.0,0.0,0.0,0.0,1.0,0.0,0.0,65,33,0.51,0.05,0.02,0.0,0.0,0.0,0.0,0.0,warezmaster,1,0,NORMAL,0,0
6,tcp,pop_3,SF,28,93,0,0,0,0,0,1,0,0,0,0,0,0,0,0,0,0,1,1,0.0,0.0,0.0,0.0,1.0,0.0,0.0,255,252,0.99,0.01,0.0,0.0,0.0,0.0,0.0,0.0,guess_passwd,1,0,NORMAL,0,0
0,udp,private,SF,28,0,0,3,0,0,0,0,0,0,0,0,0,0,0,0,0,0,63,63,0.0,0.0,0.0,0.0,1.0,0.0,0.0,255,63,0.25,0.02,0.25,0.0,0.19,0.0,0.29,0.0,normal,0,1,ATTACK,1,0
0,tcp,other,REJ,0,0,0,0,0,0,0,0,0,0,0,0,0,0,0,0,0,0,1,1,0.0,0.0,1.0,1.0,1.0,0.0,0.0,255,45,0.18,0.02,0.0,0.0,0.0,0.0,0.16,0.82,httptunnel,1,0,NORMAL,0,0
282,tcp,ftp,SF,160,595,0,0,0,2,0,1,0,0,0,0,0,0,0,0,0,1,1,1,0.0,0.0,0.0,0.0,1.0,0.0,0.0,239,82,0.34,0.03,0.0,0.0,0.0,0.0,0.0,0.0,warezmaster,1,0,NORMAL,0,0
1,tcp,smtp,SF,2599,293,0,0,0,0,0,1,0,0,0,0,0,0,0,0,0,0,1,1,0.0,0.0,0.0,0.0,1.0,0.0,0.0,255,247,0.97,0.04,0.0,0.0,0.0,0.0,0.03,0.0,mailbomb,1,0,NORMAL,0,0
0,udp,private,SF,1,1,0,0,0,0,0,0,0,0,0,0,0,0,0,0,0,0,17,3,0.0,0.0,0.0,0.0,0.18,0.29,0.0,255,3,0.01,0.57,0.47,0.0,0.01,0.0,0.49,0.0,normal,0,1,ATTACK,1,0
300,tcp,other,SF,240,620,0,0,0,0,0,0,0,0,0,0,0,0,0,0,0,0,1,1,0.0,0.0,0.0,0.0,1.0,0.0,0.0,114,13,0.11,0.06,0.01,0.0,0.0,0.0,0.07,0.62,httptunnel,1,0,NORMAL,0,0
4,tcp,pop_3,SF,30,93,0,0,0,0,0,1,0,0,0,0,0,0,0,0,0,0,1,1,0.0,0.0,0.0,0.0,1.0,0.0,0.0,255,218,0.85,0.02,0.0,0.0,0.0,0.0,0.03,0.0,guess_passwd,1,0,NORMAL,0,0
4,tcp,pop_3,SF,26,93,0,0,0,0,0,1,0,0,0,0,0,0,0,0,0,0,1,1,0.0,0.0,0.0,0.0,1.0,0.0,0.0,85,75,0.87,0.04,0.01,0.03,0.0,0.0,0.08,0.0,guess_passwd,1,0,NORMAL,0,0
5,tcp,pop_3,SF,32,93,0,0,0,0,0,1,0,0,0,0,0,0,0,0,0,0,1,1,0.0,0.0,0.0,0.0,1.0,0.0,0.0,255,237,0.93,0.02,0.0,0.0,0.0,0.0,0.03,0.0,guess_passwd,1,0,NORMAL,0,0
0,tcp,other,REJ,0,0,0,0,0,0,0,0,0,0,0,0,0,0,0,0,0,0,1,1,0.0,0.0,1.0,1.0,1.0,0.0,0.0,255,15,0.06,0.02,0.0,0.0,0.0,0.0,0.07,1.0,httptunnel,1,0,NORMAL,0,0
0,tcp,other,SF,267,0,0,0,0,0,0,0,0,0,0,0,0,0,0,0,0,0,1,1,0.0,0.0,0.0,0.0,1.0,0.0,0.0,255,11,0.04,0.01,0.0,0.0,0.0,0.0,0.04,0.91,httptunnel,1,0,NORMAL,0,0
7408,tcp,telnet,SF,0,44,0,0,0,0,0,0,0,0,0,0,0,0,0,0,0,0,1,1,0.0,0.0,0.0,0.0,1.0,0.0,0.0,255,222,0.87,0.02,0.0,0.0,0.33,0.38,0.12,0.06,processtable,1,0,NORMAL,0,0
4,tcp,pop_3,SF,28,93,0,0,0,0,0,1,0,0,0,0,0,0,0,0,0,0,1,1,0.0,0.0,0.0,0.0,1.0,0.0,0.0,255,248,0.97,0.02,0.0,0.0,0.0,0.0,0.0,0.0,guess_passwd,1,0,NORMAL,0,0
1,tcp,smtp,SF,2599,293,0,0,0,0,0,1,0,0,0,0,0,0,0,0,0,0,3,3,0.0,0.0,0.0,0.0,1.0,0.0,0.0,255,6,0.02,0.16,0.0,0.0,0.0,0.0,0.96,0.0,mailbomb,1,0,NORMAL,0,0
0,udp,private,SF,45,0,0,0,0,0,0,0,0,0,0,0,0,0,0,0,0,0,4,4,0.0,0.0,0.0,0.0,1.0,0.0,0.0,255,254,1.0,0.01,0.01,0.0,0.0,0.0,0.0,0.0,snmpguess,1,0,NORMAL,0,0
4,tcp,pop_3,SF,28,93,0,0,0,0,0,1,0,0,0,0,0,0,0,0,0,0,1,1,0.0,0.0,0.0,0.0,1.0,0.0,0.0,142,125,0.87,0.02,0.01,0.02,0.0,0.0,0.07,0.0,guess_passwd,1,0,NORMAL,0,0
5,tcp,pop_3,SF,32,93,0,0,0,0,0,1,0,0,0,0,0,0,0,0,0,0,1,1,0.0,0.0,0.0,0.0,1.0,0.0,0.0,15,16,1.0,0.0,0.07,0.12,0.0,0.0,0.0,0.0,guess_passwd,1,0,NORMAL,0,0
282,tcp,ftp,SF,158,597,0,0,0,2,0,1,0,0,0,0,0,0,0,0,0,1,1,1,0.0,0.0,0.0,0.0,1.0,0.0,0.0,255,72,0.28,0.03,0.0,0.0,0.05,0.0,0.02,0.0,warezmaster,1,0,NORMAL,0,0
7534,tcp,telnet,SF,0,44,0,0,0,0,0,0,0,0,0,0,0,0,0,0,0,0,1,1,0.0,0.0,0.0,0.0,1.0,0.0,0.0,255,174,0.68,0.3,0.0,0.0,0.5,0.73,0.29,0.01,processtable,1,0,NORMAL,0,0
0,tcp,ftp_data,SF,12,0,0,0,0,0,0,0,0,0,0,0,0,0,0,0,0,0,1,1,0.0,0.0,0.0,0.0,1.0,0.0,0.0,1,21,1.0,0.0,1.0,0.19,0.0,0.0,0.0,0.0,warezmaster,1,0,NORMAL,0,0
0,tcp,sunrpc,REJ,0,0,0,0,0,0,0,0,0,0,0,0,0,0,0,0,0,0,2,3,0.0,0.0,0.5,1.0,0.5,1.0,1.0,191,48,0.18,0.03,0.01,0.04,0.01,0.0,0.88,1.0,mscan,1,0,NORMAL,0,0
7232,tcp,telnet,SF,0,44,0,0,0,0,0,0,0,0,0,0,0,0,0,0,0,0,1,1,0.0,0.0,0.0,0.0,1.0,0.0,0.0,255,250,0.98,0.02,0.0,0.0,0.27,0.28,0.01,0.0,processtable,1,0,NORMAL,0,0
0,udp,private,SF,105,147,0,0,0,0,0,0,0,0,0,0,0,0,0,0,0,0,1,1,0.0,0.0,0.0,0.0,1.0,0.0,0.0,140,139,0.99,0.01,0.01,0.0,0.0,0.0,0.0,0.0,snmpgetattack,1,0,NORMAL,0,0
0,udp,private,SF,49,0,0,0,0,0,0,0,0,0,0,0,0,0,0,0,0,0,3,3,0.0,0.0,0.0,0.0,1.0,0.0,0.0,255,253,0.99,0.01,0.01,0.0,0.0,0.0,0.0,0.0,snmpguess,1,0,NORMAL,0,0
0,udp,other,SF,1,0,0,0,0,0,0,0,0,0,0,0,0,0,0,0,0,0,68,2,0.0,0.0,0.0,0.0,0.03,0.74,0.0,255,2,0.01,0.74,1.0,0.0,0.0,0.0,0.0,0.0,normal,0,1,ATTACK,1,0
0,tcp,telnet,S3,0,44,0,0,0,0,0,0,0,0,0,0,0,0,0,0,0,0,1,1,1.0,1.0,0.0,0.0,1.0,0.0,0.0,255,167,0.65,0.32,0.0,0.0,0.5,0.76,0.32,0.01,processtable,1,0,NORMAL,0,0
0,udp,private,SF,1,0,0,0,0,0,0,0,0,0,0,0,0,0,0,0,0,0,131,19,0.0,0.0,0.0,0.0,0.15,0.58,0.0,255,20,0.08,0.76,1.0,0.0,0.0,0.0,0.0,0.0,normal,0,1,ATTACK,1,0
0,tcp,http,SF,35,255,0,0,0,0,0,1,0,0,0,0,0,0,0,0,0,0,15,15,0.0,0.0,0.93,0.93,1.0,0.0,0.0,255,255,1.0,0.0,0.0,0.0,0.0,0.0,0.05,0.05,apache2,1,0,NORMAL,0,0
0,tcp,http,S0,0,0,0,0,0,0,0,0,0,0,0,0,0,0,0,0,0,0,32,32,0.53,0.53,0.44,0.44,1.0,0.0,0.0,255,255,1.0,0.0,0.0,0.0,0.1,0.1,0.7,0.7,apache2,1,0,NORMAL,0,0
0,udp,private,SF,42,0,0,0,0,0,0,0,0,0,0,0,0,0,0,0,0,0,4,3,0.0,0.0,0.0,0.0,0.75,0.5,0.0,255,254,1.0,0.01,0.01,0.0,0.0,0.0,0.0,0.0,snmpguess,1,0,NORMAL,0,0
4,tcp,pop_3,SF,32,93,0,0,0,0,0,1,0,0,0,0,0,0,0,0,0,0,1,1,0.0,0.0,0.0,0.0,1.0,0.0,0.0,255,240,0.94,0.02,0.0,0.0,0.0,0.0,0.02,0.0,guess_passwd,1,0,NORMAL,0,0
0,tcp,ftp_data,SF,12,0,0,0,0,0,0,0,0,0,0,0,0,0,0,0,0,0,2,2,0.0,0.0,0.0,0.0,1.0,0.0,0.0,23,10,0.17,0.09,0.17,0.3,0.0,0.0,0.0,0.0,warezmaster,1,0,NORMAL,0,0
4,tcp,pop_3,SF,27,93,0,0,0,0,0,1,0,0,0,0,0,0,0,0,0,0,1,1,0.0,0.0,0.0,0.0,1.0,0.0,0.0,67,65,0.96,0.03,0.01,0.03,0.0,0.0,0.0,0.0,guess_passwd,1,0,NORMAL,0,0
1,tcp,smtp,SF,2599,293,0,0,0,0,0,1,0,0,0,0,0,0,0,0,0,0,2,2,0.0,0.0,0.0,0.0,1.0,0.0,0.0,255,185,0.73,0.13,0.0,0.0,0.0,0.0,0.26,0.0,mailbomb,1,0,NORMAL,0,0
0,udp,private,SF,49,0,0,0,0,0,0,0,0,0,0,0,0,0,0,0,0,0,374,374,0.0,0.0,0.0,0.0,1.0,0.0,0.0,255,255,1.0,0.0,0.01,0.0,0.0,0.0,0.0,0.0,snmpguess,1,0,NORMAL,0,0
0,icmp,eco_i,SF,40008,0,0,0,0,0,0,0,0,0,0,0,0,0,0,0,0,0,3,3,0.0,0.0,0.0,0.0,1.0,0.0,0.0,167,145,0.34,0.03,0.34,0.31,0.0,0.0,0.02,0.0,normal,0,1,ATTACK,1,0
4,tcp,pop_3,SF,30,93,0,0,0,0,0,1,0,0,0,0,0,0,0,0,0,0,1,1,0.0,0.0,0.0,0.0,1.0,0.0,0.0,255,254,1.0,0.01,0.0,0.0,0.0,0.0,0.0,0.0,guess_passwd,1,0,NORMAL,0,0
0,tcp,telnet,S3,0,44,0,0,0,0,0,0,0,0,0,0,0,0,0,0,0,0,1,1,1.0,1.0,0.0,0.0,1.0,0.0,0.0,255,137,0.54,0.02,0.0,0.0,0.53,0.46,0.01,0.01,processtable,1,0,NORMAL,0,0
4,tcp,pop_3,SF,32,93,0,0,0,0,0,1,0,0,0,0,0,0,0,0,0,0,1,1,0.0,0.0,0.0,0.0,1.0,0.0,0.0,255,249,0.98,0.01,0.0,0.0,0.0,0.0,0.0,0.0,guess_passwd,1,0,NORMAL,0,0
0,udp,private,SF,43,0,0,0,0,0,0,0,0,0,0,0,0,0,0,0,0,0,6,6,0.0,0.0,0.0,0.0,1.0,0.0,0.0,255,254,1.0,0.01,0.01,0.0,0.0,0.0,0.0,0.0,snmpguess,1,0,NORMAL,0,0
0,tcp,pop_3,SF,30,217,0,0,0,0,0,1,0,0,0,0,0,0,0,0,0,0,1,1,0.0,0.0,0.0,0.0,1.0,0.0,0.0,171,15,0.09,0.03,0.01,0.0,0.0,0.0,0.0,0.0,guess_passwd,1,0,NORMAL,0,0
0,udp,private,SF,47,0,0,0,0,0,0,0,0,0,0,0,0,0,0,0,0,0,4,4,0.0,0.0,0.0,0.0,1.0,0.0,0.0,255,253,0.99,0.01,0.01,0.0,0.0,0.0,0.0,0.0,snmpguess,1,0,NORMAL,0,0
4,tcp,pop_3,SF,32,93,0,0,0,0,0,1,0,0,0,0,0,0,0,0,0,0,1,1,0.0,0.0,0.0,0.0,1.0,0.0,0.0,255,200,0.78,0.02,0.0,0.0,0.0,0.0,0.07,0.0,guess_passwd,1,0,NORMAL,0,0
8084,tcp,telnet,SF,0,15,0,0,0,0,0,0,0,0,0,0,0,0,0,0,0,0,1,1,0.0,0.0,0.0,0.0,1.0,0.0,0.0,255,68,0.27,0.03,0.0,0.0,0.0,0.01,0.11,0.19,processtable,1,0,NORMAL,0,0
0,udp,private,SF,105,147,0,0,0,0,0,0,0,0,0,0,0,0,0,0,0,0,1,1,0.0,0.0,0.0,0.0,1.0,0.0,0.0,255,247,0.97,0.01,0.01,0.0,0.0,0.0,0.0,0.0,snmpgetattack,1,0,NORMAL,0,0
0,tcp,telnet,S3,0,44,0,0,0,0,0,0,0,0,0,0,0,0,0,0,0,0,1,1,1.0,1.0,0.0,0.0,1.0,0.0,0.0,255,133,0.52,0.02,0.0,0.0,0.53,0.44,0.01,0.01,processtable,1,0,NORMAL,0,0
1,tcp,smtp,SF,2599,293,0,0,0,0,0,1,0,0,0,0,0,0,0,0,0,0,3,2,0.0,0.0,0.33,0.0,0.67,0.67,0.0,255,244,0.96,0.05,0.0,0.0,0.0,0.0,0.04,0.0,mailbomb,1,0,NORMAL,0,0
0,tcp,http,S0,0,0,0,0,0,0,0,0,0,0,0,0,0,0,0,0,0,0,7,7,1.0,1.0,0.0,0.0,1.0,0.0,0.0,255,245,0.96,0.01,0.0,0.0,0.11,0.11,0.56,0.59,apache2,1,0,NORMAL,0,0
0,udp,private,SF,47,0,0,0,0,0,0,0,0,0,0,0,0,0,0,0,0,0,2,2,0.0,0.0,0.0,0.0,1.0,0.0,0.0,255,255,1.0,0.0,0.02,0.0,0.0,0.0,0.0,0.0,snmpguess,1,0,NORMAL,0,0
283,tcp,ftp,SF,158,597,0,0,0,2,0,1,0,0,0,0,0,0,0,0,0,1,1,1,0.0,0.0,0.0,0.0,1.0,0.0,0.0,255,70,0.27,0.03,0.0,0.0,0.06,0.0,0.02,0.0,warezmaster,1,0,NORMAL,0,0
7238,tcp,telnet,SF,0,44,0,0,0,0,0,0,0,0,0,0,0,0,0,0,0,0,1,1,0.0,0.0,0.0,0.0,1.0,0.0,0.0,255,249,0.98,0.02,0.0,0.0,0.27,0.28,0.01,0.0,processtable,1,0,NORMAL,0,0
4,tcp,pop_3,SF,30,93,0,0,0,0,0,1,0,0,0,0,0,0,0,0,0,0,1,1,0.0,0.0,0.0,0.0,1.0,0.0,0.0,255,222,0.87,0.04,0.0,0.0,0.0,0.0,0.0,0.0,guess_passwd,1,0,NORMAL,0,0
284,tcp,ftp,SF,162,599,0,0,0,2,0,1,0,0,0,0,0,0,0,0,0,1,1,1,0.0,0.0,0.0,0.0,1.0,0.0,0.0,255,16,0.06,0.94,0.0,0.0,0.0,0.0,0.94,0.0,warezmaster,1,0,NORMAL,0,0
1,tcp,smtp,SF,2599,293,0,0,0,0,0,1,0,0,0,0,0,0,0,0,0,0,3,3,0.0,0.0,0.0,0.0,1.0,0.0,0.0,255,172,0.67,0.13,0.0,0.0,0.0,0.0,0.31,0.0,mailbomb,1,0,NORMAL,0,0
1,tcp,telnet,SF,24,613,0,0,0,0,0,0,0,0,0,0,0,0,0,0,0,0,4,8,0.0,0.0,0.75,0.5,0.5,0.75,0.5,140,87,0.3,0.04,0.01,0.02,0.01,0.0,0.91,0.66,mscan,1,0,NORMAL,0,0
0,tcp,telnet,S3,0,44,0,0,0,0,0,0,0,0,0,0,0,0,0,0,0,0,1,1,1.0,1.0,0.0,0.0,1.0,0.0,0.0,255,100,0.39,0.03,0.0,0.0,0.09,0.23,0.11,0.13,processtable,1,0,NORMAL,0,0
281,tcp,ftp,SF,158,593,0,0,0,2,0,1,0,0,0,0,0,0,0,0,0,1,1,1,0.0,0.0,0.0,0.0,1.0,0.0,0.0,255,95,0.37,0.03,0.0,0.0,0.0,0.0,0.0,0.0,warezmaster,1,0,NORMAL,0,0
4,tcp,pop_3,SF,32,93,0,0,0,0,0,1,0,0,0,0,0,0,0,0,0,0,1,1,0.0,0.0,0.0,0.0,1.0,0.0,0.0,255,217,0.85,0.02,0.0,0.0,0.0,0.0,0.07,0.0,guess_passwd,1,0,NORMAL,0,0
0,udp,private,SF,105,147,0,0,0,0,0,0,0,0,0,0,0,0,0,0,0,0,2,1,0.0,0.0,0.0,0.0,0.5,1.0,0.0,255,254,1.0,0.01,0.01,0.0,0.0,0.0,0.0,0.0,snmpgetattack,1,0,NORMAL,0,0
0,udp,private,SF,1,0,0,0,0,0,0,0,0,0,0,0,0,0,0,0,0,0,75,3,0.0,0.0,0.0,0.0,0.04,0.83,0.0,255,3,0.01,0.7,0.97,0.0,0.0,0.0,0.03,0.0,normal,0,1,ATTACK,1,0
282,tcp,ftp,SF,162,599,0,0,0,2,0,1,0,0,0,0,0,0,0,0,0,1,1,1,0.0,0.0,0.0,0.0,1.0,0.0,0.0,20,17,0.85,0.1,0.05,0.0,0.0,0.0,0.0,0.0,warezmaster,1,0,NORMAL,0,0
8,tcp,pop_3,SF,30,93,0,0,0,0,0,1,0,0,0,0,0,0,0,0,0,0,1,1,0.0,0.0,0.0,0.0,1.0,0.0,0.0,255,211,0.83,0.02,0.0,0.0,0.0,0.0,0.04,0.0,guess_passwd,1,0,NORMAL,0,0
1,tcp,ftp,SF,26,157,0,0,0,0,1,0,0,0,0,0,0,0,0,0,0,1,1,1,0.0,0.0,0.0,0.0,1.0,0.0,0.0,67,37,0.55,0.06,0.01,0.0,0.0,0.0,0.0,0.0,guess_passwd,1,0,NORMAL,0,0
0,tcp,telnet,REJ,0,0,0,0,0,0,0,0,0,0,0,0,0,0,0,0,0,0,1,4,0.0,0.0,1.0,1.0,1.0,0.0,1.0,151,86,0.34,0.03,0.01,0.02,0.0,0.0,0.88,0.7,mscan,1,0,NORMAL,0,0
1,tcp,smtp,SF,2599,293,0,0,0,0,0,1,0,0,0,0,0,0,0,0,0,0,2,2,0.0,0.0,0.0,0.0,1.0,0.0,0.0,255,69,0.27,0.14,0.0,0.0,0.0,0.0,0.71,0.0,mailbomb,1,0,NORMAL,0,0
4,tcp,pop_3,SF,30,93,0,0,0,0,0,1,0,0,0,0,0,0,0,0,0,0,1,1,0.0,0.0,0.0,0.0,1.0,0.0,0.0,255,232,0.91,0.02,0.0,0.0,0.0,0.0,0.02,0.0,guess_passwd,1,0,NORMAL,0,0
0,tcp,telnet,S3,0,44,0,0,0,0,0,0,0,0,0,0,0,0,0,0,0,0,1,1,1.0,1.0,0.0,0.0,1.0,0.0,0.0,255,150,0.59,0.38,0.0,0.0,0.48,0.81,0.37,0.01,processtable,1,0,NORMAL,0,0
4,tcp,pop_3,SF,32,93,0,0,0,0,0,1,0,0,0,0,0,0,0,0,0,0,1,1,0.0,0.0,0.0,0.0,1.0,0.0,0.0,255,241,0.95,0.02,0.0,0.0,0.0,0.0,0.02,0.0,guess_passwd,1,0,NORMAL,0,0
4,tcp,pop_3,SF,32,93,0,0,0,0,0,1,0,0,0,0,0,0,0,0,0,0,1,1,0.0,0.0,0.0,0.0,1.0,0.0,0.0,255,226,0.89,0.02,0.0,0.0,0.0,0.0,0.08,0.0,guess_passwd,1,0,NORMAL,0,0
283,tcp,ftp,SF,160,597,0,0,0,2,0,1,0,0,0,0,0,0,0,0,0,1,1,1,0.0,0.0,0.0,0.0,1.0,0.0,0.0,21,18,0.86,0.1,0.05,0.0,0.0,0.0,0.0,0.0,warezmaster,1,0,NORMAL,0,0
1,tcp,smtp,SF,2599,293,0,0,0,0,0,1,0,0,0,0,0,0,0,0,0,0,3,3,0.0,0.0,0.0,0.0,1.0,0.0,0.0,255,76,0.3,0.14,0.0,0.0,0.0,0.0,0.69,0.0,mailbomb,1,0,NORMAL,0,0
282,tcp,ftp,SF,161,597,0,0,0,2,0,1,0,0,0,0,0,0,0,0,0,1,1,1,0.0,0.0,0.0,0.0,1.0,0.0,0.0,52,29,0.56,0.06,0.02,0.0,0.0,0.0,0.0,0.0,warezmaster,1,0,NORMAL,0,0
1,tcp,smtp,SF,2599,293,0,0,0,0,0,1,0,0,0,0,0,0,0,0,0,0,3,2,0.0,0.0,0.33,0.0,0.67,0.67,0.0,255,247,0.97,0.04,0.0,0.0,0.0,0.0,0.03,0.0,mailbomb,1,0,NORMAL,0,0
4,tcp,pop_3,SF,30,93,0,0,0,0,0,1,0,0,0,0,0,0,0,0,0,0,1,1,0.0,0.0,0.0,0.0,1.0,0.0,0.0,255,246,0.96,0.01,0.0,0.0,0.0,0.0,0.0,0.0,guess_passwd,1,0,NORMAL,0,0
0,tcp,telnet,S3,0,44,0,0,0,0,0,0,0,0,0,0,0,0,0,0,0,0,1,1,1.0,1.0,0.0,0.0,1.0,0.0,0.0,255,102,0.4,0.03,0.0,0.0,0.1,0.25,0.11,0.13,processtable,1,0,NORMAL,0,0
0,tcp,telnet,S3,0,44,0,0,0,0,0,0,0,0,0,0,0,0,0,0,0,0,1,1,1.0,1.0,0.0,0.0,1.0,0.0,0.0,255,140,0.55,0.02,0.0,0.0,0.53,0.47,0.01,0.01,processtable,1,0,NORMAL,0,0
0,tcp,telnet,RSTO,0,15,0,0,0,0,0,0,0,0,0,0,0,0,0,0,0,0,3,6,0.0,0.33,1.0,0.5,0.67,0.67,0.67,255,144,0.56,0.02,0.0,0.0,0.0,0.0,0.45,0.32,mscan,1,0,NORMAL,0,0
7245,tcp,telnet,SF,0,44,0,0,0,0,0,0,0,0,0,0,0,0,0,0,0,0,1,1,0.0,0.0,0.0,0.0,1.0,0.0,0.0,255,248,0.97,0.02,0.0,0.0,0.27,0.28,0.01,0.0,processtable,1,0,NORMAL,0,0
0,tcp,ftp_data,SF,12,0,0,0,0,0,0,0,0,0,0,0,0,0,0,0,0,0,1,1,0.0,0.0,0.0,0.0,1.0,0.0,0.0,1,1,1.0,0.0,1.0,0.0,0.0,0.0,0.0,0.0,warezmaster,1,0,NORMAL,0,0
4,tcp,pop_3,SF,28,93,0,0,0,0,0,1,0,0,0,0,0,0,0,0,0,0,1,1,0.0,0.0,0.0,0.0,1.0,0.0,0.0,255,162,0.64,0.02,0.0,0.0,0.0,0.0,0.13,0.0,guess_passwd,1,0,NORMAL,0,0
0,tcp,telnet,SF,122,174,0,0,0,0,1,0,0,0,0,0,0,0,0,0,0,0,1,1,0.0,0.0,0.0,0.0,1.0,0.0,0.0,255,118,0.46,0.02,0.0,0.0,0.0,0.0,0.01,0.03,guess_passwd,1,0,NORMAL,0,0
4,tcp,pop_3,SF,28,93,0,0,0,0,0,1,0,0,0,0,0,0,0,0,0,0,1,1,0.0,0.0,0.0,0.0,1.0,0.0,0.0,33,33,0.97,0.06,0.03,0.06,0.0,0.0,0.0,0.0,guess_passwd,1,0,NORMAL,0,0
0,udp,private,SF,1,0,0,0,0,0,0,0,0,0,0,0,0,0,0,0,0,0,70,10,0.0,0.0,0.0,0.0,0.14,0.87,0.0,255,10,0.04,0.71,0.91,0.0,0.0,0.0,0.09,0.0,normal,0,1,ATTACK,1,0
0,udp,private,SF,45,0,0,0,0,0,0,0,0,0,0,0,0,0,0,0,0,0,2,2,0.0,0.0,0.0,0.0,1.0,0.0,0.0,255,255,1.0,0.0,0.0,0.0,0.0,0.0,0.0,0.0,snmpguess,1,0,NORMAL,0,0
0,tcp,telnet,SF,118,174,0,0,0,0,1,0,0,0,0,0,0,0,0,0,0,0,1,1,0.0,0.0,0.0,0.0,1.0,0.0,0.0,255,255,1.0,0.0,0.0,0.0,0.0,0.0,0.02,0.02,guess_passwd,1,0,NORMAL,0,0
4,tcp,pop_3,SF,31,93,0,0,0,0,0,1,0,0,0,0,0,0,0,0,0,0,2,1,0.0,0.0,0.5,0.0,0.5,1.0,0.0,255,231,0.91,0.02,0.0,0.0,0.0,0.0,0.06,0.0,guess_passwd,1,0,NORMAL,0,0
1,tcp,telnet,SF,24,306,0,0,0,0,0,0,0,0,0,0,0,0,0,0,0,0,3,1,0.0,0.0,0.67,0.0,0.33,1.0,0.0,225,90,0.35,0.02,0.0,0.02,0.01,0.01,0.86,0.63,mscan,1,0,NORMAL,0,0
0,tcp,telnet,SF,124,174,0,0,0,0,1,0,0,0,0,0,0,0,0,0,0,0,2,2,0.0,0.0,0.0,0.0,1.0,0.0,0.0,255,134,0.53,0.02,0.0,0.0,0.0,0.0,0.02,0.03,guess_passwd,1,0,NORMAL,0,0
0,tcp,telnet,REJ,0,0,0,0,0,0,0,0,0,0,0,0,0,0,0,0,0,0,1,11,0.0,0.18,1.0,0.55,1.0,0.0,0.64,17,86,0.35,0.29,0.06,0.02,0.0,0.0,0.82,0.71,mscan,1,0,NORMAL,0,0
0,udp,private,SF,105,147,0,0,0,0,0,0,0,0,0,0,0,0,0,0,0,0,1,1,0.0,0.0,0.0,0.0,1.0,0.0,0.0,70,69,0.99,0.03,0.03,0.0,0.0,0.0,0.0,0.0,snmpgetattack,1,0,NORMAL,0,0
1,tcp,smtp,SF,2599,293,0,0,0,0,0,1,0,0,0,0,0,0,0,0,0,0,2,2,0.0,0.0,0.0,0.0,1.0,0.0,0.0,255,168,0.66,0.13,0.0,0.0,0.0,0.0,0.33,0.0,mailbomb,1,0,NORMAL,0,0
0,tcp,sunrpc,REJ,0,0,0,0,0,0,0,0,0,0,0,0,0,0,0,0,0,0,1,4,0.0,0.0,1.0,1.0,1.0,0.0,1.0,255,18,0.07,0.03,0.0,0.0,0.0,0.0,0.4,1.0,mscan,1,0,NORMAL,0,0
4,tcp,pop_3,SF,28,93,0,0,0,0,0,1,0,0,0,0,0,0,0,0,0,0,1,1,0.0,0.0,0.0,0.0,1.0,0.0,0.0,46,45,0.96,0.04,0.02,0.04,0.0,0.0,0.0,0.0,guess_passwd,1,0,NORMAL,0,0
282,tcp,ftp,SF,162,599,0,0,0,2,0,1,0,0,0,0,0,0,0,0,0,1,1,1,0.0,0.0,0.0,0.0,1.0,0.0,0.0,16,6,0.38,0.19,0.06,0.0,0.0,0.0,0.0,0.0,warezmaster,1,0,NORMAL,0,0
1,tcp,smtp,SF,2599,293,0,0,0,0,0,1,0,0,0,0,0,0,0,0,0,0,2,2,0.0,0.0,0.0,0.0,1.0,0.0,0.0,255,97,0.38,0.14,0.0,0.0,0.0,0.0,0.6,0.0,mailbomb,1,0,NORMAL,0,0
0,tcp,telnet,RSTO,0,48,0,0,0,0,0,0,0,0,0,0,0,0,0,0,0,0,1,24,0.0,0.12,1.0,0.79,1.0,0.0,0.96,53,27,0.51,0.06,0.02,0.0,0.0,0.0,0.64,0.3,mscan,1,0,NORMAL,0,0
283,tcp,ftp,SF,162,599,0,0,0,2,0,1,0,0,0,0,0,0,0,0,0,1,1,1,0.0,0.0,0.0,0.0,1.0,0.0,0.0,255,99,0.39,0.03,0.01,0.0,0.02,0.0,0.01,0.0,warezmaster,1,0,NORMAL,0,0
1,tcp,smtp,SF,2599,293,0,0,0,0,0,1,0,0,0,0,0,0,0,0,0,0,3,3,0.0,0.0,0.0,0.0,1.0,0.0,0.0,255,95,0.37,0.14,0.0,0.0,0.0,0.0,0.61,0.0,mailbomb,1,0,NORMAL,0,0
0,tcp,telnet,RSTO,0,15,0,0,0,0,0,0,0,0,0,0,0,0,0,0,0,0,4,4,0.0,0.0,0.75,0.5,0.5,0.75,0.5,129,85,0.33,0.04,0.01,0.02,0.0,0.0,0.89,0.69,mscan,1,0,NORMAL,0,0
0,tcp,telnet,SF,121,174,0,0,0,0,1,0,0,0,0,0,0,0,0,0,0,0,1,1,0.0,0.0,0.0,0.0,1.0,0.0,0.0,255,39,0.15,0.02,0.0,0.0,0.0,0.0,0.01,0.05,guess_passwd,1,0,NORMAL,0,0
0,udp,private,SF,105,146,0,0,0,0,0,0,0,0,0,0,0,0,0,0,0,0,2,2,0.0,0.0,0.0,0.0,1.0,0.0,0.0,204,203,1.0,0.01,0.0,0.0,0.0,0.0,0.0,0.0,snmpgetattack,1,0,NORMAL,0,0
0,udp,private,SF,47,0,0,0,0,0,0,0,0,0,0,0,0,0,0,0,0,0,4,4,0.0,0.0,0.0,0.0,1.0,0.0,0.0,255,254,1.0,0.01,0.0,0.0,0.0,0.0,0.0,0.0,snmpguess,1,0,NORMAL,0,0
0,tcp,telnet,SF,120,174,0,0,0,0,1,0,0,0,0,0,0,0,0,0,0,0,1,1,0.0,0.0,0.0,0.0,1.0,0.0,0.0,255,254,1.0,0.01,0.0,0.0,0.01,0.01,0.02,0.02,guess_passwd,1,0,NORMAL,0,0
3,tcp,pop_3,SF,28,93,0,0,0,0,0,1,0,0,0,0,0,0,0,0,0,0,1,1,0.0,0.0,0.0,0.0,1.0,0.0,0.0,255,247,0.97,0.01,0.0,0.0,0.0,0.0,0.02,0.0,guess_passwd,1,0,NORMAL,0,0
1,tcp,smtp,SF,2599,293,0,0,0,0,0,1,0,0,0,0,0,0,0,0,0,0,2,2,0.0,0.0,0.0,0.0,1.0,0.0,0.0,255,129,0.51,0.15,0.0,0.0,0.0,0.0,0.48,0.0,mailbomb,1,0,NORMAL,0,0
0,udp,private,SF,48,0,0,0,0,0,0,0,0,0,0,0,0,0,0,0,0,0,5,5,0.0,0.0,0.0,0.0,1.0,0.0,0.0,255,255,1.0,0.0,0.0,0.0,0.0,0.0,0.0,0.0,snmpguess,1,0,NORMAL,0,0
4,tcp,pop_3,SF,28,93,0,0,0,0,0,1,0,0,0,0,0,0,0,0,0,0,1,1,0.0,0.0,0.0,0.0,1.0,0.0,0.0,239,220,0.92,0.01,0.0,0.0,0.0,0.0,0.04,0.0,guess_passwd,1,0,NORMAL,0,0
1,tcp,smtp,SF,2599,293,0,0,0,0,0,1,0,0,0,0,0,0,0,0,0,0,2,2,0.0,0.0,0.0,0.0,1.0,0.0,0.0,255,82,0.32,0.14,0.0,0.0,0.0,0.0,0.66,0.0,mailbomb,1,0,NORMAL,0,0
0,tcp,telnet,S3,0,44,0,0,0,0,0,0,0,0,0,0,0,0,0,0,0,0,1,1,1.0,1.0,0.0,0.0,1.0,0.0,0.0,255,115,0.45,0.03,0.0,0.0,0.15,0.34,0.11,0.11,processtable,1,0,NORMAL,0,0
2,tcp,smtp,SF,4485,1125,0,0,0,0,0,1,0,0,0,1,0,0,1,0,0,0,1,1,0.0,0.0,0.0,0.0,1.0,0.0,0.0,255,1,0.0,0.01,0.0,0.0,0.0,0.0,0.0,0.0,sendmail,1,0,NORMAL,0,0
0,tcp,other,RSTR,0,0,0,0,0,0,0,0,0,0,0,0,0,0,0,0,0,0,1,1,0.0,0.0,1.0,1.0,1.0,0.0,0.0,255,1,0.0,0.95,0.94,0.0,0.0,0.0,0.94,1.0,normal,0,1,ATTACK,1,0
0,tcp,ftp,SF,26,157,0,0,0,0,1,0,0,0,0,0,0,0,0,0,0,1,1,1,0.0,0.0,0.0,0.0,1.0,0.0,0.0,165,79,0.48,0.02,0.01,0.0,0.0,0.0,0.0,0.0,guess_passwd,1,0,NORMAL,0,0
7542,tcp,telnet,SF,0,44,0,0,0,0,0,0,0,0,0,0,0,0,0,0,0,0,1,1,0.0,0.0,0.0,0.0,1.0,0.0,0.0,255,172,0.67,0.31,0.0,0.0,0.5,0.74,0.3,0.01,processtable,1,0,NORMAL,0,0
0,tcp,sunrpc,REJ,0,0,0,0,0,0,0,0,0,0,0,0,0,0,0,0,0,0,1,3,0.0,0.0,1.0,1.0,1.0,0.0,1.0,161,28,0.17,0.03,0.01,0.0,0.01,0.0,0.87,1.0,mscan,1,0,NORMAL,0,0
7320,tcp,telnet,SF,0,44,0,0,0,0,0,0,0,0,0,0,0,0,0,0,0,0,1,1,0.0,0.0,0.0,0.0,1.0,0.0,0.0,255,237,0.93,0.02,0.0,0.0,0.33,0.36,0.08,0.04,processtable,1,0,NORMAL,0,0
0,tcp,telnet,SF,120,174,0,0,0,0,1,0,0,0,0,0,0,0,0,0,0,0,2,2,0.0,0.0,0.0,0.0,1.0,0.0,0.0,255,98,0.38,0.02,0.0,0.0,0.0,0.0,0.01,0.03,guess_passwd,1,0,NORMAL,0,0
0,udp,private,SF,105,146,0,0,0,0,0,0,0,0,0,0,0,0,0,0,0,0,2,2,0.0,0.0,0.0,0.0,1.0,0.0,0.0,255,253,0.99,0.01,0.01,0.0,0.0,0.0,0.0,0.0,snmpgetattack,1,0,NORMAL,0,0
4,tcp,pop_3,SF,28,103,0,0,0,0,0,1,0,0,0,0,0,0,0,0,0,0,1,1,0.0,0.0,0.0,0.0,1.0,0.0,0.0,255,214,0.84,0.02,0.0,0.0,0.0,0.0,0.04,0.01,guess_passwd,1,0,NORMAL,0,0
1,tcp,smtp,SF,2599,293,0,0,0,0,0,1,0,0,0,0,0,0,0,0,0,0,3,3,0.0,0.0,0.0,0.0,1.0,0.0,0.0,255,20,0.08,0.16,0.0,0.0,0.0,0.0,0.9,0.0,mailbomb,1,0,NORMAL,0,0
282,tcp,ftp,SF,160,597,0,0,0,2,0,1,0,0,0,0,0,0,0,0,0,1,1,1,0.0,0.0,0.0,0.0,1.0,0.0,0.0,255,50,0.2,0.02,0.0,0.0,0.0,0.0,0.55,0.0,warezmaster,1,0,NORMAL,0,0
0,udp,private,SF,41,0,0,0,0,0,0,0,0,0,0,0,0,0,0,0,0,0,1,1,0.0,0.0,0.0,0.0,1.0,0.0,0.0,255,254,1.0,0.01,0.01,0.0,0.0,0.0,0.0,0.0,snmpguess,1,0,NORMAL,0,0
0,tcp,telnet,S3,0,44,0,0,0,0,0,0,0,0,0,0,0,0,0,0,0,0,1,1,1.0,1.0,0.0,0.0,1.0,0.0,0.0,255,94,0.37,0.56,0.0,0.0,0.27,0.73,0.55,0.0,processtable,1,0,NORMAL,0,0
3,tcp,pop_3,SF,28,93,0,0,0,0,0,1,0,0,0,0,0,0,0,0,0,0,1,1,0.0,0.0,0.0,0.0,1.0,0.0,0.0,255,246,0.96,0.02,0.0,0.0,0.0,0.0,0.02,0.0,guess_passwd,1,0,NORMAL,0,0
4,tcp,pop_3,SF,32,93,0,0,0,0,0,1,0,0,0,0,0,0,0,0,0,0,1,1,0.0,0.0,0.0,0.0,1.0,0.0,0.0,255,156,0.61,0.02,0.0,0.0,0.0,0.0,0.13,0.0,guess_passwd,1,0,NORMAL,0,0
0,udp,private,SF,47,0,0,0,0,0,0,0,0,0,0,0,0,0,0,0,0,0,2,2,0.0,0.0,0.0,0.0,1.0,0.0,0.0,255,253,0.99,0.01,0.0,0.0,0.0,0.0,0.0,0.0,snmpguess,1,0,NORMAL,0,0
10,tcp,pop_3,SF,30,93,0,0,0,0,0,1,0,0,0,0,0,0,0,0,0,0,1,1,0.0,0.0,0.0,0.0,1.0,0.0,0.0,255,246,0.96,0.01,0.0,0.0,0.0,0.0,0.0,0.0,guess_passwd,1,0,NORMAL,0,0
0,udp,private,SF,50,50,0,0,0,0,0,0,0,0,0,0,0,0,0,0,0,0,2,2,0.0,0.0,0.0,0.0,1.0,0.0,0.0,255,254,1.0,0.01,0.01,0.0,0.0,0.0,0.0,0.0,snmpguess,1,0,NORMAL,0,0
0,udp,private,SF,49,0,0,0,0,0,0,0,0,0,0,0,0,0,0,0,0,0,5,5,0.0,0.0,0.0,0.0,1.0,0.0,0.0,255,255,1.0,0.0,0.0,0.0,0.0,0.0,0.0,0.0,snmpguess,1,0,NORMAL,0,0
0,tcp,ftp_data,SF,12,0,0,0,0,0,0,0,0,0,0,0,0,0,0,0,0,0,1,1,0.0,0.0,0.0,0.0,1.0,0.0,0.0,20,3,0.15,0.1,0.15,0.0,0.0,0.0,0.0,0.0,warezmaster,1,0,NORMAL,0,0
281,tcp,ftp,SF,164,599,0,0,0,2,0,1,0,0,0,0,0,0,0,0,0,1,1,1,0.0,0.0,0.0,0.0,1.0,0.0,0.0,14,13,0.93,0.14,0.07,0.0,0.0,0.0,0.0,0.0,warezmaster,1,0,NORMAL,0,0
992,udp,other,SF,146,105,0,0,0,0,0,0,0,0,0,0,0,0,0,0,0,0,1,1,0.0,0.0,0.0,0.0,1.0,0.0,0.0,9,4,0.44,0.44,1.0,0.0,0.0,0.0,0.0,0.0,snmpgetattack,1,0,NORMAL,0,0
282,tcp,ftp,SF,158,595,0,0,0,2,0,1,0,0,0,0,0,0,0,0,0,1,1,1,0.0,0.0,0.0,0.0,1.0,0.0,0.0,120,45,0.38,0.05,0.01,0.0,0.0,0.0,0.0,0.0,warezmaster,1,0,NORMAL,0,0
1,tcp,smtp,SF,2599,293,0,0,0,0,0,1,0,0,0,0,0,0,0,0,0,0,2,2,0.0,0.0,0.0,0.0,1.0,0.0,0.0,255,37,0.15,0.16,0.0,0.0,0.0,0.0,0.84,0.0,mailbomb,1,0,NORMAL,0,0
0,tcp,sunrpc,REJ,0,0,0,0,0,0,0,0,0,0,0,0,0,0,0,0,0,0,1,3,0.0,0.0,1.0,1.0,1.0,0.0,1.0,103,50,0.17,0.05,0.01,0.04,0.02,0.0,0.9,1.0,mscan,1,0,NORMAL,0,0
283,tcp,ftp,SF,164,599,0,0,0,2,0,1,0,0,0,0,0,0,0,0,0,1,1,1,0.0,0.0,0.0,0.0,1.0,0.0,0.0,255,45,0.18,0.02,0.0,0.0,0.0,0.0,0.52,0.0,warezmaster,1,0,NORMAL,0,0
4,tcp,pop_3,SF,32,93,0,0,0,0,0,1,0,0,0,0,0,0,0,0,0,0,1,1,0.0,0.0,0.0,0.0,1.0,0.0,0.0,64,62,0.95,0.03,0.02,0.03,0.0,0.0,0.0,0.0,guess_passwd,1,0,NORMAL,0,0
0,tcp,http,SF,54540,8314,0,0,0,2,0,1,1,0,0,0,0,0,0,0,0,0,2,3,0.0,0.0,0.0,0.0,1.0,0.0,0.67,255,251,0.98,0.01,0.0,0.0,0.0,0.0,0.0,0.0,back,1,0,NORMAL,0,0
3,tcp,pop_3,SF,32,93,0,0,0,0,0,1,0,0,0,0,0,0,0,0,0,0,1,1,0.0,0.0,0.0,0.0,1.0,0.0,0.0,255,240,0.94,0.02,0.0,0.0,0.0,0.0,0.02,0.0,guess_passwd,1,0,NORMAL,0,0
0,udp,private,SF,1,0,0,0,0,0,0,0,0,0,0,0,0,0,0,0,0,0,114,18,0.0,0.0,0.0,0.0,0.16,0.71,0.0,255,25,0.1,0.56,0.88,0.0,0.0,0.0,0.12,0.0,normal,0,1,ATTACK,1,0
0,tcp,http,S0,0,0,0,0,0,0,0,0,0,0,0,0,0,0,0,0,0,0,33,33,0.82,0.82,0.15,0.15,1.0,0.0,0.0,255,255,1.0,0.0,0.0,0.0,0.16,0.16,0.7,0.7,apache2,1,0,NORMAL,0,0
0,icmp,ecr_i,SF,1480,0,0,1,0,0,0,0,0,0,0,0,0,0,0,0,0,0,2,4,0.0,0.0,0.0,0.0,1.0,0.0,0.5,2,30,1.0,0.0,1.0,0.5,0.0,0.0,0.0,0.0,normal,0,1,ATTACK,1,0
1,tcp,smtp,SF,2599,293,0,0,0,0,0,1,0,0,0,0,0,0,0,0,0,0,5,3,0.0,0.0,0.2,0.0,0.6,0.6,0.0,255,246,0.96,0.04,0.0,0.0,0.0,0.0,0.03,0.0,mailbomb,1,0,NORMAL,0,0
282,tcp,ftp,SF,158,595,0,0,0,2,0,1,0,0,0,0,0,0,0,0,0,1,3,1,0.0,0.0,0.0,0.0,0.33,0.67,0.0,255,1,0.0,0.04,0.0,0.0,0.0,0.0,0.03,0.0,warezmaster,1,0,NORMAL,0,0
0,tcp,http,S0,0,0,0,0,0,0,0,0,0,0,0,0,0,0,0,0,0,0,35,35,0.17,0.17,0.83,0.83,1.0,0.0,0.0,255,255,1.0,0.0,0.0,0.0,0.03,0.03,0.65,0.65,apache2,1,0,NORMAL,0,0
0,tcp,ftp_data,SF,12,0,0,0,0,0,0,0,0,0,0,0,0,0,0,0,0,0,1,1,0.0,0.0,0.0,0.0,1.0,0.0,0.0,7,15,1.0,0.0,1.0,0.2,0.0,0.0,0.0,0.0,warezmaster,1,0,NORMAL,0,0
1,tcp,smtp,SF,2599,293,0,0,0,0,0,1,0,0,0,0,0,0,0,0,0,0,2,3,0.0,0.0,0.0,0.0,1.0,0.0,0.67,255,245,0.96,0.04,0.0,0.0,0.0,0.0,0.04,0.0,mailbomb,1,0,NORMAL,0,0
281,tcp,ftp,SF,162,599,0,0,0,2,0,1,0,0,0,0,0,0,0,0,0,1,1,1,0.0,0.0,0.0,0.0,1.0,0.0,0.0,76,35,0.46,0.05,0.01,0.0,0.0,0.0,0.0,0.0,warezmaster,1,0,NORMAL,0,0
4,tcp,pop_3,SF,32,93,0,0,0,0,0,1,0,0,0,0,0,0,0,0,0,0,1,1,0.0,0.0,0.0,0.0,1.0,0.0,0.0,25,26,1.0,0.0,0.04,0.08,0.0,0.0,0.0,0.0,guess_passwd,1,0,NORMAL,0,0
0,tcp,other,REJ,0,0,0,0,0,0,0,0,0,0,0,0,0,0,0,0,0,0,1,1,0.0,0.0,1.0,1.0,1.0,0.0,0.0,255,51,0.2,0.02,0.0,0.0,0.0,0.0,0.18,0.84,httptunnel,1,0,NORMAL,0,0
283,tcp,ftp,SF,159,595,0,0,0,2,0,1,0,0,0,0,0,0,0,0,0,1,1,1,0.0,0.0,0.0,0.0,1.0,0.0,0.0,255,84,0.33,0.03,0.0,0.0,0.02,0.0,0.02,0.0,warezmaster,1,0,NORMAL,0,0
4,tcp,pop_3,SF,27,93,0,0,0,0,0,1,0,0,0,0,0,0,0,0,0,0,1,1,0.0,0.0,0.0,0.0,1.0,0.0,0.0,255,223,0.87,0.02,0.0,0.0,0.0,0.0,0.02,0.0,guess_passwd,1,0,NORMAL,0,0
0,tcp,other,REJ,0,0,0,0,0,0,0,0,0,0,0,0,0,0,0,0,0,0,1,1,0.0,0.0,1.0,1.0,1.0,0.0,0.0,77,2,0.03,0.04,0.01,0.0,0.0,0.0,0.03,1.0,httptunnel,1,0,NORMAL,0,0
0,tcp,http,S0,0,0,0,0,0,0,0,0,0,0,0,0,0,0,0,0,0,0,16,16,1.0,1.0,0.0,0.0,1.0,0.0,0.0,255,245,0.96,0.01,0.0,0.0,0.19,0.2,0.56,0.59,apache2,1,0,NORMAL,0,0
0,tcp,ftp_data,SF,12,0,0,0,0,0,0,0,0,0,0,0,0,0,0,0,0,0,1,1,0.0,0.0,0.0,0.0,1.0,0.0,0.0,7,29,1.0,0.0,1.0,0.14,0.0,0.0,0.0,0.0,warezmaster,1,0,NORMAL,0,0
7541,tcp,telnet,SF,0,44,0,0,0,0,0,0,0,0,0,0,0,0,0,0,0,0,1,1,0.0,0.0,0.0,0.0,1.0,0.0,0.0,255,191,0.75,0.03,0.0,0.0,0.33,0.45,0.12,0.07,processtable,1,0,NORMAL,0,0
281,tcp,ftp,SF,160,597,0,0,0,2,0,1,0,0,0,0,0,0,0,0,0,1,1,1,0.0,0.0,0.0,0.0,1.0,0.0,0.0,255,5,0.02,0.36,0.0,0.0,0.0,0.0,0.96,0.0,warezmaster,1,0,NORMAL,0,0
1,tcp,smtp,SF,2599,293,0,0,0,0,0,1,0,0,0,0,0,0,0,0,0,0,3,3,0.0,0.0,0.0,0.0,1.0,0.0,0.0,255,67,0.26,0.14,0.0,0.0,0.0,0.0,0.72,0.0,mailbomb,1,0,NORMAL,0,0
1,tcp,smtp,SF,2599,293,0,0,0,0,0,1,0,0,0,0,0,0,0,0,0,0,3,3,0.0,0.0,0.0,0.0,1.0,0.0,0.0,255,227,0.89,0.11,0.0,0.0,0.0,0.0,0.1,0.0,mailbomb,1,0,NORMAL,0,0
0,udp,private,SF,41,0,0,0,0,0,0,0,0,0,0,0,0,0,0,0,0,0,4,4,0.0,0.0,0.0,0.0,1.0,0.0,0.0,255,255,1.0,0.0,0.0,0.0,0.0,0.0,0.0,0.0,snmpguess,1,0,NORMAL,0,0
0,tcp,telnet,S3,0,44,0,0,0,0,0,0,0,0,0,0,0,0,0,0,0,0,1,1,1.0,1.0,0.0,0.0,1.0,0.0,0.0,255,135,0.53,0.03,0.0,0.0,0.23,0.44,0.11,0.1,processtable,1,0,NORMAL,0,0
84,tcp,telnet,SF,277,1089,0,0,0,2,0,1,1,1,0,0,4,2,0,0,0,0,1,1,0.0,0.0,0.0,0.0,1.0,0.0,0.0,255,1,0.0,0.07,0.0,0.0,0.14,0.0,0.86,0.0,loadmodule,1,0,NORMAL,0,0
0,udp,private,SF,44,44,0,0,0,0,0,0,0,0,0,0,0,0,0,0,0,0,4,4,0.0,0.0,0.0,0.0,1.0,0.0,0.0,255,254,1.0,0.01,0.01,0.0,0.0,0.0,0.0,0.0,snmpguess,1,0,NORMAL,0,0
0,udp,private,SF,42,0,0,0,0,0,0,0,0,0,0,0,0,0,0,0,0,0,3,3,0.0,0.0,0.0,0.0,1.0,0.0,0.0,255,254,1.0,0.01,0.02,0.0,0.0,0.0,0.0,0.0,snmpguess,1,0,NORMAL,0,0
7863,tcp,telnet,SF,0,44,0,0,0,0,0,0,0,0,0,0,0,0,0,0,0,0,1,1,0.0,0.0,0.0,0.0,1.0,0.0,0.0,255,119,0.47,0.03,0.0,0.0,0.16,0.34,0.11,0.11,processtable,1,0,NORMAL,0,0
0,tcp,ftp,SF,26,157,0,0,0,0,1,0,0,0,0,0,0,0,0,0,0,1,1,1,0.0,0.0,0.0,0.0,1.0,0.0,0.0,255,128,0.5,0.03,0.0,0.0,0.0,0.0,0.0,0.0,guess_passwd,1,0,NORMAL,0,0
0,icmp,ecr_i,SF,40008,0,0,0,0,0,0,0,0,0,0,0,0,0,0,0,0,0,3,3,0.0,0.0,0.0,0.0,1.0,0.0,0.0,81,81,1.0,0.0,1.0,0.0,0.0,0.0,0.0,0.0,normal,0,1,ATTACK,1,0
0,tcp,telnet,RSTO,0,15,0,0,0,0,0,0,0,0,0,0,0,0,0,0,0,0,1,7,0.0,0.0,1.0,0.71,1.0,0.0,0.57,255,45,0.18,0.03,0.0,0.0,0.0,0.02,0.52,0.8,mscan,1,0,NORMAL,0,0
4,tcp,pop_3,SF,28,93,0,0,0,0,0,1,0,0,0,0,0,0,0,0,0,0,2,1,0.0,0.0,0.0,0.0,0.5,1.0,0.0,255,236,0.93,0.01,0.0,0.0,0.0,0.0,0.04,0.0,guess_passwd,1,0,NORMAL,0,0
0,tcp,ftp,SF,26,157,0,0,0,0,1,0,0,0,0,0,0,0,0,0,0,1,1,1,0.0,0.0,0.0,0.0,1.0,0.0,0.0,79,45,0.57,0.05,0.01,0.0,0.0,0.0,0.0,0.0,guess_passwd,1,0,NORMAL,0,0
280,tcp,ftp_data,SF,283618,0,0,0,0,0,0,0,0,0,0,0,0,0,0,0,0,0,2,2,0.0,0.0,0.0,0.0,1.0,0.0,0.0,29,6,0.21,0.07,0.21,0.0,0.0,0.0,0.0,0.0,warezmaster,1,0,NORMAL,0,0
4,tcp,pop_3,SF,32,93,0,0,0,0,0,1,0,0,0,0,0,0,0,0,0,0,1,1,0.0,0.0,0.0,0.0,1.0,0.0,0.0,255,147,0.58,0.02,0.0,0.0,0.0,0.0,0.15,0.0,guess_passwd,1,0,NORMAL,0,0
1,tcp,telnet,RSTO,0,15,0,0,0,0,0,0,0,0,0,0,0,0,0,0,0,0,1,7,0.0,0.14,1.0,0.43,1.0,0.0,0.71,255,61,0.24,0.03,0.0,0.0,0.0,0.0,0.51,0.62,mscan,1,0,NORMAL,0,0
4,tcp,pop_3,SF,28,93,0,0,0,0,0,1,0,0,0,0,0,0,0,0,0,0,1,1,0.0,0.0,0.0,0.0,1.0,0.0,0.0,255,239,0.94,0.01,0.0,0.0,0.0,0.0,0.04,0.0,guess_passwd,1,0,NORMAL,0,0
0,tcp,telnet,RSTO,125,188,0,0,0,0,1,0,0,0,0,0,0,0,0,0,0,0,1,1,0.0,0.0,1.0,1.0,1.0,0.0,0.0,255,57,0.22,0.02,0.0,0.0,0.0,0.0,0.01,0.05,guess_passwd,1,0,NORMAL,0,0
4,tcp,pop_3,SF,32,93,0,0,0,0,0,1,0,0,0,0,0,0,0,0,0,0,1,1,0.0,0.0,0.0,0.0,1.0,0.0,0.0,255,242,0.95,0.02,0.0,0.0,0.0,0.0,0.02,0.0,guess_passwd,1,0,NORMAL,0,0
0,udp,private,SF,42,0,0,0,0,0,0,0,0,0,0,0,0,0,0,0,0,0,2,2,0.0,0.0,0.0,0.0,1.0,0.0,0.0,255,255,1.0,0.0,0.0,0.0,0.0,0.0,0.0,0.0,snmpguess,1,0,NORMAL,0,0
5,tcp,ftp,SF,95,332,0,0,0,1,0,1,0,0,0,0,1,0,0,0,0,0,1,1,0.0,0.0,0.0,0.0,1.0,0.0,0.0,247,90,0.36,0.03,0.0,0.0,0.0,0.0,0.0,0.0,ps,1,0,NORMAL,0,0
283,tcp,ftp,SF,160,597,0,0,0,2,0,1,0,0,0,0,0,0,0,0,0,1,1,1,0.0,0.0,0.0,0.0,1.0,0.0,0.0,152,69,0.45,0.03,0.01,0.0,0.0,0.0,0.0,0.0,warezmaster,1,0,NORMAL,0,0
1,tcp,smtp,SF,2599,261,0,0,0,0,0,1,0,0,0,0,0,0,0,0,0,0,3,3,0.0,0.0,0.0,0.0,1.0,0.0,0.0,255,246,0.96,0.04,0.0,0.0,0.0,0.0,0.04,0.0,mailbomb,1,0,NORMAL,0,0
0,udp,private,SF,1,0,0,0,0,0,0,0,0,0,0,0,0,0,0,0,0,0,82,4,0.0,0.0,0.0,0.0,0.05,0.77,0.0,255,17,0.07,0.7,0.99,0.0,0.0,0.0,0.01,0.0,normal,0,1,ATTACK,1,0
4,tcp,pop_3,SF,32,93,0,0,0,0,0,1,0,0,0,0,0,0,0,0,0,0,1,1,0.0,0.0,0.0,0.0,1.0,0.0,0.0,158,140,0.88,0.02,0.01,0.01,0.0,0.0,0.06,0.0,guess_passwd,1,0,NORMAL,0,0
0,tcp,telnet,SF,125,174,0,0,0,0,1,0,0,0,0,0,0,0,0,0,0,0,1,1,0.0,0.0,0.0,0.0,1.0,0.0,0.0,255,139,0.55,0.02,0.0,0.0,0.0,0.0,0.02,0.03,guess_passwd,1,0,NORMAL,0,0
1,tcp,smtp,SF,2599,293,0,0,0,0,0,1,0,0,0,0,0,0,0,0,0,0,2,2,0.0,0.0,0.0,0.0,1.0,0.0,0.0,255,42,0.16,0.16,0.0,0.0,0.0,0.0,0.82,0.0,mailbomb,1,0,NORMAL,0,0
8072,tcp,telnet,SF,0,15,0,0,0,0,0,0,0,0,0,0,0,0,0,0,0,0,1,1,0.0,0.0,0.0,0.0,1.0,0.0,0.0,255,89,0.35,0.02,0.0,0.0,0.64,0.49,0.01,0.01,processtable,1,0,NORMAL,0,0
1,tcp,telnet,RSTO,0,15,0,0,0,0,0,0,0,0,0,0,0,0,0,0,0,0,1,3,0.0,0.0,1.0,0.67,1.0,0.0,0.67,142,88,0.3,0.04,0.01,0.02,0.01,0.0,0.91,0.66,mscan,1,0,NORMAL,0,0
282,tcp,ftp,SF,162,597,0,0,0,2,0,1,0,0,0,0,0,0,0,0,0,1,1,1,0.0,0.0,0.0,0.0,1.0,0.0,0.0,10,8,0.8,0.2,0.1,0.0,0.0,0.0,0.0,0.0,warezmaster,1,0,NORMAL,0,0
4,tcp,pop_3,SF,28,93,0,0,0,0,0,1,0,0,0,0,0,0,0,0,0,0,1,1,0.0,0.0,0.0,0.0,1.0,0.0,0.0,63,61,0.95,0.03,0.02,0.03,0.0,0.0,0.0,0.0,guess_passwd,1,0,NORMAL,0,0
0,tcp,other,REJ,0,0,0,0,0,0,0,0,0,0,0,0,0,0,0,0,0,0,1,1,0.0,0.0,1.0,1.0,1.0,0.0,0.0,255,13,0.05,0.02,0.0,0.0,0.0,0.0,0.05,1.0,httptunnel,1,0,NORMAL,0,0
0,tcp,ftp,SF,26,157,0,0,0,0,1,0,0,0,0,0,0,0,0,0,0,1,1,1,0.0,0.0,0.0,0.0,1.0,0.0,0.0,158,74,0.47,0.03,0.01,0.0,0.0,0.0,0.0,0.0,guess_passwd,1,0,NORMAL,0,0
0,tcp,http,REJ,0,0,0,0,0,0,0,0,0,0,0,0,0,0,0,0,0,0,1,1,0.0,0.0,1.0,1.0,1.0,0.0,0.0,255,22,0.09,0.68,0.0,0.0,0.08,0.0,0.68,1.0,normal,0,1,ATTACK,1,0
0,tcp,ftp,SF,26,157,0,0,0,0,1,0,0,0,0,0,0,0,0,0,0,1,1,1,0.0,0.0,0.0,0.0,1.0,0.0,0.0,200,97,0.49,0.03,0.0,0.0,0.0,0.0,0.0,0.0,guess_passwd,1,0,NORMAL,0,0
0,udp,private,SF,44,0,0,0,0,0,0,0,0,0,0,0,0,0,0,0,0,0,3,3,0.0,0.0,0.0,0.0,1.0,0.0,0.0,255,253,0.99,0.01,0.0,0.0,0.0,0.0,0.0,0.0,snmpguess,1,0,NORMAL,0,0
0,tcp,http,S0,0,0,0,0,0,0,0,0,0,0,0,0,0,0,0,0,0,0,38,38,1.0,1.0,0.0,0.0,1.0,0.0,0.0,255,255,1.0,0.0,0.0,0.0,0.22,0.22,0.7,0.7,apache2,1,0,NORMAL,0,0
0,tcp,http,S0,0,0,0,0,0,0,0,0,0,0,0,0,0,0,0,0,0,0,48,48,0.88,0.88,0.1,0.1,1.0,0.0,0.0,255,255,1.0,0.0,0.0,0.0,0.22,0.22,0.7,0.7,apache2,1,0,NORMAL,0,0
0,tcp,telnet,S3,0,44,0,0,0,0,0,0,0,0,0,0,0,0,0,0,0,0,1,1,1.0,1.0,0.0,0.0,1.0,0.0,0.0,255,144,0.56,0.03,0.0,0.0,0.27,0.48,0.11,0.09,processtable,1,0,NORMAL,0,0
0,tcp,telnet,S3,0,44,0,0,0,0,0,0,0,0,0,0,0,0,0,0,0,0,1,1,1.0,1.0,0.0,0.0,1.0,0.0,0.0,255,65,0.25,0.66,0.0,0.0,0.16,0.62,0.65,0.0,processtable,1,0,NORMAL,0,0
0,tcp,telnet,SF,125,174,0,0,0,0,1,0,0,0,0,0,0,0,0,0,0,0,1,1,0.0,0.0,0.0,0.0,1.0,0.0,0.0,255,255,1.0,0.0,0.0,0.0,0.01,0.01,0.02,0.02,guess_passwd,1,0,NORMAL,0,0
8176,tcp,telnet,SF,0,15,0,0,0,0,0,0,0,0,0,0,0,0,0,0,0,0,1,1,0.0,0.0,0.0,0.0,1.0,0.0,0.0,255,71,0.28,0.02,0.0,0.0,0.73,0.69,0.01,0.03,processtable,1,0,NORMAL,0,0
1,tcp,smtp,SF,2599,293,0,0,0,0,0,1,0,0,0,0,0,0,0,0,0,0,2,2,0.0,0.0,0.0,0.0,1.0,0.0,0.0,255,110,0.43,0.15,0.0,0.0,0.0,0.0,0.55,0.0,mailbomb,1,0,NORMAL,0,0
7294,tcp,telnet,SF,0,44,0,0,0,0,0,0,0,0,0,0,0,0,0,0,0,0,1,1,0.0,0.0,0.0,0.0,1.0,0.0,0.0,255,229,0.9,0.11,0.0,0.0,0.5,0.55,0.11,0.01,processtable,1,0,NORMAL,0,0
0,tcp,telnet,S3,0,44,0,0,0,0,0,0,0,0,0,0,0,0,0,0,0,0,1,1,1.0,1.0,0.0,0.0,1.0,0.0,0.0,255,83,0.33,0.03,0.0,0.0,0.02,0.05,0.11,0.16,processtable,1,0,NORMAL,0,0
0,tcp,telnet,RSTO,0,12,0,0,0,0,0,0,0,0,0,0,0,0,0,0,0,0,4,24,0.0,0.21,0.75,0.54,0.5,0.75,0.83,255,14,0.05,0.02,0.0,0.0,0.0,0.0,0.08,0.5,mscan,1,0,NORMAL,0,0
0,udp,private,SF,1,1,0,0,0,0,0,0,0,0,0,0,0,0,0,0,0,0,20,2,0.0,0.0,0.0,0.0,0.1,0.4,0.0,255,2,0.01,0.72,0.98,0.0,0.0,0.0,0.02,0.0,normal,0,1,ATTACK,1,0
4,tcp,pop_3,SF,28,93,0,0,0,0,0,1,0,0,0,0,0,0,0,0,0,0,1,1,0.0,0.0,0.0,0.0,1.0,0.0,0.0,255,222,0.87,0.04,0.0,0.0,0.0,0.0,0.0,0.0,guess_passwd,1,0,NORMAL,0,0
3,tcp,telnet,SF,24,1192,0,0,0,0,0,0,0,0,0,0,0,0,0,0,0,0,3,8,0.0,0.12,0.67,0.38,0.67,0.67,0.75,189,96,0.37,0.03,0.01,0.02,0.04,0.08,0.85,0.58,mscan,1,0,NORMAL,0,0
0,icmp,ecr_i,SF,40008,0,0,0,0,0,0,0,0,0,0,0,0,0,0,0,0,0,3,3,0.0,0.0,0.0,0.0,1.0,0.0,0.0,56,56,1.0,0.0,1.0,0.0,0.0,0.0,0.0,0.0,normal,0,1,ATTACK,1,0
0,icmp,urp_i,SF,552,0,0,0,0,0,0,0,0,0,0,0,0,0,0,0,0,0,1,1,0.0,0.0,0.0,0.0,1.0,0.0,0.0,255,1,0.0,0.02,0.0,0.0,0.0,0.0,0.03,0.0,multihop,1,0,NORMAL,0,0
280,tcp,ftp_data,SF,283618,0,0,0,0,0,0,0,0,0,0,0,0,0,0,0,0,0,2,2,0.0,0.0,0.0,0.0,1.0,0.0,0.0,9,6,0.67,0.22,0.67,0.0,0.0,0.0,0.0,0.0,warezmaster,1,0,NORMAL,0,0
0,tcp,http,S0,0,0,0,0,0,0,0,0,0,0,0,0,0,0,0,0,0,0,38,38,0.84,0.84,0.13,0.13,1.0,0.0,0.0,255,255,1.0,0.0,0.0,0.0,0.18,0.18,0.7,0.7,apache2,1,0,NORMAL,0,0
0,tcp,telnet,SF,123,174,0,0,0,0,1,0,0,0,0,0,0,0,0,0,0,0,1,1,0.0,0.0,0.0,0.0,1.0,0.0,0.0,255,211,0.83,0.02,0.0,0.0,0.0,0.0,0.02,0.03,guess_passwd,1,0,NORMAL,0,0
0,udp,private,SF,1,26,0,0,0,0,0,0,0,0,0,0,0,0,0,0,0,0,29,4,0.0,0.0,0.0,0.0,0.14,0.28,0.0,255,4,0.02,0.85,0.2,0.0,0.0,0.0,0.8,0.0,normal,0,1,ATTACK,1,0
0,tcp,telnet,SF,21,104,0,0,0,0,0,0,0,0,0,0,0,0,0,0,0,0,3,1,0.0,0.0,0.0,0.0,0.33,1.0,0.0,158,102,0.41,0.03,0.01,0.02,0.0,0.0,0.16,0.44,mscan,1,0,NORMAL,0,0
0,tcp,ftp_data,SF,12,0,0,0,0,0,0,0,0,0,0,0,0,0,0,0,0,0,1,1,0.0,0.0,0.0,0.0,1.0,0.0,0.0,114,50,0.04,0.05,0.04,0.04,0.01,0.0,0.01,0.0,warezmaster,1,0,NORMAL,0,0
281,tcp,ftp,SF,158,593,0,0,0,2,0,1,0,0,0,0,0,0,0,0,0,1,1,1,0.0,0.0,0.0,0.0,1.0,0.0,0.0,255,17,0.07,0.89,0.0,0.0,0.0,0.06,0.86,0.0,warezmaster,1,0,NORMAL,0,0
7482,tcp,telnet,SF,0,44,0,0,0,0,0,0,0,0,0,0,0,0,0,0,0,0,1,1,0.0,0.0,0.0,0.0,1.0,0.0,0.0,255,194,0.76,0.02,0.0,0.0,0.35,0.36,0.01,0.01,processtable,1,0,NORMAL,0,0
0,tcp,sunrpc,REJ,0,0,0,0,0,0,0,0,0,0,0,0,0,0,0,0,0,0,1,16,0.0,0.0,1.0,1.0,1.0,0.0,1.0,85,50,0.15,0.06,0.01,0.04,0.02,0.0,0.85,1.0,mscan,1,0,NORMAL,0,0
0,tcp,ftp_data,SF,12,0,0,0,0,0,0,0,0,0,0,0,0,0,0,0,0,0,2,2,0.0,0.0,0.0,0.0,1.0,0.0,0.0,16,16,1.0,0.0,1.0,0.0,0.0,0.0,0.0,0.0,warezmaster,1,0,NORMAL,0,0
7514,tcp,telnet,SF,0,44,0,0,0,0,0,0,0,0,0,0,0,0,0,0,0,0,1,1,0.0,0.0,0.0,0.0,1.0,0.0,0.0,255,179,0.7,0.28,0.0,0.0,0.5,0.71,0.27,0.01,processtable,1,0,NORMAL,0,0
0,tcp,telnet,S3,0,44,0,0,0,0,0,0,0,0,0,0,0,0,0,0,0,0,1,1,1.0,1.0,0.0,0.0,1.0,0.0,0.0,255,51,0.2,0.71,0.0,0.0,0.1,0.51,0.69,0.0,processtable,1,0,NORMAL,0,0
0,tcp,telnet,SF,124,174,0,0,0,0,1,0,0,0,0,0,0,0,0,0,0,0,1,1,0.0,0.0,0.0,0.0,1.0,0.0,0.0,255,29,0.11,0.02,0.0,0.0,0.0,0.0,0.0,0.03,guess_passwd,1,0,NORMAL,0,0
0,tcp,telnet,REJ,0,0,0,0,0,0,0,0,0,0,0,0,0,0,0,0,0,0,1,19,0.0,0.32,1.0,0.42,1.0,0.0,0.74,8,85,0.38,0.62,0.12,0.04,0.0,0.0,0.62,0.68,mscan,1,0,NORMAL,0,0
0,tcp,telnet,S3,0,44,0,0,0,0,0,0,0,0,0,0,0,0,0,0,0,0,1,1,1.0,1.0,0.0,0.0,1.0,0.0,0.0,255,152,0.6,0.02,0.0,0.0,0.54,0.51,0.01,0.01,processtable,1,0,NORMAL,0,0
1,tcp,smtp,SF,2599,293,0,0,0,0,0,1,0,0,0,0,0,0,0,0,0,0,3,2,0.0,0.0,0.33,0.0,0.67,0.67,0.0,255,245,0.96,0.04,0.0,0.0,0.0,0.0,0.04,0.0,mailbomb,1,0,NORMAL,0,0
282,tcp,ftp,SF,159,597,0,0,0,2,0,1,0,0,0,0,0,0,0,0,0,1,1,1,0.0,0.0,0.0,0.0,1.0,0.0,0.0,17,15,0.88,0.12,0.06,0.0,0.0,0.0,0.0,0.0,warezmaster,1,0,NORMAL,0,0
7446,tcp,telnet,SF,0,44,0,0,0,0,0,0,0,0,0,0,0,0,0,0,0,0,1,1,0.0,0.0,0.0,0.0,1.0,0.0,0.0,255,196,0.77,0.22,0.0,0.0,0.5,0.65,0.22,0.01,processtable,1,0,NORMAL,0,0
5,tcp,pop_3,SF,28,93,0,0,0,0,0,1,0,0,0,0,0,0,0,0,0,0,1,1,0.0,0.0,0.0,0.0,1.0,0.0,0.0,120,105,0.87,0.03,0.01,0.02,0.0,0.0,0.08,0.0,guess_passwd,1,0,NORMAL,0,0
7598,tcp,telnet,SF,0,44,0,0,0,0,0,0,0,0,0,0,0,0,0,0,0,0,1,1,0.0,0.0,0.0,0.0,1.0,0.0,0.0,255,175,0.69,0.02,0.0,0.0,0.45,0.44,0.01,0.01,processtable,1,0,NORMAL,0,0
0,udp,private,SF,28,0,0,3,0,0,0,0,0,0,0,0,0,0,0,0,0,0,18,18,0.0,0.0,0.0,0.0,1.0,0.0,0.0,255,18,0.07,0.02,0.07,0.0,0.0,0.0,0.0,0.0,normal,0,1,ATTACK,1,0
0,udp,private,SF,50,0,0,0,0,0,0,0,0,0,0,0,0,0,0,0,0,0,4,4,0.0,0.0,0.0,0.0,1.0,0.0,0.0,255,253,0.99,0.01,0.01,0.0,0.0,0.0,0.0,0.0,snmpguess,1,0,NORMAL,0,0
60,tcp,telnet,S3,121,188,0,0,0,0,1,0,0,0,0,0,0,0,0,0,0,0,1,1,1.0,1.0,0.0,0.0,1.0,0.0,0.0,255,255,1.0,0.0,0.0,0.0,0.01,0.01,0.02,0.02,guess_passwd,1,0,NORMAL,0,0
4,tcp,pop_3,SF,30,93,0,0,0,0,0,1,0,0,0,0,0,0,0,0,0,0,1,1,0.0,0.0,0.0,0.0,1.0,0.0,0.0,255,252,0.99,0.01,0.0,0.0,0.0,0.0,0.0,0.0,guess_passwd,1,0,NORMAL,0,0
0,tcp,ftp_data,SF,12,0,0,0,0,0,0,0,0,0,0,0,0,0,0,0,0,0,2,2,0.0,0.0,0.0,0.0,1.0,0.0,0.0,4,38,1.0,0.0,1.0,0.11,0.0,0.0,0.0,0.0,warezmaster,1,0,NORMAL,0,0
0,tcp,telnet,S3,0,44,0,0,0,0,0,0,0,0,0,0,0,0,0,0,0,0,1,1,1.0,1.0,0.0,0.0,1.0,0.0,0.0,255,146,0.57,0.39,0.0,0.0,0.46,0.81,0.38,0.01,processtable,1,0,NORMAL,0,0
8152,tcp,telnet,SF,0,15,0,0,0,0,0,0,0,0,0,0,0,0,0,0,0,0,1,1,0.0,0.0,0.0,0.0,1.0,0.0,0.0,255,75,0.29,0.02,0.0,0.0,0.71,0.64,0.01,0.03,processtable,1,0,NORMAL,0,0
2074,tcp,http,S3,56504,0,0,0,0,0,0,1,0,0,0,0,0,0,0,0,0,0,9,9,0.44,0.44,0.56,0.56,1.0,0.0,0.0,255,242,0.95,0.01,0.0,0.0,0.02,0.02,0.22,0.24,apache2,1,0,NORMAL,0,0
4,tcp,pop_3,SF,26,93,0,0,0,0,0,1,0,0,0,0,0,0,0,0,0,0,1,1,0.0,0.0,0.0,0.0,1.0,0.0,0.0,161,143,0.88,0.02,0.01,0.01,0.0,0.0,0.06,0.0,guess_passwd,1,0,NORMAL,0,0
8084,tcp,telnet,SF,0,15,0,0,0,0,0,0,0,0,0,0,0,0,0,0,0,0,1,1,0.0,0.0,0.0,0.0,1.0,0.0,0.0,255,87,0.34,0.02,0.0,0.0,0.64,0.49,0.01,0.02,processtable,1,0,NORMAL,0,0
0,tcp,other,REJ,0,0,0,0,0,0,0,0,0,0,0,0,0,0,0,0,0,0,1,1,0.0,0.0,1.0,1.0,1.0,0.0,0.0,255,12,0.05,0.02,0.0,0.0,0.0,0.0,0.05,1.0,httptunnel,1,0,NORMAL,0,0
293,tcp,telnet,SF,2773,41955,0,0,0,1,0,1,14,1,0,23,1,1,1,0,0,0,1,1,0.0,0.0,0.0,0.0,1.0,0.0,0.0,5,3,0.6,0.4,0.2,0.0,0.0,0.0,0.0,0.0,xterm,1,0,NORMAL,0,0
30,tcp,telnet,SF,137,1403,0,0,0,0,0,1,0,0,0,0,1,0,0,0,0,0,1,1,0.0,0.0,0.0,0.0,1.0,0.0,0.0,235,17,0.07,0.03,0.0,0.0,0.0,0.0,0.0,0.0,buffer_overflow,1,0,NORMAL,0,0
0,tcp,ftp,SF,26,157,0,0,0,0,1,0,0,0,0,0,0,0,0,0,0,1,1,1,0.0,0.0,0.0,0.0,1.0,0.0,0.0,186,87,0.47,0.03,0.01,0.0,0.0,0.0,0.0,0.0,guess_passwd,1,0,NORMAL,0,0
0,tcp,ftp,SF,26,157,0,0,0,0,1,0,0,0,0,0,0,0,0,0,0,1,1,1,0.0,0.0,0.0,0.0,1.0,0.0,0.0,224,112,0.5,0.03,0.0,0.0,0.0,0.0,0.0,0.0,guess_passwd,1,0,NORMAL,0,0
0,tcp,http,S0,0,0,0,0,0,0,0,0,0,0,0,0,0,0,0,0,0,0,27,27,0.44,0.44,0.52,0.52,1.0,0.0,0.0,255,255,1.0,0.0,0.0,0.0,0.08,0.08,0.7,0.7,apache2,1,0,NORMAL,0,0
0,tcp,telnet,SF,128,174,0,0,0,0,1,0,0,0,0,0,0,0,0,0,0,0,1,1,0.0,0.0,0.0,0.0,1.0,0.0,0.0,255,231,0.91,0.02,0.0,0.0,0.0,0.0,0.02,0.03,guess_passwd,1,0,NORMAL,0,0
8064,tcp,telnet,S3,1,15,0,0,0,0,0,0,0,0,0,0,0,0,0,0,0,0,1,1,1.0,1.0,0.0,0.0,1.0,0.0,0.0,255,43,0.17,0.74,0.0,0.0,0.07,0.42,0.72,0.0,processtable,1,0,NORMAL,0,0
4,tcp,telnet,SF,24,109,0,0,0,0,0,0,0,0,0,0,0,0,0,0,0,0,4,13,0.0,0.0,0.75,0.46,0.5,0.75,0.54,34,83,0.32,0.15,0.03,0.02,0.0,0.0,0.85,0.71,mscan,1,0,NORMAL,0,0
0,tcp,http,REJ,0,0,0,0,0,0,0,0,0,0,0,0,0,0,0,0,0,0,2,2,0.0,0.0,1.0,1.0,1.0,0.0,0.0,255,7,0.03,0.7,0.0,0.0,0.0,0.0,0.03,1.0,normal,0,1,ATTACK,1,0
0,udp,private,SF,46,0,0,0,0,0,0,0,0,0,0,0,0,0,0,0,0,0,3,3,0.0,0.0,0.0,0.0,1.0,0.0,0.0,255,253,0.99,0.01,0.0,0.0,0.0,0.0,0.0,0.0,snmpguess,1,0,NORMAL,0,0
282,tcp,ftp,SF,161,597,0,0,0,2,0,1,0,0,0,0,0,0,0,0,0,1,1,1,0.0,0.0,0.0,0.0,1.0,0.0,0.0,255,20,0.08,0.93,0.0,0.0,0.0,0.0,0.91,0.0,warezmaster,1,0,NORMAL,0,0
0,udp,private,SF,1,1,0,0,0,0,0,0,0,0,0,0,0,0,0,0,0,0,83,7,0.0,0.0,0.0,0.0,0.08,0.78,0.0,255,7,0.03,0.72,0.95,0.0,0.0,0.0,0.05,0.0,normal,0,1,ATTACK,1,0
0,tcp,http,S0,0,0,0,0,0,0,0,0,0,0,0,0,0,0,0,0,0,0,44,44,0.86,0.86,0.11,0.11,1.0,0.0,0.0,255,255,1.0,0.0,0.0,0.0,0.2,0.2,0.7,0.7,apache2,1,0,NORMAL,0,0
0,udp,private,SF,105,146,0,0,0,0,0,0,0,0,0,0,0,0,0,0,0,0,4,2,0.0,0.0,0.0,0.0,0.5,0.5,0.0,255,253,0.99,0.01,0.0,0.0,0.0,0.0,0.0,0.0,snmpgetattack,1,0,NORMAL,0,0
7330,tcp,telnet,SF,0,44,0,0,0,0,0,0,0,0,0,0,0,0,0,0,0,0,1,1,0.0,0.0,0.0,0.0,1.0,0.0,0.0,255,228,0.89,0.02,0.0,0.0,0.27,0.3,0.01,0.0,processtable,1,0,NORMAL,0,0
0,tcp,telnet,REJ,0,0,0,0,0,0,0,0,0,0,0,0,0,0,0,0,0,0,2,9,0.0,0.0,0.5,0.78,0.5,1.0,0.89,235,84,0.33,0.02,0.0,0.02,0.0,0.0,0.89,0.7,mscan,1,0,NORMAL,0,0
5,tcp,pop_3,SF,28,93,0,0,0,0,0,1,0,0,0,0,0,0,0,0,0,0,2,1,0.0,0.0,0.5,0.0,0.5,1.0,0.0,255,228,0.89,0.02,0.0,0.0,0.0,0.0,0.07,0.0,guess_passwd,1,0,NORMAL,0,0
7654,tcp,telnet,SF,0,44,0,0,0,0,0,0,0,0,0,0,0,0,0,0,0,0,1,1,0.0,0.0,0.0,0.0,1.0,0.0,0.0,255,162,0.64,0.03,0.0,0.0,0.33,0.52,0.11,0.08,processtable,1,0,NORMAL,0,0
0,udp,private,SF,1,1,0,0,0,0,0,0,0,0,0,0,0,0,0,0,0,0,13,3,0.0,0.0,0.0,0.0,0.23,0.46,0.0,255,3,0.01,0.25,1.0,0.0,0.0,0.0,0.0,0.0,normal,0,1,ATTACK,1,0
0,tcp,telnet,SF,124,188,0,0,0,0,1,0,0,0,0,0,0,0,0,0,0,0,2,2,0.0,0.0,0.0,0.0,1.0,0.0,0.0,255,254,1.0,0.01,0.0,0.0,0.01,0.01,0.02,0.02,guess_passwd,1,0,NORMAL,0,0
0,tcp,pop_3,SF,30,217,0,0,0,0,0,1,0,0,0,0,0,0,0,0,0,0,1,1,0.0,0.0,0.0,0.0,1.0,0.0,0.0,255,1,0.0,0.01,0.0,0.0,0.0,0.0,0.0,0.0,guess_passwd,1,0,NORMAL,0,0
0,tcp,imap4,RSTO,0,44,0,0,0,0,0,0,0,0,0,0,0,0,0,0,0,0,1,1,0.0,0.0,1.0,1.0,1.0,0.0,0.0,152,60,0.26,0.03,0.01,0.03,0.0,0.0,0.91,0.98,mscan,1,0,NORMAL,0,0
0,udp,private,SF,42,0,0,0,0,0,0,0,0,0,0,0,0,0,0,0,0,0,4,4,0.0,0.0,0.0,0.0,1.0,0.0,0.0,255,253,0.99,0.01,0.01,0.0,0.0,0.0,0.0,0.0,snmpguess,1,0,NORMAL,0,0
7638,tcp,telnet,SF,0,44,0,0,0,0,0,0,0,0,0,0,0,0,0,0,0,0,1,1,0.0,0.0,0.0,0.0,1.0,0.0,0.0,255,169,0.66,0.02,0.0,0.0,0.49,0.47,0.01,0.01,processtable,1,0,NORMAL,0,0
0,tcp,telnet,SF,126,174,0,0,0,0,1,0,0,0,0,0,0,0,0,0,0,0,1,1,0.0,0.0,0.0,0.0,1.0,0.0,0.0,255,82,0.32,0.02,0.0,0.0,0.0,0.0,0.01,0.04,guess_passwd,1,0,NORMAL,0,0
0,tcp,ftp_data,SF,12,0,0,0,0,0,0,0,0,0,0,0,0,0,0,0,0,0,1,1,0.0,0.0,0.0,0.0,1.0,0.0,0.0,4,11,0.75,0.5,0.75,0.18,0.0,0.0,0.0,0.0,warezmaster,1,0,NORMAL,0,0
7454,tcp,telnet,SF,0,44,0,0,0,0,0,0,0,0,0,0,0,0,0,0,0,0,1,1,0.0,0.0,0.0,0.0,1.0,0.0,0.0,255,201,0.79,0.02,0.0,0.0,0.32,0.34,0.01,0.01,processtable,1,0,NORMAL,0,0
0,tcp,sunrpc,REJ,0,0,0,0,0,0,0,0,0,0,0,0,0,0,0,0,0,0,1,5,0.0,0.0,1.0,1.0,1.0,0.0,1.0,255,29,0.11,0.03,0.0,0.0,0.02,0.0,0.5,1.0,mscan,1,0,NORMAL,0,0
0,tcp,telnet,REJ,0,0,0,0,0,0,0,0,0,0,0,0,0,0,0,0,0,0,1,8,0.0,0.62,1.0,0.12,1.0,0.0,0.88,233,117,0.5,0.01,0.0,0.0,0.0,0.0,0.65,0.3,mscan,1,0,NORMAL,0,0
0,tcp,other,REJ,0,0,0,0,0,0,0,0,0,0,0,0,0,0,0,0,0,0,1,1,0.0,0.0,1.0,1.0,1.0,0.0,0.0,255,26,0.1,0.02,0.0,0.0,0.0,0.0,0.09,0.81,httptunnel,1,0,NORMAL,0,0
0,tcp,telnet,SF,125,174,0,0,0,0,1,0,0,0,0,0,0,0,0,0,0,0,2,2,0.0,0.0,0.0,0.0,1.0,0.0,0.0,255,89,0.35,0.02,0.0,0.0,0.0,0.0,0.01,0.03,guess_passwd,1,0,NORMAL,0,0
0,tcp,telnet,SF,127,188,0,0,0,0,1,0,0,0,0,0,0,0,0,0,0,0,1,1,0.0,0.0,0.0,0.0,1.0,0.0,0.0,255,255,1.0,0.0,0.0,0.0,0.0,0.0,0.02,0.02,guess_passwd,1,0,NORMAL,0,0
0,udp,private,SF,1,1,0,0,0,0,0,0,0,0,0,0,0,0,0,0,0,0,133,12,0.0,0.0,0.0,0.0,0.09,0.74,0.0,255,12,0.05,0.89,1.0,0.0,0.0,0.0,0.0,0.0,normal,0,1,ATTACK,1,0
1,tcp,smtp,SF,2599,293,0,0,0,0,0,1,0,0,0,0,0,0,0,0,0,0,3,3,0.0,0.0,0.0,0.0,1.0,0.0,0.0,255,244,0.96,0.04,0.0,0.0,0.0,0.0,0.04,0.0,mailbomb,1,0,NORMAL,0,0
0,tcp,telnet,SF,119,174,0,0,0,0,1,0,0,0,0,0,0,0,0,0,0,0,1,1,0.0,0.0,0.0,0.0,1.0,0.0,0.0,255,212,0.83,0.02,0.0,0.0,0.0,0.0,0.02,0.03,guess_passwd,1,0,NORMAL,0,0
8132,tcp,telnet,SF,0,15,0,0,0,0,0,0,0,0,0,0,0,0,0,0,0,0,1,1,0.0,0.0,0.0,0.0,1.0,0.0,0.0,255,79,0.31,0.02,0.0,0.0,0.69,0.59,0.01,0.03,processtable,1,0,NORMAL,0,0
0,tcp,http,S0,0,0,0,0,0,0,0,0,0,0,0,0,0,0,0,0,0,0,39,39,0.85,0.85,0.13,0.13,1.0,0.0,0.0,255,255,1.0,0.0,0.0,0.0,0.18,0.18,0.7,0.7,apache2,1,0,NORMAL,0,0
4,tcp,pop_3,SF,30,93,0,0,0,0,0,1,0,0,0,0,0,0,0,0,0,0,1,1,0.0,0.0,0.0,0.0,1.0,0.0,0.0,255,248,0.97,0.01,0.0,0.0,0.0,0.0,0.01,0.0,guess_passwd,1,0,NORMAL,0,0
8080,tcp,telnet,SF,0,15,0,0,0,0,0,0,0,0,0,0,0,0,0,0,0,0,1,1,0.0,0.0,0.0,0.0,1.0,0.0,0.0,255,88,0.35,0.02,0.0,0.0,0.64,0.49,0.01,0.02,processtable,1,0,NORMAL,0,0
0,tcp,ftp_data,SF,12,0,0,0,0,0,0,0,0,0,0,0,0,0,0,0,0,0,1,1,0.0,0.0,0.0,0.0,1.0,0.0,0.0,3,21,1.0,0.0,1.0,0.14,0.0,0.0,0.0,0.0,warezmaster,1,0,NORMAL,0,0
0,tcp,other,REJ,0,0,0,0,0,0,0,0,0,0,0,0,0,0,0,0,0,0,1,1,0.0,0.0,1.0,1.0,1.0,0.0,0.0,126,23,0.18,0.06,0.01,0.0,0.0,0.0,0.13,0.74,httptunnel,1,0,NORMAL,0,0
0,tcp,telnet,REJ,0,0,0,0,0,0,0,0,0,0,0,0,0,0,0,0,0,0,1,13,0.0,0.08,1.0,0.77,1.0,0.0,0.92,130,86,0.35,0.04,0.01,0.02,0.01,0.01,0.87,0.6,mscan,1,0,NORMAL,0,0
0,tcp,telnet,REJ,0,0,0,0,0,0,0,0,0,0,0,0,0,0,0,0,0,0,1,23,0.0,0.13,1.0,0.74,1.0,0.0,0.91,218,17,0.06,0.03,0.0,0.12,0.0,0.0,0.15,0.71,mscan,1,0,NORMAL,0,0
0,tcp,telnet,S3,0,44,0,0,0,0,0,0,0,0,0,0,0,0,0,0,0,0,1,1,1.0,1.0,0.0,0.0,1.0,0.0,0.0,255,124,0.49,0.03,0.0,0.0,0.18,0.38,0.11,0.1,processtable,1,0,NORMAL,0,0
4,tcp,pop_3,SF,26,93,0,0,0,0,0,1,0,0,0,0,0,0,0,0,0,0,1,1,0.0,0.0,0.0,0.0,1.0,0.0,0.0,61,59,0.95,0.03,0.02,0.03,0.0,0.0,0.0,0.0,guess_passwd,1,0,NORMAL,0,0
0,tcp,ftp,SF,26,157,0,0,0,0,1,0,0,0,0,0,0,0,0,0,0,1,1,1,0.0,0.0,0.0,0.0,1.0,0.0,0.0,136,64,0.47,0.03,0.01,0.0,0.0,0.0,0.0,0.0,guess_passwd,1,0,NORMAL,0,0
280,tcp,ftp_data,SF,283618,0,0,0,0,0,0,0,0,0,0,0,0,0,0,0,0,0,1,1,0.0,0.0,0.0,0.0,1.0,0.0,0.0,10,17,0.9,0.2,0.9,0.12,0.0,0.0,0.0,0.0,warezmaster,1,0,NORMAL,0,0
281,tcp,ftp,SF,162,597,0,0,0,2,0,1,0,0,0,0,0,0,0,0,0,1,1,1,0.0,0.0,0.0,0.0,1.0,0.0,0.0,255,34,0.13,0.02,0.0,0.0,0.0,0.0,0.41,0.0,warezmaster,1,0,NORMAL,0,0
4,tcp,pop_3,SF,32,93,0,0,0,0,0,1,0,0,0,0,0,0,0,0,0,0,1,1,0.0,0.0,0.0,0.0,1.0,0.0,0.0,255,132,0.52,0.02,0.0,0.0,0.0,0.0,0.17,0.0,guess_passwd,1,0,NORMAL,0,0
5,tcp,pop_3,SF,28,93,0,0,0,0,0,1,0,0,0,0,0,0,0,0,0,0,1,1,0.0,0.0,0.0,0.0,1.0,0.0,0.0,255,218,0.85,0.04,0.0,0.0,0.0,0.0,0.0,0.0,guess_passwd,1,0,NORMAL,0,0
0,tcp,ftp_data,SF,8334,0,0,0,0,0,0,0,0,0,0,0,0,0,0,0,0,0,1,1,0.0,0.0,0.0,0.0,1.0,0.0,0.0,2,2,1.0,0.0,1.0,0.0,0.0,0.0,0.0,0.0,warezmaster,1,0,NORMAL,0,0
8109,tcp,telnet,SF,0,15,0,0,0,0,0,0,0,0,0,0,0,0,0,0,0,0,1,1,0.0,0.0,0.0,0.0,1.0,0.0,0.0,255,34,0.13,0.76,0.0,0.0,0.04,0.29,0.75,0.0,processtable,1,0,NORMAL,0,0
4,tcp,pop_3,SF,32,93,0,0,0,0,0,1,0,0,0,0,0,0,0,0,0,0,1,1,0.0,0.0,0.0,0.0,1.0,0.0,0.0,255,163,0.64,0.02,0.0,0.0,0.0,0.0,0.13,0.0,guess_passwd,1,0,NORMAL,0,0
281,tcp,ftp,SF,159,595,0,0,0,2,0,1,0,0,0,0,0,0,0,0,0,1,1,1,0.0,0.0,0.0,0.0,1.0,0.0,0.0,191,62,0.32,0.04,0.01,0.0,0.0,0.0,0.0,0.0,warezmaster,1,0,NORMAL,0,0
0,tcp,other,REJ,0,0,0,0,0,0,0,0,0,0,0,0,0,0,0,0,0,0,1,1,0.0,0.0,1.0,1.0,1.0,0.0,0.0,255,19,0.07,0.01,0.0,0.0,0.0,0.0,0.07,0.89,httptunnel,1,0,NORMAL,0,0
5,tcp,pop_3,SF,32,93,0,0,0,0,0,1,0,0,0,0,0,0,0,0,0,0,1,1,0.0,0.0,0.0,0.0,1.0,0.0,0.0,152,134,0.88,0.02,0.01,0.01,0.0,0.0,0.07,0.0,guess_passwd,1,0,NORMAL,0,0
0,udp,other,SF,1,0,0,0,0,0,0,0,0,0,0,0,0,0,0,0,0,0,67,10,0.0,0.0,0.0,0.0,0.15,0.87,0.0,255,10,0.04,0.56,0.96,0.0,0.0,0.0,0.04,0.0,normal,0,1,ATTACK,1,0
0,tcp,ftp_data,SF,3346,0,0,0,0,0,0,0,0,0,0,0,0,0,0,0,0,0,1,1,0.0,0.0,0.0,0.0,1.0,0.0,0.0,255,44,0.17,0.03,0.17,0.0,0.45,0.0,0.02,0.0,ps,1,0,NORMAL,0,0
282,tcp,ftp,SF,160,599,0,0,0,2,0,1,0,0,0,0,0,0,0,0,0,1,1,1,0.0,0.0,0.0,0.0,1.0,0.0,0.0,28,8,0.29,0.14,0.04,0.0,0.0,0.0,0.0,0.0,warezmaster,1,0,NORMAL,0,0
5,tcp,pop_3,SF,28,93,0,0,0,0,0,1,0,0,0,0,0,0,0,0,0,0,1,1,0.0,0.0,0.0,0.0,1.0,0.0,0.0,20,21,1.0,0.0,0.05,0.1,0.0,0.0,0.0,0.0,guess_passwd,1,0,NORMAL,0,0
4,tcp,pop_3,SF,28,93,0,0,0,0,0,1,0,0,0,0,0,0,0,0,0,0,1,1,0.0,0.0,0.0,0.0,1.0,0.0,0.0,255,221,0.87,0.02,0.0,0.0,0.0,0.0,0.03,0.0,guess_passwd,1,0,NORMAL,0,0
0,tcp,telnet,SF,123,174,0,0,0,0,1,0,0,0,0,0,0,0,0,0,0,0,1,1,0.0,0.0,0.0,0.0,1.0,0.0,0.0,255,159,0.62,0.02,0.0,0.0,0.0,0.0,0.02,0.03,guess_passwd,1,0,NORMAL,0,0
1,tcp,smtp,SF,2599,293,0,0,0,0,0,1,0,0,0,0,0,0,0,0,0,0,3,3,0.0,0.0,0.0,0.0,1.0,0.0,0.0,255,64,0.25,0.14,0.0,0.0,0.0,0.0,0.73,0.0,mailbomb,1,0,NORMAL,0,0
7486,tcp,telnet,SF,0,44,0,0,0,0,0,0,0,0,0,0,0,0,0,0,0,0,1,1,0.0,0.0,0.0,0.0,1.0,0.0,0.0,255,186,0.73,0.25,0.0,0.0,0.5,0.68,0.25,0.01,processtable,1,0,NORMAL,0,0
282,tcp,ftp,SF,160,595,0,0,0,2,0,1,0,0,0,0,0,0,0,0,0,1,1,1,0.0,0.0,0.0,0.0,1.0,0.0,0.0,97,52,0.54,0.04,0.01,0.0,0.0,0.0,0.0,0.0,warezmaster,1,0,NORMAL,0,0
7330,tcp,telnet,SF,0,44,0,0,0,0,0,0,0,0,0,0,0,0,0,0,0,0,1,1,0.0,0.0,0.0,0.0,1.0,0.0,0.0,255,224,0.88,0.13,0.0,0.0,0.5,0.57,0.13,0.01,processtable,1,0,NORMAL,0,0
282,tcp,ftp,SF,160,597,0,0,0,2,0,1,0,0,0,0,0,0,0,0,0,1,1,1,0.0,0.0,0.0,0.0,1.0,0.0,0.0,255,26,0.1,0.02,0.0,0.0,0.0,0.0,0.36,0.0,warezmaster,1,0,NORMAL,0,0
282,tcp,ftp,SF,158,593,0,0,0,2,0,1,0,0,0,0,0,0,0,0,0,1,1,1,0.0,0.0,0.0,0.0,1.0,0.0,0.0,255,103,0.4,0.03,0.0,0.0,0.0,0.0,0.0,0.0,warezmaster,1,0,NORMAL,0,0
0,udp,private,SF,51,0,0,0,0,0,0,0,0,0,0,0,0,0,0,0,0,0,3,3,0.0,0.0,0.0,0.0,1.0,0.0,0.0,255,255,1.0,0.0,0.01,0.0,0.0,0.0,0.0,0.0,snmpguess,1,0,NORMAL,0,0
0,udp,private,SF,1,26,0,0,0,0,0,0,0,0,0,0,0,0,0,0,0,0,17,16,0.0,0.0,0.0,0.0,0.94,0.12,0.0,255,27,0.11,0.59,0.44,0.0,0.01,0.0,0.52,0.0,normal,0,1,ATTACK,1,0
7296,tcp,telnet,SF,0,44,0,0,0,0,0,0,0,0,0,0,0,0,0,0,0,0,1,1,0.0,0.0,0.0,0.0,1.0,0.0,0.0,255,242,0.95,0.02,0.0,0.0,0.33,0.35,0.07,0.03,processtable,1,0,NORMAL,0,0
4,tcp,pop_3,SF,28,93,0,0,0,0,0,1,0,0,0,0,0,0,0,0,0,0,1,1,0.0,0.0,0.0,0.0,1.0,0.0,0.0,124,109,0.87,0.02,0.01,0.02,0.0,0.0,0.08,0.0,guess_passwd,1,0,NORMAL,0,0
1,tcp,smtp,SF,2599,293,0,0,0,0,0,1,0,0,0,0,0,0,0,0,0,0,2,2,0.0,0.0,0.0,0.0,1.0,0.0,0.0,255,246,0.96,0.04,0.0,0.0,0.0,0.0,0.04,0.0,mailbomb,1,0,NORMAL,0,0
0,tcp,pop_3,SF,30,217,0,0,0,0,0,1,0,0,0,0,0,0,0,0,0,0,1,1,0.0,0.0,0.0,0.0,1.0,0.0,0.0,47,10,0.21,0.11,0.02,0.0,0.0,0.0,0.0,0.0,guess_passwd,1,0,NORMAL,0,0
1,tcp,smtp,SF,2599,293,0,0,0,0,0,1,0,0,0,0,0,0,0,0,0,0,3,3,0.0,0.0,0.0,0.0,1.0,0.0,0.0,255,44,0.17,0.16,0.0,0.0,0.0,0.0,0.81,0.0,mailbomb,1,0,NORMAL,0,0
0,tcp,telnet,RSTO,0,15,0,0,0,0,0,0,0,0,0,0,0,0,0,0,0,0,2,4,0.0,0.0,0.5,0.5,1.0,0.0,0.5,67,90,0.34,0.07,0.01,0.02,0.0,0.11,0.87,0.6,mscan,1,0,NORMAL,0,0
788,tcp,http,RSTR,1024,0,0,0,0,0,0,1,0,0,0,0,0,0,0,0,0,0,41,41,0.02,0.02,0.98,0.98,1.0,0.0,0.0,255,253,0.99,0.01,0.0,0.0,0.01,0.01,0.71,0.71,apache2,1,0,NORMAL,0,0
0,udp,private,SF,44,0,0,0,0,0,0,0,0,0,0,0,0,0,0,0,0,0,3,3,0.0,0.0,0.0,0.0,1.0,0.0,0.0,255,253,0.99,0.01,0.01,0.0,0.0,0.0,0.0,0.0,snmpguess,1,0,NORMAL,0,0
281,tcp,ftp,SF,160,595,0,0,0,2,0,1,0,0,0,0,0,0,0,0,0,1,1,1,0.0,0.0,0.0,0.0,1.0,0.0,0.0,100,41,0.41,0.06,0.01,0.0,0.0,0.0,0.0,0.0,warezmaster,1,0,NORMAL,0,0
895,tcp,http,RSTR,3904,0,0,0,0,0,0,1,0,0,0,0,0,0,0,0,0,0,27,27,0.19,0.19,0.81,0.81,1.0,0.0,0.0,255,255,1.0,0.0,0.0,0.0,0.02,0.02,0.62,0.62,apache2,1,0,NORMAL,0,0
0,tcp,telnet,SF,118,174,0,0,0,0,1,0,0,0,0,0,0,0,0,0,0,0,1,1,0.0,0.0,0.0,0.0,1.0,0.0,0.0,255,254,1.0,0.01,0.0,0.0,0.01,0.01,0.02,0.02,guess_passwd,1,0,NORMAL,0,0
7368,tcp,telnet,SF,0,44,0,0,0,0,0,0,0,0,0,0,0,0,0,0,0,0,1,1,0.0,0.0,0.0,0.0,1.0,0.0,0.0,255,230,0.9,0.02,0.0,0.0,0.33,0.37,0.11,0.06,processtable,1,0,NORMAL,0,0
0,tcp,ftp_data,SF,12,0,0,0,0,0,0,0,0,0,0,0,0,0,0,0,0,0,1,1,0.0,0.0,0.0,0.0,1.0,0.0,0.0,13,39,1.0,0.0,1.0,0.1,0.0,0.0,0.0,0.0,warezmaster,1,0,NORMAL,0,0
281,tcp,ftp,SF,160,597,0,0,0,2,0,1,0,0,0,0,0,0,0,0,0,1,1,1,0.0,0.0,0.0,0.0,1.0,0.0,0.0,199,96,0.48,0.03,0.01,0.0,0.0,0.0,0.0,0.0,warezmaster,1,0,NORMAL,0,0
0,udp,private,SF,105,147,0,0,0,0,0,0,0,0,0,0,0,0,0,0,0,0,1,1,0.0,0.0,0.0,0.0,1.0,0.0,0.0,109,108,0.99,0.02,0.01,0.0,0.0,0.0,0.0,0.0,snmpgetattack,1,0,NORMAL,0,0
0,tcp,ftp_data,SF,12,0,0,0,0,0,0,0,0,0,0,0,0,0,0,0,0,0,2,2,0.0,0.0,0.0,0.0,1.0,0.0,0.0,8,24,1.0,0.0,1.0,0.17,0.0,0.0,0.0,0.0,warezmaster,1,0,NORMAL,0,0
4,tcp,pop_3,SF,26,93,0,0,0,0,0,1,0,0,0,0,0,0,0,0,0,0,1,1,0.0,0.0,0.0,0.0,1.0,0.0,0.0,217,198,0.91,0.01,0.0,0.0,0.0,0.0,0.05,0.0,guess_passwd,1,0,NORMAL,0,0
0,tcp,telnet,SF,124,174,0,0,0,0,1,0,0,0,0,0,0,0,0,0,0,0,1,1,0.0,0.0,0.0,0.0,1.0,0.0,0.0,255,254,1.0,0.01,0.0,0.0,0.02,0.02,0.01,0.01,guess_passwd,1,0,NORMAL,0,0
1,tcp,pop_3,RSTR,15,46,0,0,0,0,0,1,0,0,0,0,0,0,0,0,0,0,1,1,0.0,0.0,1.0,1.0,1.0,0.0,0.0,255,219,0.86,0.02,0.0,0.0,0.0,0.0,0.04,0.01,guess_passwd,1,0,NORMAL,0,0
280,tcp,ftp_data,SF,283618,0,0,0,0,0,0,0,0,0,0,0,0,0,0,0,0,0,2,2,0.0,0.0,0.0,0.0,1.0,0.0,0.0,148,43,0.19,0.04,0.19,0.05,0.0,0.0,0.0,0.0,warezmaster,1,0,NORMAL,0,0
281,tcp,ftp,SF,160,597,0,0,0,2,0,1,0,0,0,0,0,0,0,0,0,1,1,1,0.0,0.0,0.0,0.0,1.0,0.0,0.0,149,51,0.34,0.04,0.01,0.0,0.0,0.0,0.0,0.0,warezmaster,1,0,NORMAL,0,0
0,tcp,ftp_data,SF,12,0,0,0,0,0,0,0,0,0,0,0,0,0,0,0,0,0,1,1,0.0,0.0,0.0,0.0,1.0,0.0,0.0,116,17,0.08,0.02,0.08,0.12,0.0,0.0,0.0,0.0,warezmaster,1,0,NORMAL,0,0
0,udp,private,SF,105,147,0,0,0,0,0,0,0,0,0,0,0,0,0,0,0,0,2,2,0.0,0.0,0.0,0.0,1.0,0.0,0.0,255,254,1.0,0.01,0.0,0.0,0.0,0.0,0.0,0.0,snmpgetattack,1,0,NORMAL,0,0
0,tcp,telnet,SF,126,174,0,0,0,0,1,0,0,0,0,0,0,0,0,0,0,0,1,1,0.0,0.0,0.0,0.0,1.0,0.0,0.0,255,216,0.85,0.02,0.0,0.0,0.0,0.0,0.02,0.03,guess_passwd,1,0,NORMAL,0,0
8224,tcp,telnet,SF,0,15,0,0,0,0,0,0,0,0,0,0,0,0,0,0,0,0,1,1,0.0,0.0,0.0,0.0,1.0,0.0,0.0,255,34,0.13,0.04,0.0,0.0,0.0,0.03,0.08,0.29,processtable,1,0,NORMAL,0,0
0,udp,private,SF,28,0,0,3,0,0,0,0,0,0,0,0,0,0,0,0,0,0,71,71,0.0,0.0,0.0,0.0,1.0,0.0,0.0,96,71,0.74,0.04,0.74,0.0,0.0,0.0,0.0,0.0,normal,0,1,ATTACK,1,0
906,tcp,http,RSTR,57964,0,0,0,0,0,0,1,0,0,0,0,0,0,0,0,0,0,1,1,0.0,0.0,1.0,1.0,1.0,0.0,0.0,255,253,0.99,0.01,0.0,0.0,0.0,0.0,0.0,0.0,apache2,1,0,NORMAL,0,0
0,udp,private,SF,1,4,0,0,0,0,0,0,0,0,0,0,0,0,0,0,0,0,9,7,0.0,0.0,0.0,0.0,0.78,0.22,0.0,255,7,0.03,0.29,0.84,0.0,0.0,0.0,0.13,0.0,normal,0,1,ATTACK,1,0
7502,tcp,telnet,SF,0,44,0,0,0,0,0,0,0,0,0,0,0,0,0,0,0,0,1,1,0.0,0.0,0.0,0.0,1.0,0.0,0.0,255,182,0.71,0.27,0.0,0.0,0.5,0.7,0.26,0.01,processtable,1,0,NORMAL,0,0
7530,tcp,telnet,SF,0,44,0,0,0,0,0,0,0,0,0,0,0,0,0,0,0,0,1,1,0.0,0.0,0.0,0.0,1.0,0.0,0.0,255,186,0.73,0.02,0.0,0.0,0.4,0.39,0.01,0.01,processtable,1,0,NORMAL,0,0
0,udp,private,SF,45,0,0,0,0,0,0,0,0,0,0,0,0,0,0,0,0,0,1,1,0.0,0.0,0.0,0.0,1.0,0.0,0.0,255,255,1.0,0.0,0.01,0.0,0.0,0.0,0.0,0.0,snmpguess,1,0,NORMAL,0,0
0,tcp,telnet,RSTO,0,15,0,0,0,0,0,0,0,0,0,0,0,0,0,0,0,0,1,6,0.0,0.0,1.0,0.33,1.0,0.0,0.67,49,95,0.33,0.1,0.02,0.02,0.0,0.07,0.9,0.61,mscan,1,0,NORMAL,0,0
5,tcp,pop_3,SF,26,93,0,0,0,0,0,1,0,0,0,0,0,0,0,0,0,0,1,1,0.0,0.0,0.0,0.0,1.0,0.0,0.0,144,127,0.88,0.02,0.01,0.02,0.0,0.0,0.07,0.0,guess_passwd,1,0,NORMAL,0,0
8031,tcp,telnet,SF,0,44,0,0,0,0,0,0,0,0,0,0,0,0,0,0,0,0,1,1,0.0,0.0,0.0,0.0,1.0,0.0,0.0,255,97,0.38,0.02,0.0,0.0,0.61,0.44,0.01,0.01,processtable,1,0,NORMAL,0,0
0,icmp,ecr_i,SF,1480,0,0,1,0,0,0,0,0,0,0,0,0,0,0,0,0,0,2,4,0.0,0.0,0.0,0.0,1.0,0.0,0.5,2,4,1.0,0.0,1.0,0.5,0.0,0.0,0.0,0.0,normal,0,1,ATTACK,1,0
4,tcp,pop_3,SF,32,93,0,0,0,0,0,1,0,0,0,0,0,0,0,0,0,0,1,1,0.0,0.0,0.0,0.0,1.0,0.0,0.0,160,142,0.88,0.02,0.01,0.01,0.0,0.0,0.06,0.0,guess_passwd,1,0,NORMAL,0,0
5,tcp,pop_3,SF,27,93,0,0,0,0,0,1,0,0,0,0,0,0,0,0,0,0,1,1,0.0,0.0,0.0,0.0,1.0,0.0,0.0,255,230,0.9,0.02,0.0,0.0,0.0,0.0,0.06,0.0,guess_passwd,1,0,NORMAL,0,0
4,tcp,pop_3,SF,26,93,0,0,0,0,0,1,0,0,0,0,0,0,0,0,0,0,1,1,0.0,0.0,0.0,0.0,1.0,0.0,0.0,255,237,0.93,0.01,0.0,0.0,0.0,0.0,0.04,0.0,guess_passwd,1,0,NORMAL,0,0
0,tcp,telnet,SF,120,174,0,0,0,0,1,0,0,0,0,0,0,0,0,0,0,0,2,2,0.0,0.0,0.0,0.0,1.0,0.0,0.0,255,229,0.9,0.02,0.0,0.0,0.0,0.0,0.02,0.03,guess_passwd,1,0,NORMAL,0,0
0,tcp,ftp_data,SF,12,0,0,0,0,0,0,0,0,0,0,0,0,0,0,0,0,0,1,1,0.0,0.0,0.0,0.0,1.0,0.0,0.0,1,17,1.0,0.0,1.0,0.18,0.0,0.0,0.0,0.0,warezmaster,1,0,NORMAL,0,0
4,tcp,pop_3,SF,27,93,0,0,0,0,0,1,0,0,0,0,0,0,0,0,0,0,1,1,0.0,0.0,0.0,0.0,1.0,0.0,0.0,255,236,0.93,0.01,0.0,0.0,0.0,0.0,0.04,0.0,guess_passwd,1,0,NORMAL,0,0
1,tcp,smtp,SF,2599,293,0,0,0,0,0,1,0,0,0,0,0,0,0,0,0,0,2,2,0.0,0.0,0.0,0.0,1.0,0.0,0.0,255,98,0.38,0.14,0.0,0.0,0.0,0.0,0.6,0.0,mailbomb,1,0,NORMAL,0,0
0,tcp,telnet,SF,124,174,0,0,0,0,1,0,0,0,0,0,0,0,0,0,0,0,1,1,0.0,0.0,0.0,0.0,1.0,0.0,0.0,255,169,0.66,0.02,0.0,0.0,0.0,0.0,0.02,0.03,guess_passwd,1,0,NORMAL,0,0
0,tcp,telnet,SF,121,174,0,0,0,0,1,0,0,0,0,0,0,0,0,0,0,0,1,1,0.0,0.0,0.0,0.0,1.0,0.0,0.0,255,204,0.8,0.02,0.0,0.0,0.0,0.0,0.02,0.03,guess_passwd,1,0,NORMAL,0,0
4,tcp,pop_3,SF,30,93,0,0,0,0,0,1,0,0,0,0,0,0,0,0,0,0,1,1,0.0,0.0,0.0,0.0,1.0,0.0,0.0,255,251,0.98,0.01,0.0,0.0,0.0,0.0,0.01,0.0,guess_passwd,1,0,NORMAL,0,0
280,tcp,ftp_data,SF,283618,0,0,0,0,0,0,0,0,0,0,0,0,0,0,0,0,0,1,1,0.0,0.0,0.0,0.0,1.0,0.0,0.0,114,15,0.06,0.02,0.06,0.13,0.0,0.0,0.0,0.0,warezmaster,1,0,NORMAL,0,0
0,tcp,telnet,SF,119,174,0,0,0,0,1,0,0,0,0,0,0,0,0,0,0,0,1,1,0.0,0.0,0.0,0.0,1.0,0.0,0.0,255,7,0.03,0.02,0.0,0.0,0.0,0.0,0.0,0.14,guess_passwd,1,0,NORMAL,0,0
0,tcp,sunrpc,REJ,0,0,0,0,0,0,0,0,0,0,0,0,0,0,0,0,0,0,1,3,0.0,0.0,1.0,1.0,1.0,0.0,1.0,179,29,0.1,0.04,0.01,0.07,0.0,0.0,0.51,1.0,mscan,1,0,NORMAL,0,0
283,tcp,ftp,SF,166,601,0,0,0,2,0,1,0,0,0,0,0,0,0,0,0,1,1,1,0.0,0.0,0.0,0.0,1.0,0.0,0.0,255,62,0.24,0.03,0.0,0.0,0.1,0.0,0.02,0.0,warezmaster,1,0,NORMAL,0,0
282,tcp,ftp,SF,157,597,0,0,0,2,0,1,0,0,0,0,0,0,0,0,0,1,1,1,0.0,0.0,0.0,0.0,1.0,0.0,0.0,255,28,0.11,0.02,0.0,0.0,0.0,0.0,0.36,0.0,warezmaster,1,0,NORMAL,0,0
1,tcp,smtp,SF,2599,293,0,0,0,0,0,1,0,0,0,0,0,0,0,0,0,0,3,2,0.0,0.0,0.33,0.0,0.67,0.67,0.0,255,57,0.22,0.16,0.0,0.0,0.0,0.0,0.76,0.0,mailbomb,1,0,NORMAL,0,0
4,tcp,pop_3,SF,32,93,0,0,0,0,0,1,0,0,0,0,0,0,0,0,0,0,1,1,0.0,0.0,0.0,0.0,1.0,0.0,0.0,255,160,0.63,0.02,0.0,0.0,0.0,0.0,0.13,0.0,guess_passwd,1,0,NORMAL,0,0
8,tcp,pop_3,SF,28,93,0,0,0,0,0,1,0,0,0,0,0,0,0,0,0,0,1,1,0.0,0.0,0.0,0.0,1.0,0.0,0.0,255,246,0.96,0.01,0.0,0.0,0.0,0.0,0.0,0.0,guess_passwd,1,0,NORMAL,0,0
283,tcp,ftp,SF,160,597,0,0,0,2,0,1,0,0,0,0,0,0,0,0,0,1,1,1,0.0,0.0,0.0,0.0,1.0,0.0,0.0,255,80,0.31,0.03,0.0,0.0,0.02,0.0,0.02,0.0,warezmaster,1,0,NORMAL,0,0
0,tcp,telnet,REJ,0,0,0,0,0,0,0,0,0,0,0,0,0,0,0,0,0,0,1,24,0.0,0.12,1.0,0.75,1.0,0.0,0.83,45,87,0.33,0.11,0.02,0.02,0.0,0.0,0.84,0.7,mscan,1,0,NORMAL,0,0
0,icmp,urp_i,SF,36,0,0,0,0,0,0,0,0,0,0,0,0,0,0,0,0,0,1,2,0.0,0.0,0.0,0.0,1.0,0.0,1.0,16,16,1.0,0.0,1.0,0.0,0.0,0.0,0.0,0.0,snmpguess,1,0,NORMAL,0,0
0,tcp,other,RSTR,0,0,0,0,0,0,0,0,0,0,0,0,0,0,0,0,0,0,1,1,0.0,0.0,1.0,1.0,1.0,0.0,0.0,255,1,0.0,0.65,0.64,0.0,0.0,0.0,0.64,1.0,normal,0,1,ATTACK,1,0
5,tcp,smtp,SF,2599,293,0,0,0,0,0,1,0,0,0,0,0,0,0,0,0,0,2,2,0.0,0.0,0.0,0.0,1.0,0.0,0.0,255,247,0.97,0.04,0.0,0.0,0.0,0.0,0.03,0.0,mailbomb,1,0,NORMAL,0,0
0,tcp,other,REJ,0,0,0,0,0,0,0,0,0,0,0,0,0,0,0,0,0,0,1,1,0.0,0.0,1.0,1.0,1.0,0.0,0.0,255,40,0.16,0.02,0.0,0.0,0.0,0.0,0.14,0.8,httptunnel,1,0,NORMAL,0,0
4,tcp,pop_3,SF,32,93,0,0,0,0,0,1,0,0,0,0,0,0,0,0,0,0,1,1,0.0,0.0,0.0,0.0,1.0,0.0,0.0,255,222,0.87,0.02,0.0,0.0,0.0,0.0,0.06,0.0,guess_passwd,1,0,NORMAL,0,0
282,tcp,ftp,SF,159,597,0,0,0,2,0,1,0,0,0,0,0,0,0,0,0,1,1,1,0.0,0.0,0.0,0.0,1.0,0.0,0.0,221,12,0.05,0.68,0.0,0.0,0.0,0.0,0.69,0.08,warezmaster,1,0,NORMAL,0,0
0,tcp,other,REJ,0,0,0,0,0,0,0,0,0,0,0,0,0,0,0,0,0,0,1,1,0.0,0.0,1.0,1.0,1.0,0.0,0.0,255,8,0.03,0.01,0.0,0.0,0.0,0.0,0.03,1.0,httptunnel,1,0,NORMAL,0,0
7473,tcp,telnet,SF,0,44,0,0,0,0,0,0,0,0,0,0,0,0,0,0,0,0,1,1,0.0,0.0,0.0,0.0,1.0,0.0,0.0,255,206,0.81,0.03,0.0,0.0,0.33,0.41,0.12,0.07,processtable,1,0,NORMAL,0,0
1,tcp,smtp,SF,2599,293,0,0,0,0,0,1,0,0,0,0,0,0,0,0,0,0,3,3,0.0,0.0,0.0,0.0,1.0,0.0,0.0,255,191,0.75,0.13,0.0,0.0,0.0,0.0,0.24,0.0,mailbomb,1,0,NORMAL,0,0
1,tcp,smtp,SF,2599,293,0,0,0,0,0,1,0,0,0,0,0,0,0,0,0,0,3,3,0.0,0.0,0.0,0.0,1.0,0.0,0.0,255,246,0.96,0.04,0.0,0.0,0.0,0.0,0.04,0.0,mailbomb,1,0,NORMAL,0,0
9,tcp,telnet,SF,4209,7919,0,0,0,0,0,1,0,0,0,0,0,0,0,0,0,0,1,1,0.0,0.0,0.0,0.0,1.0,0.0,0.0,113,2,0.02,0.04,0.01,0.0,0.0,0.0,0.0,0.0,worm,1,0,NORMAL,0,0
5,tcp,pop_3,SF,26,93,0,0,0,0,0,1,0,0,0,0,0,0,0,0,0,0,1,1,0.0,0.0,0.0,0.0,1.0,0.0,0.0,233,214,0.92,0.01,0.0,0.0,0.0,0.0,0.04,0.0,guess_passwd,1,0,NORMAL,0,0
281,tcp,ftp,SF,160,599,0,0,0,2,0,1,0,0,0,0,0,0,0,0,0,1,1,1,0.0,0.0,0.0,0.0,1.0,0.0,0.0,164,55,0.34,0.04,0.01,0.0,0.0,0.0,0.0,0.0,warezmaster,1,0,NORMAL,0,0
7434,tcp,telnet,SF,0,44,0,0,0,0,0,0,0,0,0,0,0,0,0,0,0,0,1,1,0.0,0.0,0.0,0.0,1.0,0.0,0.0,255,199,0.78,0.21,0.0,0.0,0.5,0.64,0.2,0.01,processtable,1,0,NORMAL,0,0
4,tcp,pop_3,SF,32,93,0,0,0,0,0,1,0,0,0,0,0,0,0,0,0,0,1,1,0.0,0.0,0.0,0.0,1.0,0.0,0.0,255,161,0.63,0.02,0.0,0.0,0.0,0.0,0.13,0.0,guess_passwd,1,0,NORMAL,0,0
282,tcp,ftp,SF,164,601,0,0,0,2,0,1,0,0,0,0,0,0,0,0,0,1,1,1,0.0,0.0,0.0,0.0,1.0,0.0,0.0,255,105,0.41,0.03,0.0,0.0,0.0,0.0,0.0,0.0,warezmaster,1,0,NORMAL,0,0
7310,tcp,telnet,SF,0,44,0,0,0,0,0,0,0,0,0,0,0,0,0,0,0,0,1,1,0.0,0.0,0.0,0.0,1.0,0.0,0.0,255,233,0.91,0.02,0.0,0.0,0.27,0.3,0.01,0.0,processtable,1,0,NORMAL,0,0
0,udp,private,SF,105,146,0,0,0,0,0,0,0,0,0,0,0,0,0,0,0,0,1,1,0.0,0.0,0.0,0.0,1.0,0.0,0.0,255,250,0.98,0.01,0.0,0.0,0.0,0.0,0.0,0.0,snmpgetattack,1,0,NORMAL,0,0
282,tcp,ftp,SF,160,599,0,0,0,2,0,1,0,0,0,0,0,0,0,0,0,1,1,1,0.0,0.0,0.0,0.0,1.0,0.0,0.0,255,24,0.09,0.02,0.0,0.0,0.02,0.0,0.33,0.0,warezmaster,1,0,NORMAL,0,0
3,tcp,pop_3,SF,30,93,0,0,0,0,0,1,0,0,0,0,0,0,0,0,0,0,1,1,0.0,0.0,0.0,0.0,1.0,0.0,0.0,255,247,0.97,0.01,0.0,0.0,0.0,0.0,0.02,0.0,guess_passwd,1,0,NORMAL,0,0
1,tcp,telnet,RSTO,123,178,0,0,0,0,1,0,0,0,0,0,0,0,0,0,0,0,1,1,0.0,0.0,1.0,1.0,1.0,0.0,0.0,255,12,0.05,0.01,0.0,0.0,0.0,0.0,0.03,0.67,guess_passwd,1,0,NORMAL,0,0
282,tcp,ftp,SF,160,595,0,0,0,2,0,1,0,0,0,0,0,0,0,0,0,1,1,1,0.0,0.0,0.0,0.0,1.0,0.0,0.0,148,50,0.34,0.04,0.01,0.0,0.0,0.0,0.0,0.0,warezmaster,1,0,NORMAL,0,0
0,udp,private,SF,45,0,0,0,0,0,0,0,0,0,0,0,0,0,0,0,0,0,5,5,0.0,0.0,0.0,0.0,1.0,0.0,0.0,255,253,0.99,0.01,0.0,0.0,0.0,0.0,0.0,0.0,snmpguess,1,0,NORMAL,0,0
0,tcp,ftp_data,SF,12,0,0,0,0,0,0,0,0,0,0,0,0,0,0,0,0,0,1,1,0.0,0.0,0.0,0.0,1.0,0.0,0.0,7,17,1.0,0.0,1.0,0.12,0.0,0.0,0.0,0.0,warezmaster,1,0,NORMAL,0,0
0,udp,private,SF,28,0,0,3,0,0,0,0,0,0,0,0,0,0,0,0,0,0,50,50,0.0,0.0,0.0,0.0,1.0,0.0,0.0,255,50,0.2,0.02,0.2,0.0,0.0,0.0,0.0,0.0,normal,0,1,ATTACK,1,0
1,tcp,telnet,RSTO,0,15,0,0,0,0,0,0,0,0,0,0,0,0,0,0,0,0,1,4,0.0,0.25,1.0,0.5,1.0,0.0,0.75,255,35,0.14,0.03,0.0,0.0,0.01,0.0,0.38,0.77,mscan,1,0,NORMAL,0,0
0,tcp,telnet,SF,126,174,0,0,0,0,1,0,0,0,0,0,0,0,0,0,0,0,1,1,0.0,0.0,0.0,0.0,1.0,0.0,0.0,255,248,0.97,0.01,0.0,0.0,0.0,0.0,0.02,0.02,guess_passwd,1,0,NORMAL,0,0
0,udp,private,SF,42,0,0,0,0,0,0,0,0,0,0,0,0,0,0,0,0,0,2,2,0.0,0.0,0.0,0.0,1.0,0.0,0.0,255,253,0.99,0.01,0.01,0.0,0.0,0.0,0.0,0.0,snmpguess,1,0,NORMAL,0,0
1,tcp,telnet,SF,24,715,0,0,0,0,0,0,0,0,0,0,0,0,0,0,0,0,3,3,0.0,0.0,0.67,0.33,0.33,1.0,0.67,255,67,0.26,0.02,0.0,0.0,0.0,0.01,0.7,0.69,mscan,1,0,NORMAL,0,0
0,udp,private,SF,105,105,0,0,0,0,0,0,0,0,0,0,0,0,0,0,0,0,3,3,0.0,0.0,0.0,0.0,1.0,0.0,0.0,255,254,1.0,0.01,0.01,0.0,0.0,0.0,0.0,0.0,snmpgetattack,1,0,NORMAL,0,0
0,tcp,pop_3,REJ,0,0,0,0,0,0,0,0,0,0,0,0,0,0,0,0,0,0,1,15,0.0,0.0,1.0,1.0,1.0,0.0,1.0,14,60,0.29,0.36,0.07,0.03,0.0,0.0,0.79,0.98,mscan,1,0,NORMAL,0,0
7230,tcp,telnet,SF,0,44,0,0,0,0,0,0,0,0,0,0,0,0,0,0,0,0,1,1,0.0,0.0,0.0,0.0,1.0,0.0,0.0,255,229,0.9,0.1,0.0,0.0,0.5,0.55,0.1,0.01,processtable,1,0,NORMAL,0,0
0,tcp,telnet,SF,128,174,0,0,0,0,1,0,0,0,0,0,0,0,0,0,0,0,1,1,0.0,0.0,0.0,0.0,1.0,0.0,0.0,255,9,0.04,0.02,0.0,0.0,0.0,0.0,0.0,0.11,guess_passwd,1,0,NORMAL,0,0
282,tcp,ftp,SF,162,599,0,0,0,2,0,1,0,0,0,0,0,0,0,0,0,1,1,1,0.0,0.0,0.0,0.0,1.0,0.0,0.0,255,17,0.07,0.89,0.0,0.0,0.0,0.06,0.86,0.0,warezmaster,1,0,NORMAL,0,0
1,tcp,smtp,SF,2599,293,0,0,0,0,0,1,0,0,0,0,0,0,0,0,0,0,2,2,0.0,0.0,0.0,0.0,1.0,0.0,0.0,255,29,0.11,0.16,0.0,0.0,0.0,0.0,0.87,0.0,mailbomb,1,0,NORMAL,0,0
0,tcp,telnet,SF,125,174,0,0,0,0,1,0,0,0,0,0,0,0,0,0,0,0,2,2,0.0,0.0,0.0,0.0,1.0,0.0,0.0,255,255,1.0,0.0,0.0,0.0,0.0,0.0,0.02,0.02,guess_passwd,1,0,NORMAL,0,0
4,tcp,pop_3,SF,32,93,0,0,0,0,0,1,0,0,0,0,0,0,0,0,0,0,1,1,0.0,0.0,0.0,0.0,1.0,0.0,0.0,255,228,0.89,0.02,0.0,0.0,0.0,0.0,0.07,0.0,guess_passwd,1,0,NORMAL,0,0
3,tcp,pop_3,SF,30,93,0,0,0,0,0,1,0,0,0,0,0,0,0,0,0,0,1,1,0.0,0.0,0.0,0.0,1.0,0.0,0.0,255,251,0.98,0.01,0.0,0.0,0.0,0.0,0.0,0.0,guess_passwd,1,0,NORMAL,0,0
5,tcp,pop_3,SF,30,93,0,0,0,0,0,1,0,0,0,0,0,0,0,0,0,0,1,1,0.0,0.0,0.0,0.0,1.0,0.0,0.0,255,253,0.99,0.01,0.0,0.0,0.0,0.0,0.0,0.0,guess_passwd,1,0,NORMAL,0,0
8052,tcp,telnet,SF,0,44,0,0,0,0,0,0,0,0,0,0,0,0,0,0,0,0,1,1,0.0,0.0,0.0,0.0,1.0,0.0,0.0,255,75,0.29,0.03,0.0,0.0,0.01,0.03,0.11,0.17,processtable,1,0,NORMAL,0,0
4,tcp,pop_3,SF,28,93,0,0,0,0,0,1,0,0,0,0,0,0,0,0,0,0,1,1,0.0,0.0,0.0,0.0,1.0,0.0,0.0,90,77,0.84,0.03,0.01,0.03,0.0,0.0,0.11,0.0,guess_passwd,1,0,NORMAL,0,0
0,udp,private,SF,43,0,0,0,0,0,0,0,0,0,0,0,0,0,0,0,0,0,3,3,0.0,0.0,0.0,0.0,1.0,0.0,0.0,255,253,0.99,0.01,0.01,0.0,0.0,0.0,0.0,0.0,snmpguess,1,0,NORMAL,0,0
0,tcp,telnet,S3,0,44,0,0,0,0,0,0,0,0,0,0,0,0,0,0,0,0,1,1,1.0,1.0,0.0,0.0,1.0,0.0,0.0,255,105,0.41,0.52,0.0,0.0,0.31,0.76,0.51,0.0,processtable,1,0,NORMAL,0,0
0,tcp,ftp_data,SF,12,0,0,0,0,0,0,0,0,0,0,0,0,0,0,0,0,0,2,2,0.0,0.0,0.0,0.0,1.0,0.0,0.0,2,18,1.0,0.0,1.0,0.11,0.0,0.0,0.0,0.0,warezmaster,1,0,NORMAL,0,0
4,tcp,pop_3,SF,28,93,0,0,0,0,0,1,0,0,0,0,0,0,0,0,0,0,1,1,0.0,0.0,0.0,0.0,1.0,0.0,0.0,255,238,0.93,0.02,0.0,0.0,0.0,0.0,0.02,0.0,guess_passwd,1,0,NORMAL,0,0
0,udp,private,SF,42,0,0,0,0,0,0,0,0,0,0,0,0,0,0,0,0,0,3,3,0.0,0.0,0.0,0.0,1.0,0.0,0.0,255,254,1.0,0.01,0.01,0.0,0.0,0.0,0.0,0.0,snmpguess,1,0,NORMAL,0,0
281,tcp,ftp,SF,164,599,0,0,0,2,0,1,0,0,0,0,0,0,0,0,0,1,1,1,0.0,0.0,0.0,0.0,1.0,0.0,0.0,50,24,0.48,0.08,0.02,0.0,0.0,0.0,0.0,0.0,warezmaster,1,0,NORMAL,0,0
0,udp,private,SF,44,44,0,0,0,0,0,0,0,0,0,0,0,0,0,0,0,0,3,3,0.0,0.0,0.0,0.0,1.0,0.0,0.0,255,255,1.0,0.0,0.02,0.0,0.0,0.0,0.0,0.0,snmpguess,1,0,NORMAL,0,0
0,tcp,http,S0,0,0,0,0,0,0,0,0,0,0,0,0,0,0,0,0,0,0,32,32,0.19,0.19,0.81,0.81,1.0,0.0,0.0,255,255,1.0,0.0,0.0,0.0,0.04,0.04,0.68,0.68,apache2,1,0,NORMAL,0,0
0,tcp,pop_3,SF,30,217,0,0,0,0,0,1,0,0,0,0,0,0,0,0,0,0,1,1,0.0,0.0,0.0,0.0,1.0,0.0,0.0,112,13,0.12,0.04,0.01,0.0,0.0,0.0,0.0,0.0,guess_passwd,1,0,NORMAL,0,0
0,udp,private,SF,41,0,0,0,0,0,0,0,0,0,0,0,0,0,0,0,0,0,5,5,0.0,0.0,0.0,0.0,1.0,0.0,0.0,255,254,1.0,0.01,0.0,0.0,0.0,0.0,0.0,0.0,snmpguess,1,0,NORMAL,0,0
281,tcp,ftp,SF,163,601,0,0,0,2,0,1,0,0,0,0,0,0,0,0,0,1,1,1,0.0,0.0,0.0,0.0,1.0,0.0,0.0,255,13,0.05,0.72,0.0,0.0,0.0,0.0,0.71,0.0,warezmaster,1,0,NORMAL,0,0
0,tcp,http,S0,0,0,0,0,0,0,0,0,0,0,0,0,0,0,0,0,0,0,48,48,0.06,0.06,0.94,0.94,1.0,0.0,0.0,255,253,0.99,0.01,0.0,0.0,0.02,0.02,0.73,0.73,apache2,1,0,NORMAL,0,0
5,tcp,pop_3,SF,30,93,0,0,0,0,0,1,0,0,0,0,0,0,0,0,0,0,1,1,0.0,0.0,0.0,0.0,1.0,0.0,0.0,255,250,0.98,0.01,0.0,0.0,0.0,0.0,0.0,0.0,guess_passwd,1,0,NORMAL,0,0
0,tcp,other,REJ,0,0,0,0,0,0,0,0,0,0,0,0,0,0,0,0,0,0,1,1,0.0,0.0,1.0,1.0,1.0,0.0,0.0,255,49,0.19,0.02,0.0,0.0,0.0,0.0,0.17,0.84,httptunnel,1,0,NORMAL,0,0
0,tcp,telnet,SF,126,174,0,0,0,0,1,0,0,0,0,0,0,0,0,0,0,0,1,1,0.0,0.0,0.0,0.0,1.0,0.0,0.0,255,161,0.63,0.02,0.0,0.0,0.0,0.0,0.02,0.02,guess_passwd,1,0,NORMAL,0,0
4,tcp,pop_3,SF,28,93,0,0,0,0,0,1,0,0,0,0,0,0,0,0,0,0,1,1,0.0,0.0,0.0,0.0,1.0,0.0,0.0,255,215,0.84,0.02,0.0,0.0,0.0,0.0,0.07,0.0,guess_passwd,1,0,NORMAL,0,0
0,tcp,http,REJ,0,0,0,0,0,0,0,0,0,0,0,0,0,0,0,0,0,0,1,1,0.0,0.0,1.0,1.0,1.0,0.0,0.0,255,33,0.13,0.45,0.0,0.0,0.0,0.0,0.13,1.0,normal,0,1,ATTACK,1,0
7691,tcp,telnet,SF,0,44,0,0,0,0,0,0,0,0,0,0,0,0,0,0,0,0,1,1,0.0,0.0,0.0,0.0,1.0,0.0,0.0,255,161,0.63,0.02,0.0,0.0,0.54,0.52,0.01,0.01,processtable,1,0,NORMAL,0,0
4,tcp,pop_3,SF,25,93,0,0,0,0,0,1,0,0,0,0,0,0,0,0,0,0,1,1,0.0,0.0,0.0,0.0,1.0,0.0,0.0,70,67,0.94,0.03,0.01,0.03,0.0,0.0,0.0,0.0,guess_passwd,1,0,NORMAL,0,0
0,tcp,http,S0,0,0,0,0,0,0,0,0,0,0,0,0,0,0,0,0,0,0,60,60,1.0,1.0,0.0,0.0,1.0,0.0,0.0,255,255,1.0,0.0,0.0,0.0,0.31,0.31,0.68,0.68,apache2,1,0,NORMAL,0,0
1,tcp,finger,SF,5,358,0,0,0,0,0,0,0,0,0,0,0,0,0,0,0,0,1,2,0.0,0.0,0.0,0.0,1.0,0.0,1.0,26,2,0.08,0.42,0.04,0.0,0.0,0.0,0.12,0.0,saint,1,0,NORMAL,0,0
0,tcp,telnet,S3,0,44,0,0,0,0,0,0,0,0,0,0,0,0,0,0,0,0,1,1,1.0,1.0,0.0,0.0,1.0,0.0,0.0,255,82,0.32,0.03,0.0,0.0,0.01,0.04,0.11,0.16,processtable,1,0,NORMAL,0,0
1,tcp,smtp,SF,2599,293,0,0,0,0,0,1,0,0,0,0,0,0,0,0,0,0,3,3,0.0,0.0,0.0,0.0,1.0,0.0,0.0,255,226,0.89,0.11,0.0,0.0,0.0,0.0,0.1,0.0,mailbomb,1,0,NORMAL,0,0
0,tcp,telnet,RSTO,0,12,0,0,0,0,0,0,0,0,0,0,0,0,0,0,0,0,1,4,0.0,0.25,1.0,0.5,1.0,0.0,0.75,50,94,0.42,0.1,0.02,0.02,0.0,0.01,0.18,0.57,mscan,1,0,NORMAL,0,0
4,tcp,pop_3,SF,32,93,0,0,0,0,0,1,0,0,0,0,0,0,0,0,0,0,1,1,0.0,0.0,0.0,0.0,1.0,0.0,0.0,178,159,0.89,0.02,0.01,0.0,0.0,0.0,0.06,0.0,guess_passwd,1,0,NORMAL,0,0
281,tcp,ftp,SF,162,601,0,0,0,2,0,1,0,0,0,0,0,0,0,0,0,1,1,1,0.0,0.0,0.0,0.0,1.0,0.0,0.0,255,57,0.22,0.02,0.0,0.0,0.0,0.02,0.57,0.0,warezmaster,1,0,NORMAL,0,0
0,tcp,telnet,REJ,0,0,0,0,0,0,0,0,0,0,0,0,0,0,0,0,0,0,1,15,0.0,0.27,1.0,0.4,1.0,0.0,0.8,36,85,0.33,0.14,0.03,0.02,0.0,0.01,0.86,0.71,mscan,1,0,NORMAL,0,0
1,tcp,telnet,RSTO,0,15,0,0,0,0,0,0,0,0,0,0,0,0,0,0,0,0,4,2,0.0,0.0,0.75,0.5,0.5,0.75,0.0,255,72,0.28,0.02,0.0,0.0,0.0,0.01,0.73,0.68,mscan,1,0,NORMAL,0,0
0,tcp,ftp,SF,25,157,0,0,0,0,1,0,0,0,0,0,0,0,0,0,0,1,1,1,0.0,0.0,0.0,0.0,1.0,0.0,0.0,31,11,0.35,0.13,0.03,0.0,0.0,0.0,0.0,0.0,guess_passwd,1,0,NORMAL,0,0
0,udp,private,SF,43,43,0,0,0,0,0,0,0,0,0,0,0,0,0,0,0,0,2,2,0.0,0.0,0.0,0.0,1.0,0.0,0.0,255,255,1.0,0.0,0.01,0.0,0.0,0.0,0.0,0.0,snmpguess,1,0,NORMAL,0,0
0,tcp,telnet,S3,0,44,0,0,0,0,0,0,0,0,0,0,0,0,0,0,0,0,1,1,1.0,1.0,0.0,0.0,1.0,0.0,0.0,255,80,0.31,0.61,0.0,0.0,0.22,0.69,0.59,0.0,processtable,1,0,NORMAL,0,0
0,tcp,http,S0,0,0,0,0,0,0,0,0,0,0,0,0,0,0,0,0,0,0,67,67,1.0,1.0,0.0,0.0,1.0,0.0,0.0,255,255,1.0,0.0,0.0,0.0,0.34,0.34,0.65,0.65,apache2,1,0,NORMAL,0,0
0,udp,private,SF,46,46,0,0,0,0,0,0,0,0,0,0,0,0,0,0,0,0,3,3,0.0,0.0,0.0,0.0,1.0,0.0,0.0,255,255,1.0,0.0,0.01,0.0,0.0,0.0,0.0,0.0,snmpguess,1,0,NORMAL,0,0
0,tcp,telnet,SF,126,174,0,0,0,0,1,0,0,0,0,0,0,0,0,0,0,0,2,2,0.0,0.0,0.0,0.0,1.0,0.0,0.0,255,18,0.07,0.02,0.0,0.0,0.0,0.0,0.0,0.06,guess_passwd,1,0,NORMAL,0,0
7955,tcp,telnet,SF,0,44,0,0,0,0,0,0,0,0,0,0,0,0,0,0,0,0,1,1,0.0,0.0,0.0,0.0,1.0,0.0,0.0,255,111,0.44,0.02,0.0,0.0,0.54,0.34,0.01,0.01,processtable,1,0,NORMAL,0,0
924,tcp,http,RSTR,9664,0,0,0,0,0,0,1,0,0,0,0,0,0,0,0,0,0,23,23,0.0,0.0,1.0,1.0,1.0,0.0,0.0,255,255,1.0,0.0,0.0,0.0,0.0,0.0,0.54,0.54,apache2,1,0,NORMAL,0,0
0,tcp,imap4,REJ,0,0,0,0,0,0,0,0,0,0,0,0,0,0,0,0,0,0,1,15,0.0,0.0,1.0,0.93,1.0,0.0,1.0,48,60,0.27,0.1,0.02,0.03,0.0,0.0,0.85,0.98,mscan,1,0,NORMAL,0,0
8028,tcp,telnet,SF,0,44,0,0,0,0,0,0,0,0,0,0,0,0,0,0,0,0,1,1,0.0,0.0,0.0,0.0,1.0,0.0,0.0,255,81,0.32,0.03,0.0,0.0,0.01,0.02,0.11,0.16,processtable,1,0,NORMAL,0,0
0,udp,private,SF,49,0,0,0,0,0,0,0,0,0,0,0,0,0,0,0,0,0,4,4,0.0,0.0,0.0,0.0,1.0,0.0,0.0,255,254,1.0,0.01,0.01,0.0,0.0,0.0,0.0,0.0,snmpguess,1,0,NORMAL,0,0
0,tcp,telnet,S3,0,44,0,0,0,0,0,0,0,0,0,0,0,0,0,0,0,0,1,1,1.0,1.0,0.0,0.0,1.0,0.0,0.0,255,148,0.58,0.38,0.0,0.0,0.47,0.81,0.38,0.01,processtable,1,0,NORMAL,0,0
4,tcp,pop_3,SF,28,93,0,0,0,0,0,1,0,0,0,0,0,0,0,0,0,0,1,1,0.0,0.0,0.0,0.0,1.0,0.0,0.0,255,246,0.96,0.01,0.0,0.0,0.0,0.0,0.0,0.0,guess_passwd,1,0,NORMAL,0,0
0,tcp,telnet,SF,125,174,0,0,0,0,1,0,0,0,0,0,0,0,0,0,0,0,1,1,0.0,0.0,0.0,0.0,1.0,0.0,0.0,255,109,0.43,0.02,0.0,0.0,0.0,0.0,0.01,0.03,guess_passwd,1,0,NORMAL,0,0
7558,tcp,telnet,SF,0,44,0,0,0,0,0,0,0,0,0,0,0,0,0,0,0,0,1,1,0.0,0.0,0.0,0.0,1.0,0.0,0.0,255,182,0.71,0.02,0.0,0.0,0.42,0.41,0.01,0.01,processtable,1,0,NORMAL,0,0
4,tcp,pop_3,SF,31,93,0,0,0,0,0,1,0,0,0,0,0,0,0,0,0,0,1,1,0.0,0.0,0.0,0.0,1.0,0.0,0.0,255,208,0.82,0.02,0.0,0.0,0.0,0.0,0.07,0.0,guess_passwd,1,0,NORMAL,0,0
0,udp,private,SF,43,0,0,0,0,0,0,0,0,0,0,0,0,0,0,0,0,0,5,5,0.0,0.0,0.0,0.0,1.0,0.0,0.0,255,255,1.0,0.0,0.0,0.0,0.0,0.0,0.0,0.0,snmpguess,1,0,NORMAL,0,0
0,udp,private,SF,45,0,0,0,0,0,0,0,0,0,0,0,0,0,0,0,0,0,4,4,0.0,0.0,0.0,0.0,1.0,0.0,0.0,255,255,1.0,0.0,0.01,0.0,0.0,0.0,0.0,0.0,snmpguess,1,0,NORMAL,0,0
4,tcp,pop_3,SF,27,93,0,0,0,0,0,1,0,0,0,0,0,0,0,0,0,0,1,1,0.0,0.0,0.0,0.0,1.0,0.0,0.0,255,219,0.86,0.02,0.0,0.0,0.0,0.0,0.03,0.0,guess_passwd,1,0,NORMAL,0,0
0,tcp,telnet,SF,125,174,0,0,0,0,1,0,0,0,0,0,0,0,0,0,0,0,1,1,0.0,0.0,0.0,0.0,1.0,0.0,0.0,255,31,0.12,0.02,0.0,0.0,0.0,0.0,0.0,0.03,guess_passwd,1,0,NORMAL,0,0
0,tcp,telnet,SF,124,174,0,0,0,0,1,0,0,0,0,0,0,0,0,0,0,0,2,2,0.0,0.0,0.0,0.0,1.0,0.0,0.0,255,255,1.0,0.0,0.0,0.0,0.01,0.01,0.02,0.02,guess_passwd,1,0,NORMAL,0,0
0,tcp,telnet,RSTO,0,48,0,0,0,0,0,0,0,0,0,0,0,0,0,0,0,0,1,10,0.0,0.2,1.0,0.6,1.0,0.0,0.8,241,121,0.5,0.01,0.0,0.0,0.0,0.0,0.65,0.3,mscan,1,0,NORMAL,0,0
0,udp,private,SF,105,147,0,0,0,0,0,0,0,0,0,0,0,0,0,0,0,0,2,2,0.0,0.0,0.0,0.0,1.0,0.0,0.0,255,253,0.99,0.01,0.0,0.0,0.0,0.0,0.0,0.0,snmpgetattack,1,0,NORMAL,0,0
1,tcp,smtp,SF,2599,261,0,0,0,0,0,1,0,0,0,0,0,0,0,0,0,0,2,2,0.0,0.0,0.0,0.0,1.0,0.0,0.0,255,246,0.96,0.04,0.0,0.0,0.0,0.0,0.04,0.0,mailbomb,1,0,NORMAL,0,0
0,tcp,http,REJ,0,0,0,0,0,0,0,0,0,0,0,0,0,0,0,0,0,0,1,1,0.0,0.0,1.0,1.0,1.0,0.0,0.0,255,25,0.1,0.9,0.0,0.0,0.13,0.0,0.87,1.0,normal,0,1,ATTACK,1,0
0,tcp,ftp_data,SF,12,0,0,0,0,0,0,0,0,0,0,0,0,0,0,0,0,0,1,1,0.0,0.0,0.0,0.0,1.0,0.0,0.0,127,27,0.21,0.06,0.21,0.0,0.0,0.0,0.0,0.0,warezmaster,1,0,NORMAL,0,0
0,udp,private,SF,28,0,0,3,0,0,0,0,0,0,0,0,0,0,0,0,0,0,8,8,0.0,0.0,0.0,0.0,1.0,0.0,0.0,28,8,0.29,0.11,0.29,0.0,0.0,0.0,0.0,0.0,normal,0,1,ATTACK,1,0
4,tcp,pop_3,SF,32,93,0,0,0,0,0,1,0,0,0,0,0,0,0,0,0,0,1,1,0.0,0.0,0.0,0.0,1.0,0.0,0.0,168,150,0.89,0.02,0.01,0.01,0.0,0.0,0.06,0.0,guess_passwd,1,0,NORMAL,0,0
282,tcp,ftp,SF,164,599,0,0,0,2,0,1,0,0,0,0,0,0,0,0,0,1,1,1,0.0,0.0,0.0,0.0,1.0,0.0,0.0,229,76,0.33,0.03,0.0,0.0,0.0,0.0,0.0,0.0,warezmaster,1,0,NORMAL,0,0
0,udp,private,SF,105,146,0,0,0,0,0,0,0,0,0,0,0,0,0,0,0,0,1,1,0.0,0.0,0.0,0.0,1.0,0.0,0.0,111,110,0.99,0.02,0.01,0.0,0.0,0.0,0.0,0.0,snmpgetattack,1,0,NORMAL,0,0
282,tcp,ftp,SF,160,595,0,0,0,2,0,1,0,0,0,0,0,0,0,0,0,1,1,1,0.0,0.0,0.0,0.0,1.0,0.0,0.0,255,11,0.04,0.55,0.0,0.0,0.0,0.0,0.53,0.0,warezmaster,1,0,NORMAL,0,0
4,tcp,pop_3,SF,26,93,0,0,0,0,0,1,0,0,0,0,0,0,0,0,0,0,2,1,0.0,0.0,0.0,0.0,0.5,1.0,0.0,44,43,0.95,0.05,0.02,0.05,0.0,0.0,0.0,0.0,guess_passwd,1,0,NORMAL,0,0
0,tcp,telnet,SF,123,174,0,0,0,0,1,0,0,0,0,0,0,0,0,0,0,0,2,2,0.0,0.0,0.0,0.0,1.0,0.0,0.0,255,80,0.31,0.02,0.0,0.0,0.0,0.0,0.01,0.04,guess_passwd,1,0,NORMAL,0,0
7342,tcp,telnet,SF,0,44,0,0,0,0,0,0,0,0,0,0,0,0,0,0,0,0,1,1,0.0,0.0,0.0,0.0,1.0,0.0,0.0,255,228,0.89,0.02,0.0,0.0,0.27,0.3,0.01,0.0,processtable,1,0,NORMAL,0,0
4,tcp,pop_3,SF,32,93,0,0,0,0,0,1,0,0,0,0,0,0,0,0,0,0,1,1,0.0,0.0,0.0,0.0,1.0,0.0,0.0,255,136,0.53,0.02,0.0,0.0,0.0,0.0,0.17,0.0,guess_passwd,1,0,NORMAL,0,0
0,tcp,telnet,SF,122,174,0,0,0,0,1,0,0,0,0,0,0,0,0,0,0,0,1,1,0.0,0.0,0.0,0.0,1.0,0.0,0.0,255,14,0.05,0.02,0.0,0.0,0.0,0.0,0.0,0.07,guess_passwd,1,0,NORMAL,0,0
4,tcp,pop_3,SF,30,93,0,0,0,0,0,1,0,0,0,0,0,0,0,0,0,0,1,2,0.0,0.0,0.0,0.0,1.0,0.0,1.0,255,253,0.99,0.01,0.0,0.0,0.0,0.0,0.0,0.0,guess_passwd,1,0,NORMAL,0,0
4,tcp,pop_3,SF,32,93,0,0,0,0,0,1,0,0,0,0,0,0,0,0,0,0,1,1,0.0,0.0,0.0,0.0,1.0,0.0,0.0,255,246,0.96,0.02,0.0,0.0,0.0,0.0,0.01,0.0,guess_passwd,1,0,NORMAL,0,0
0,udp,private,SF,1,0,0,0,0,0,0,0,0,0,0,0,0,0,0,0,0,0,62,24,0.0,0.0,0.0,0.0,0.39,0.15,0.0,255,24,0.09,0.53,0.91,0.0,0.0,0.0,0.09,0.0,normal,0,1,ATTACK,1,0
0,udp,private,SF,105,146,0,0,0,0,0,0,0,0,0,0,0,0,0,0,0,0,1,1,0.0,0.0,0.0,0.0,1.0,0.0,0.0,255,247,0.97,0.01,0.0,0.0,0.0,0.0,0.0,0.0,snmpgetattack,1,0,NORMAL,0,0
0,udp,private,SF,45,0,0,0,0,0,0,0,0,0,0,0,0,0,0,0,0,0,5,4,0.0,0.0,0.0,0.0,0.8,0.4,0.0,255,254,1.0,0.01,0.01,0.0,0.0,0.0,0.0,0.0,snmpguess,1,0,NORMAL,0,0
0,tcp,telnet,SF,122,174,0,0,0,0,1,0,0,0,0,0,0,0,0,0,0,0,2,2,0.0,0.0,0.0,0.0,1.0,0.0,0.0,255,218,0.85,0.02,0.0,0.0,0.0,0.0,0.02,0.03,guess_passwd,1,0,NORMAL,0,0
0,tcp,ftp_data,SF,12,0,0,0,0,0,0,0,0,0,0,0,0,0,0,0,0,0,2,2,0.0,0.0,0.0,0.0,1.0,0.0,0.0,4,22,1.0,0.0,1.0,0.18,0.0,0.0,0.0,0.0,warezmaster,1,0,NORMAL,0,0
282,tcp,ftp,SF,162,601,0,0,0,2,0,1,0,0,0,0,0,0,0,0,0,1,1,1,0.0,0.0,0.0,0.0,1.0,0.0,0.0,195,10,0.05,0.67,0.01,0.0,0.0,0.0,0.68,0.1,warezmaster,1,0,NORMAL,0,0
0,tcp,telnet,S3,0,44,0,0,0,0,0,0,0,0,0,0,0,0,0,0,0,0,1,1,1.0,1.0,0.0,0.0,1.0,0.0,0.0,255,155,0.61,0.02,0.0,0.0,0.55,0.52,0.01,0.01,processtable,1,0,NORMAL,0,0
1,tcp,smtp,SF,2599,293,0,0,0,0,0,1,0,0,0,0,0,0,0,0,0,0,3,4,0.0,0.0,0.0,0.0,1.0,0.0,0.5,255,247,0.97,0.04,0.0,0.0,0.0,0.0,0.03,0.0,mailbomb,1,0,NORMAL,0,0
0,tcp,ftp_data,SF,12,0,0,0,0,0,0,0,0,0,0,0,0,0,0,0,0,0,1,1,0.0,0.0,0.0,0.0,1.0,0.0,0.0,3,25,1.0,0.0,1.0,0.16,0.0,0.0,0.0,0.0,warezmaster,1,0,NORMAL,0,0
1,tcp,smtp,SF,2599,293,0,0,0,0,0,1,0,0,0,0,0,0,0,0,0,0,3,3,0.0,0.0,0.0,0.0,1.0,0.0,0.0,255,7,0.03,0.16,0.0,0.0,0.0,0.0,0.95,0.0,mailbomb,1,0,NORMAL,0,0
4,tcp,pop_3,SF,32,93,0,0,0,0,0,1,0,0,0,0,0,0,0,0,0,0,1,1,0.0,0.0,0.0,0.0,1.0,0.0,0.0,255,140,0.55,0.02,0.0,0.0,0.0,0.0,0.17,0.02,guess_passwd,1,0,NORMAL,0,0
8160,tcp,telnet,SF,0,15,0,0,0,0,0,0,0,0,0,0,0,0,0,0,0,0,1,1,0.0,0.0,0.0,0.0,1.0,0.0,0.0,255,52,0.2,0.04,0.0,0.0,0.0,0.02,0.11,0.25,processtable,1,0,NORMAL,0,0
7611,tcp,telnet,SF,0,44,0,0,0,0,0,0,0,0,0,0,0,0,0,0,0,0,1,1,0.0,0.0,0.0,0.0,1.0,0.0,0.0,255,155,0.61,0.36,0.0,0.0,0.49,0.81,0.36,0.01,processtable,1,0,NORMAL,0,0
4,tcp,pop_3,SF,28,93,0,0,0,0,0,1,0,0,0,0,0,0,0,0,0,0,1,1,0.0,0.0,0.0,0.0,1.0,0.0,0.0,255,245,0.96,0.01,0.0,0.0,0.0,0.0,0.0,0.0,guess_passwd,1,0,NORMAL,0,0
7260,tcp,telnet,SF,0,44,0,0,0,0,0,0,0,0,0,0,0,0,0,0,0,0,1,1,0.0,0.0,0.0,0.0,1.0,0.0,0.0,255,247,0.97,0.02,0.0,0.0,0.33,0.34,0.04,0.02,processtable,1,0,NORMAL,0,0
1,tcp,smtp,SF,2599,293,0,0,0,0,0,1,0,0,0,0,0,0,0,0,0,0,3,3,0.0,0.0,0.0,0.0,1.0,0.0,0.0,255,19,0.07,0.16,0.0,0.0,0.0,0.0,0.91,0.0,mailbomb,1,0,NORMAL,0,0
280,tcp,ftp_data,SF,283618,0,0,0,0,1,0,0,0,0,0,0,0,0,0,0,0,0,2,2,0.0,0.0,0.0,0.0,1.0,0.0,0.0,11,10,0.91,0.18,0.91,0.0,0.0,0.0,0.0,0.0,warezmaster,1,0,NORMAL,0,0
0,tcp,other,REJ,0,0,0,0,0,0,0,0,0,0,0,0,0,0,0,0,0,0,1,1,0.0,0.0,1.0,1.0,1.0,0.0,0.0,121,19,0.16,0.06,0.01,0.0,0.0,0.0,0.11,0.68,httptunnel,1,0,NORMAL,0,0
4,tcp,pop_3,SF,26,93,0,0,0,0,0,1,0,0,0,0,0,0,0,0,0,0,1,1,0.0,0.0,0.0,0.0,1.0,0.0,0.0,197,178,0.9,0.02,0.01,0.0,0.0,0.0,0.05,0.0,guess_passwd,1,0,NORMAL,0,0
0,tcp,telnet,S3,0,44,0,0,0,0,0,0,0,0,0,0,0,0,0,0,0,0,1,1,1.0,1.0,0.0,0.0,1.0,0.0,0.0,255,146,0.57,0.02,0.0,0.0,0.53,0.49,0.01,0.01,processtable,1,0,NORMAL,0,0
0,udp,private,SF,44,0,0,0,0,0,0,0,0,0,0,0,0,0,0,0,0,0,3,3,0.0,0.0,0.0,0.0,1.0,0.0,0.0,255,255,1.0,0.0,0.02,0.0,0.0,0.0,0.0,0.0,snmpguess,1,0,NORMAL,0,0
4,tcp,pop_3,SF,28,93,0,0,0,0,0,1,0,0,0,0,0,0,0,0,0,0,1,1,0.0,0.0,0.0,0.0,1.0,0.0,0.0,255,138,0.54,0.02,0.0,0.0,0.0,0.0,0.17,0.0,guess_passwd,1,0,NORMAL,0,0
283,tcp,ftp,SF,154,591,0,0,0,2,0,1,0,0,0,0,0,0,0,0,0,1,1,1,0.0,0.0,0.0,0.0,1.0,0.0,0.0,255,64,0.25,0.03,0.0,0.0,0.09,0.0,0.02,0.0,warezmaster,1,0,NORMAL,0,0
0,udp,private,SF,45,0,0,0,0,0,0,0,0,0,0,0,0,0,0,0,0,0,3,3,0.0,0.0,0.0,0.0,1.0,0.0,0.0,255,254,1.0,0.01,0.0,0.0,0.0,0.0,0.0,0.0,snmpguess,1,0,NORMAL,0,0
4,tcp,pop_3,SF,32,93,0,0,0,0,0,1,0,0,0,0,0,0,0,0,0,0,1,1,0.0,0.0,0.0,0.0,1.0,0.0,0.0,255,198,0.78,0.02,0.0,0.0,0.0,0.0,0.07,0.0,guess_passwd,1,0,NORMAL,0,0
0,udp,private,SF,46,0,0,0,0,0,0,0,0,0,0,0,0,0,0,0,0,0,36,36,0.0,0.0,0.0,0.0,1.0,0.0,0.0,255,255,1.0,0.0,0.01,0.0,0.0,0.0,0.0,0.0,snmpguess,1,0,NORMAL,0,0
7494,tcp,telnet,SF,0,44,0,0,0,0,0,0,0,0,0,0,0,0,0,0,0,0,1,1,0.0,0.0,0.0,0.0,1.0,0.0,0.0,255,192,0.75,0.02,0.0,0.0,0.36,0.36,0.01,0.01,processtable,1,0,NORMAL,0,0
1,tcp,smtp,SF,2599,293,0,0,0,0,0,1,0,0,0,0,0,0,0,0,0,0,4,3,0.0,0.0,0.0,0.0,0.75,0.5,0.0,255,245,0.96,0.04,0.0,0.0,0.0,0.0,0.03,0.0,mailbomb,1,0,NORMAL,0,0
0,udp,private,SF,50,0,0,0,0,0,0,0,0,0,0,0,0,0,0,0,0,0,3,3,0.0,0.0,0.0,0.0,1.0,0.0,0.0,255,255,1.0,0.0,0.02,0.0,0.0,0.0,0.0,0.0,snmpguess,1,0,NORMAL,0,0
0,tcp,telnet,SF,124,188,0,0,0,0,1,0,0,0,0,0,0,0,0,0,0,0,2,2,0.0,0.0,0.0,0.0,1.0,0.0,0.0,255,254,1.0,0.01,0.0,0.0,0.0,0.0,0.02,0.02,guess_passwd,1,0,NORMAL,0,0
0,tcp,telnet,SF,127,174,0,0,0,0,1,0,0,0,0,0,0,0,0,0,0,0,1,1,0.0,0.0,0.0,0.0,1.0,0.0,0.0,255,150,0.59,0.02,0.0,0.0,0.0,0.0,0.02,0.03,guess_passwd,1,0,NORMAL,0,0
282,tcp,ftp,SF,158,597,0,0,0,2,0,1,0,0,0,0,0,0,0,0,0,1,1,1,0.0,0.0,0.0,0.0,1.0,0.0,0.0,198,65,0.33,0.04,0.01,0.0,0.0,0.0,0.0,0.0,warezmaster,1,0,NORMAL,0,0
0,tcp,telnet,SF,123,174,0,0,0,0,1,0,0,0,0,0,0,0,0,0,0,0,1,1,0.0,0.0,0.0,0.0,1.0,0.0,0.0,255,19,0.07,0.02,0.0,0.0,0.0,0.0,0.0,0.05,guess_passwd,1,0,NORMAL,0,0
0,icmp,eco_i,SF,40008,0,0,0,0,0,0,0,0,0,0,0,0,0,0,0,0,0,3,3,0.0,0.0,0.0,0.0,1.0,0.0,0.0,134,145,0.18,0.04,0.18,0.43,0.0,0.0,0.02,0.0,normal,0,1,ATTACK,1,0
0,tcp,telnet,S3,0,44,0,0,0,0,0,0,0,0,0,0,0,0,0,0,0,0,1,1,1.0,1.0,0.0,0.0,1.0,0.0,0.0,255,63,0.25,0.67,0.0,0.0,0.15,0.6,0.65,0.0,processtable,1,0,NORMAL,0,0
282,tcp,ftp,SF,156,595,0,0,0,2,0,1,0,0,0,0,0,0,0,0,0,1,1,1,0.0,0.0,0.0,0.0,1.0,0.0,0.0,255,95,0.37,0.03,0.0,0.0,0.0,0.0,0.0,0.0,warezmaster,1,0,NORMAL,0,0
0,tcp,telnet,S3,0,44,0,0,0,0,0,0,0,0,0,0,0,0,0,0,0,0,1,1,1.0,1.0,0.0,0.0,1.0,0.0,0.0,255,148,0.58,0.03,0.0,0.0,0.29,0.5,0.11,0.09,processtable,1,0,NORMAL,0,0
0,tcp,telnet,SF,125,174,0,0,0,0,1,0,0,0,0,0,0,0,0,0,0,0,2,2,0.0,0.0,0.0,0.0,1.0,0.0,0.0,255,254,1.0,0.01,0.0,0.0,0.01,0.01,0.02,0.02,guess_passwd,1,0,NORMAL,0,0
0,tcp,telnet,RSTO,0,15,0,0,0,0,0,0,0,0,0,0,0,0,0,0,0,0,1,5,0.0,0.0,1.0,0.6,1.0,0.0,0.6,255,52,0.2,0.03,0.0,0.0,0.0,0.0,0.52,0.69,mscan,1,0,NORMAL,0,0
0,tcp,ftp_data,SF,12,0,0,0,0,0,0,0,0,0,0,0,0,0,0,0,0,0,2,1,0.0,0.0,0.0,0.0,0.5,1.0,0.0,255,33,0.13,0.04,0.13,0.0,0.0,0.0,0.0,0.0,warezmaster,1,0,NORMAL,0,0
4,tcp,pop_3,SF,28,93,0,0,0,0,0,1,0,0,0,0,0,0,0,0,0,0,1,1,0.0,0.0,0.0,0.0,1.0,0.0,0.0,151,133,0.87,0.02,0.01,0.02,0.0,0.0,0.07,0.0,guess_passwd,1,0,NORMAL,0,0
1,tcp,smtp,SF,2599,293,0,0,0,0,0,1,0,0,0,0,0,0,0,0,0,0,2,2,0.0,0.0,0.0,0.0,1.0,0.0,0.0,255,216,0.85,0.13,0.0,0.0,0.0,0.0,0.14,0.0,mailbomb,1,0,NORMAL,0,0
4,tcp,pop_3,SF,30,93,0,0,0,0,0,1,0,0,0,0,0,0,0,0,0,0,1,1,0.0,0.0,0.0,0.0,1.0,0.0,0.0,255,212,0.83,0.02,0.0,0.0,0.0,0.0,0.04,0.0,guess_passwd,1,0,NORMAL,0,0
4,tcp,pop_3,SF,32,93,0,0,0,0,0,1,0,0,0,0,0,0,0,0,0,0,2,1,0.0,0.0,0.5,0.0,0.5,1.0,0.0,255,226,0.89,0.02,0.0,0.0,0.0,0.0,0.08,0.0,guess_passwd,1,0,NORMAL,0,0
426,tcp,other,SF,240,619,0,0,0,0,0,0,0,0,0,0,0,0,0,0,0,0,1,1,0.0,0.0,0.0,0.0,1.0,0.0,0.0,42,1,0.02,0.12,0.02,0.0,0.0,0.0,0.0,0.0,httptunnel,1,0,NORMAL,0,0
0,udp,private,SF,43,0,0,0,0,0,0,0,0,0,0,0,0,0,0,0,0,0,3,3,0.0,0.0,0.0,0.0,1.0,0.0,0.0,255,255,1.0,0.0,0.01,0.0,0.0,0.0,0.0,0.0,snmpguess,1,0,NORMAL,0,0
5,tcp,pop_3,SF,28,93,0,0,0,0,0,1,0,0,0,0,0,0,0,0,0,0,1,1,0.0,0.0,0.0,0.0,1.0,0.0,0.0,219,200,0.91,0.01,0.0,0.0,0.0,0.0,0.05,0.0,guess_passwd,1,0,NORMAL,0,0
0,tcp,telnet,S3,0,44,0,0,0,0,0,0,0,0,0,0,0,0,0,0,0,0,1,1,1.0,1.0,0.0,0.0,1.0,0.0,0.0,255,122,0.48,0.03,0.0,0.0,0.17,0.35,0.11,0.11,processtable,1,0,NORMAL,0,0
0,tcp,http,S0,0,0,0,0,0,0,0,0,0,0,0,0,0,0,0,0,0,0,45,45,0.87,0.87,0.11,0.11,1.0,0.0,0.0,255,255,1.0,0.0,0.0,0.0,0.2,0.2,0.7,0.7,apache2,1,0,NORMAL,0,0
0,tcp,auth,SF,10,35,0,0,0,0,0,0,0,0,0,0,0,0,0,0,0,0,2,1,0.0,0.0,0.0,0.0,0.5,1.0,0.0,255,2,0.01,0.03,0.0,0.0,0.0,0.0,0.0,0.0,sendmail,1,0,NORMAL,0,0
1,tcp,smtp,SF,2599,293,0,0,0,0,0,1,0,0,0,0,0,0,0,0,0,0,2,2,0.0,0.0,0.0,0.0,1.0,0.0,0.0,255,225,0.88,0.12,0.0,0.0,0.0,0.0,0.11,0.0,mailbomb,1,0,NORMAL,0,0
0,tcp,telnet,SF,122,174,0,0,0,0,1,0,0,0,0,0,0,0,0,0,0,0,1,1,0.0,0.0,0.0,0.0,1.0,0.0,0.0,255,176,0.69,0.02,0.0,0.0,0.0,0.0,0.02,0.03,guess_passwd,1,0,NORMAL,0,0
0,udp,private,SF,44,0,0,0,0,0,0,0,0,0,0,0,0,0,0,0,0,0,5,5,0.0,0.0,0.0,0.0,1.0,0.0,0.0,255,255,1.0,0.0,0.01,0.0,0.0,0.0,0.0,0.0,snmpguess,1,0,NORMAL,0,0
7450,tcp,telnet,SF,0,44,0,0,0,0,0,0,0,0,0,0,0,0,0,0,0,0,1,1,0.0,0.0,0.0,0.0,1.0,0.0,0.0,255,195,0.76,0.22,0.0,0.0,0.5,0.65,0.22,0.01,processtable,1,0,NORMAL,0,0
0,udp,private,SF,1,0,0,0,0,0,0,0,0,0,0,0,0,0,0,0,0,0,9,1,0.0,0.0,0.0,0.0,0.11,0.56,0.0,255,1,0.0,0.27,1.0,0.0,0.0,0.0,0.0,0.0,normal,0,1,ATTACK,1,0
5,tcp,pop_3,SF,28,93,0,0,0,0,0,1,0,0,0,0,0,0,0,0,0,0,1,1,0.0,0.0,0.0,0.0,1.0,0.0,0.0,116,101,0.86,0.03,0.01,0.02,0.0,0.0,0.09,0.0,guess_passwd,1,0,NORMAL,0,0
4,tcp,pop_3,SF,32,93,0,0,0,0,0,1,0,0,0,0,0,0,0,0,0,0,1,1,0.0,0.0,0.0,0.0,1.0,0.0,0.0,255,189,0.74,0.02,0.0,0.0,0.0,0.0,0.09,0.0,guess_passwd,1,0,NORMAL,0,0
0,tcp,telnet,SF,122,174,0,0,0,0,1,0,0,0,0,0,0,0,0,0,0,0,2,2,0.0,0.0,0.0,0.0,1.0,0.0,0.0,255,255,1.0,0.0,0.0,0.0,0.01,0.01,0.02,0.02,guess_passwd,1,0,NORMAL,0,0
4,tcp,pop_3,SF,28,93,0,0,0,0,0,1,0,0,0,0,0,0,0,0,0,0,1,1,0.0,0.0,0.0,0.0,1.0,0.0,0.0,255,236,0.93,0.01,0.0,0.0,0.0,0.0,0.04,0.0,guess_passwd,1,0,NORMAL,0,0
4,tcp,pop_3,SF,32,93,0,0,0,0,0,1,0,0,0,0,0,0,0,0,0,0,1,1,0.0,0.0,0.0,0.0,1.0,0.0,0.0,255,244,0.96,0.02,0.0,0.0,0.0,0.0,0.02,0.0,guess_passwd,1,0,NORMAL,0,0
4,tcp,pop_3,SF,32,93,0,0,0,0,0,1,0,0,0,0,0,0,0,0,0,0,1,1,0.0,0.0,0.0,0.0,1.0,0.0,0.0,27,28,1.0,0.0,0.04,0.07,0.0,0.0,0.0,0.0,guess_passwd,1,0,NORMAL,0,0
0,udp,private,SF,1,0,0,0,0,0,0,0,0,0,0,0,0,0,0,0,0,0,113,5,0.0,0.0,0.0,0.0,0.04,0.87,0.0,255,5,0.02,0.97,1.0,0.0,0.0,0.0,0.0,0.0,normal,0,1,ATTACK,1,0
0,tcp,ftp,SF,26,157,0,0,0,0,1,0,0,0,0,0,0,0,0,0,0,1,1,1,0.0,0.0,0.0,0.0,1.0,0.0,0.0,245,124,0.51,0.02,0.0,0.0,0.0,0.0,0.0,0.0,guess_passwd,1,0,NORMAL,0,0
3,tcp,pop_3,SF,32,93,0,0,0,0,0,1,0,0,0,0,0,0,0,0,0,0,1,1,0.0,0.0,0.0,0.0,1.0,0.0,0.0,255,236,0.93,0.01,0.0,0.0,0.0,0.0,0.04,0.0,guess_passwd,1,0,NORMAL,0,0
0,tcp,telnet,SF,129,174,0,0,0,0,1,0,0,0,0,0,0,0,0,0,0,0,1,1,0.0,0.0,0.0,0.0,1.0,0.0,0.0,255,254,1.0,0.01,0.0,0.0,0.02,0.02,0.02,0.02,guess_passwd,1,0,NORMAL,0,0
0,tcp,ftp_data,SF,12,0,0,0,0,0,0,0,0,0,0,0,0,0,0,0,0,0,1,1,0.0,0.0,0.0,0.0,1.0,0.0,0.0,206,47,0.23,0.04,0.23,0.0,0.0,0.0,0.0,0.0,warezmaster,1,0,NORMAL,0,0
283,tcp,ftp,SF,164,599,0,0,0,2,0,1,0,0,0,0,0,0,0,0,0,1,1,1,0.0,0.0,0.0,0.0,1.0,0.0,0.0,255,96,0.38,0.03,0.0,0.0,0.02,0.0,0.01,0.0,warezmaster,1,0,NORMAL,0,0
0,udp,private,SF,49,49,0,0,0,0,0,0,0,0,0,0,0,0,0,0,0,0,2,2,0.0,0.0,0.0,0.0,1.0,0.0,0.0,255,255,1.0,0.0,0.01,0.0,0.0,0.0,0.0,0.0,snmpguess,1,0,NORMAL,0,0
3,tcp,pop_3,SF,32,93,0,0,0,0,0,1,0,0,0,0,0,0,0,0,0,0,1,1,0.0,0.0,0.0,0.0,1.0,0.0,0.0,115,100,0.86,0.03,0.01,0.02,0.0,0.0,0.09,0.0,guess_passwd,1,0,NORMAL,0,0
0,tcp,other,REJ,0,0,0,0,0,0,0,0,0,0,0,0,0,0,0,0,0,0,1,1,0.0,0.0,1.0,1.0,1.0,0.0,0.0,122,20,0.16,0.06,0.01,0.0,0.0,0.0,0.11,0.7,httptunnel,1,0,NORMAL,0,0
5,tcp,pop_3,SF,31,93,0,0,0,0,0,1,0,0,0,0,0,0,0,0,0,0,1,1,0.0,0.0,0.0,0.0,1.0,0.0,0.0,186,167,0.9,0.02,0.01,0.0,0.0,0.0,0.05,0.0,guess_passwd,1,0,NORMAL,0,0
4,tcp,pop_3,SF,32,93,0,0,0,0,0,1,0,0,0,0,0,0,0,0,0,0,1,1,0.0,0.0,0.0,0.0,1.0,0.0,0.0,255,175,0.69,0.02,0.0,0.0,0.0,0.0,0.11,0.0,guess_passwd,1,0,NORMAL,0,0
4,tcp,pop_3,SF,28,93,0,0,0,0,0,1,0,0,0,0,0,0,0,0,0,0,1,1,0.0,0.0,0.0,0.0,1.0,0.0,0.0,255,226,0.89,0.02,0.0,0.0,0.0,0.0,0.02,0.0,guess_passwd,1,0,NORMAL,0,0
253,tcp,telnet,SF,1734,3196,0,0,0,3,0,1,2,1,0,0,1,0,0,0,0,0,1,1,0.0,0.0,0.0,0.0,1.0,0.0,0.0,251,24,0.1,0.02,0.0,0.0,0.0,0.04,0.0,0.04,buffer_overflow,1,0,NORMAL,0,0
6,tcp,pop_3,SF,30,93,0,0,0,0,0,1,0,0,0,0,0,0,0,0,0,0,2,1,0.0,0.0,0.0,0.0,0.5,1.0,0.0,255,251,0.98,0.01,0.0,0.0,0.0,0.0,0.0,0.0,guess_passwd,1,0,NORMAL,0,0
0,tcp,sunrpc,REJ,0,0,0,0,0,0,0,0,0,0,0,0,0,0,0,0,0,0,1,2,0.0,0.0,1.0,1.0,1.0,0.0,1.0,80,49,0.14,0.06,0.01,0.04,0.03,0.0,0.84,1.0,mscan,1,0,NORMAL,0,0
0,udp,private,SF,43,43,0,0,0,0,0,0,0,0,0,0,0,0,0,0,0,0,4,4,0.0,0.0,0.0,0.0,1.0,0.0,0.0,255,255,1.0,0.0,0.01,0.0,0.0,0.0,0.0,0.0,snmpguess,1,0,NORMAL,0,0
0,udp,private,SF,43,0,0,0,0,0,0,0,0,0,0,0,0,0,0,0,0,0,3,3,0.0,0.0,0.0,0.0,1.0,0.0,0.0,255,254,1.0,0.01,0.01,0.0,0.0,0.0,0.0,0.0,snmpguess,1,0,NORMAL,0,0
283,tcp,ftp,SF,164,601,0,0,0,2,0,1,0,0,0,0,0,0,0,0,0,1,1,1,0.0,0.0,0.0,0.0,1.0,0.0,0.0,255,46,0.18,0.03,0.0,0.0,0.2,0.0,0.02,0.0,warezmaster,1,0,NORMAL,0,0
0,udp,private,SF,42,0,0,0,0,0,0,0,0,0,0,0,0,0,0,0,0,0,5,5,0.0,0.0,0.0,0.0,1.0,0.0,0.0,255,255,1.0,0.0,0.01,0.0,0.0,0.0,0.0,0.0,snmpguess,1,0,NORMAL,0,0
0,tcp,telnet,SF,121,174,0,0,0,0,1,0,0,0,0,0,0,0,0,0,0,0,1,1,0.0,0.0,0.0,0.0,1.0,0.0,0.0,255,77,0.3,0.02,0.0,0.0,0.0,0.0,0.01,0.04,guess_passwd,1,0,NORMAL,0,0
283,tcp,ftp,SF,156,593,0,0,0,2,0,1,0,0,0,0,0,0,0,0,0,1,1,1,0.0,0.0,0.0,0.0,1.0,0.0,0.0,255,33,0.13,0.02,0.0,0.0,0.0,0.0,0.41,0.0,warezmaster,1,0,NORMAL,0,0
1,tcp,telnet,RSTO,0,15,0,0,0,0,0,0,0,0,0,0,0,0,0,0,0,0,1,9,0.0,0.0,1.0,0.56,1.0,0.0,0.56,65,83,0.32,0.08,0.02,0.02,0.0,0.0,0.91,0.72,mscan,1,0,NORMAL,0,0
0,tcp,http,S0,0,0,0,0,0,0,0,0,0,0,0,0,0,0,0,0,0,0,12,12,1.0,1.0,0.0,0.0,1.0,0.0,0.0,255,245,0.96,0.01,0.0,0.0,0.14,0.15,0.56,0.59,apache2,1,0,NORMAL,0,0
0,tcp,telnet,S3,0,44,0,0,0,0,0,0,0,0,0,0,0,0,0,0,0,0,1,1,1.0,1.0,0.0,0.0,1.0,0.0,0.0,255,120,0.47,0.48,0.0,0.0,0.36,0.77,0.47,0.02,processtable,1,0,NORMAL,0,0
1,tcp,smtp,SF,2599,261,0,0,0,0,0,1,0,0,0,0,0,0,0,0,0,0,3,3,0.0,0.0,0.0,0.0,1.0,0.0,0.0,255,247,0.97,0.04,0.0,0.0,0.0,0.0,0.03,0.0,mailbomb,1,0,NORMAL,0,0
0,tcp,ftp_data,SF,45,0,0,0,0,0,0,0,0,0,0,0,0,0,0,0,0,0,1,1,0.0,0.0,0.0,0.0,1.0,0.0,0.0,255,50,0.2,0.03,0.2,0.0,0.29,0.0,0.02,0.0,rootkit,1,0,NORMAL,0,0
0,udp,private,SF,105,105,0,0,0,0,0,0,0,0,0,0,0,0,0,0,0,0,2,2,0.0,0.0,0.0,0.0,1.0,0.0,0.0,255,253,0.99,0.01,0.0,0.0,0.0,0.0,0.0,0.0,snmpgetattack,1,0,NORMAL,0,0
199,tcp,X11,SF,56124,17588,0,0,0,0,0,0,0,0,0,0,0,0,0,0,0,0,1,1,0.0,0.0,0.0,0.0,1.0,0.0,0.0,255,1,0.0,0.01,0.0,0.0,0.0,0.0,0.0,0.0,xlock,1,0,NORMAL,0,0
1,tcp,smtp,SF,2599,293,0,0,0,0,0,1,0,0,0,0,0,0,0,0,0,0,3,2,0.0,0.0,0.0,0.0,0.67,0.67,0.0,255,245,0.96,0.04,0.0,0.0,0.0,0.0,0.04,0.0,mailbomb,1,0,NORMAL,0,0
7622,tcp,telnet,SF,0,44,0,0,0,0,0,0,0,0,0,0,0,0,0,0,0,0,1,1,0.0,0.0,0.0,0.0,1.0,0.0,0.0,255,172,0.67,0.02,0.0,0.0,0.47,0.46,0.01,0.01,processtable,1,0,NORMAL,0,0
0,udp,private,SF,45,0,0,0,0,0,0,0,0,0,0,0,0,0,0,0,0,0,5,5,0.0,0.0,0.0,0.0,1.0,0.0,0.0,255,255,1.0,0.0,0.0,0.0,0.0,0.0,0.0,0.0,snmpguess,1,0,NORMAL,0,0
10,tcp,pop_3,SF,27,93,0,0,0,0,0,1,0,0,0,0,0,0,0,0,0,0,1,1,0.0,0.0,0.0,0.0,1.0,0.0,0.0,255,214,0.84,0.02,0.0,0.0,0.0,0.0,0.04,0.0,guess_passwd,1,0,NORMAL,0,0
3,tcp,telnet,SF,0,48,0,0,0,0,0,0,0,0,0,0,0,0,0,0,0,0,4,10,0.0,0.1,0.5,0.7,0.5,0.75,0.9,255,127,0.5,0.01,0.0,0.0,0.0,0.0,0.67,0.33,mscan,1,0,NORMAL,0,0
8149,tcp,telnet,S3,1,15,0,0,0,0,0,0,0,0,0,0,0,0,0,0,0,0,1,1,1.0,1.0,0.0,0.0,1.0,0.0,0.0,255,24,0.09,0.8,0.0,0.0,0.0,0.04,0.78,0.0,processtable,1,0,NORMAL,0,0
4,tcp,pop_3,SF,28,93,0,0,0,0,0,1,0,0,0,0,0,0,0,0,0,0,1,1,0.0,0.0,0.0,0.0,1.0,0.0,0.0,255,211,0.83,0.02,0.0,0.0,0.0,0.0,0.07,0.0,guess_passwd,1,0,NORMAL,0,0
0,udp,private,SF,105,146,0,0,0,0,0,0,0,0,0,0,0,0,0,0,0,0,1,1,0.0,0.0,0.0,0.0,1.0,0.0,0.0,97,96,0.99,0.02,0.01,0.0,0.0,0.0,0.0,0.0,snmpgetattack,1,0,NORMAL,0,0
3,tcp,private,RSTR,0,0,0,0,0,0,0,0,0,0,0,0,0,0,0,0,0,0,133,2,0.0,0.0,1.0,1.0,0.02,0.54,0.0,140,2,0.01,0.51,0.95,0.0,0.0,0.0,0.95,1.0,normal,0,1,ATTACK,1,1
0,udp,private,SF,46,0,0,0,0,0,0,0,0,0,0,0,0,0,0,0,0,0,6,6,0.0,0.0,0.0,0.0,1.0,0.0,0.0,255,253,0.99,0.01,0.0,0.0,0.0,0.0,0.0,0.0,snmpguess,1,0,NORMAL,0,0
7422,tcp,telnet,SF,0,44,0,0,0,0,0,0,0,0,0,0,0,0,0,0,0,0,1,1,0.0,0.0,0.0,0.0,1.0,0.0,0.0,255,209,0.82,0.02,0.0,0.0,0.29,0.33,0.01,0.01,processtable,1,0,NORMAL,0,0
0,udp,private,SF,105,147,0,0,0,0,0,0,0,0,0,0,0,0,0,0,0,0,1,1,0.0,0.0,0.0,0.0,1.0,0.0,0.0,185,183,0.99,0.01,0.01,0.0,0.0,0.0,0.0,0.0,snmpgetattack,1,0,NORMAL,0,0
5,tcp,pop_3,SF,32,93,0,0,0,0,0,1,0,0,0,0,0,0,0,0,0,0,1,1,0.0,0.0,0.0,0.0,1.0,0.0,0.0,17,18,1.0,0.0,0.06,0.11,0.0,0.0,0.0,0.0,guess_passwd,1,0,NORMAL,0,0
0,tcp,ftp_data,SF,12,0,0,0,0,0,0,0,0,0,0,0,0,0,0,0,0,0,2,2,0.0,0.0,0.0,0.0,1.0,0.0,0.0,6,30,1.0,0.0,1.0,0.17,0.0,0.03,0.0,0.0,warezmaster,1,0,NORMAL,0,0
0,tcp,telnet,RSTO,0,15,0,0,0,0,0,0,0,0,0,0,0,0,0,0,0,0,1,3,0.0,0.0,1.0,0.67,1.0,0.0,0.67,255,171,0.67,0.02,0.0,0.0,0.0,0.01,0.35,0.2,mscan,1,0,NORMAL,0,0
0,udp,private,SF,48,0,0,0,0,0,0,0,0,0,0,0,0,0,0,0,0,0,4,4,0.0,0.0,0.0,0.0,1.0,0.0,0.0,255,255,1.0,0.0,0.0,0.0,0.0,0.0,0.0,0.0,snmpguess,1,0,NORMAL,0,0
0,tcp,telnet,S3,0,44,0,0,0,0,0,0,0,0,0,0,0,0,0,0,0,0,1,1,1.0,1.0,0.0,0.0,1.0,0.0,0.0,255,125,0.49,0.46,0.0,0.0,0.38,0.78,0.45,0.02,processtable,1,0,NORMAL,0,0
7621,tcp,telnet,SF,0,44,0,0,0,0,0,0,0,0,0,0,0,0,0,0,0,0,1,1,0.0,0.0,0.0,0.0,1.0,0.0,0.0,255,170,0.67,0.03,0.0,0.0,0.33,0.49,0.11,0.08,processtable,1,0,NORMAL,0,0
1,tcp,smtp,SF,2599,293,0,0,0,0,0,1,0,0,0,0,0,0,0,0,0,0,2,2,0.0,0.0,0.0,0.0,1.0,0.0,0.0,255,201,0.79,0.13,0.0,0.0,0.0,0.0,0.2,0.0,mailbomb,1,0,NORMAL,0,0
4,tcp,pop_3,SF,32,93,0,0,0,0,0,1,0,0,0,0,0,0,0,0,0,0,2,1,0.0,0.0,0.0,0.0,0.5,1.0,0.0,135,118,0.87,0.02,0.01,0.02,0.0,0.0,0.07,0.0,guess_passwd,1,0,NORMAL,0,0
3,tcp,telnet,SF,24,109,0,0,0,0,0,0,0,0,0,0,0,0,0,0,0,0,4,8,0.0,0.0,0.75,0.5,0.5,0.75,0.5,42,86,0.33,0.12,0.02,0.02,0.0,0.0,0.88,0.7,mscan,1,0,NORMAL,0,0
4,tcp,telnet,SF,24,834,0,0,0,0,0,0,0,0,0,0,0,0,0,0,0,0,4,9,0.0,0.11,0.75,0.44,0.5,0.75,0.56,255,41,0.16,0.03,0.0,0.0,0.0,0.0,0.49,0.83,mscan,1,0,NORMAL,0,0
4,tcp,pop_3,SF,32,93,0,0,0,0,0,1,0,0,0,0,0,0,0,0,0,0,1,1,0.0,0.0,0.0,0.0,1.0,0.0,0.0,255,245,0.96,0.02,0.0,0.0,0.0,0.0,0.02,0.0,guess_passwd,1,0,NORMAL,0,0
3,tcp,telnet,RSTO,0,15,0,0,0,0,0,0,0,0,0,0,0,0,0,0,0,0,1,10,0.0,0.1,1.0,0.5,1.0,0.0,0.6,255,21,0.08,0.03,0.0,0.0,0.0,0.0,0.21,0.81,mscan,1,0,NORMAL,0,0
0,tcp,telnet,S3,0,44,0,0,0,0,0,0,0,0,0,0,0,0,0,0,0,0,1,1,1.0,1.0,0.0,0.0,1.0,0.0,0.0,255,124,0.49,0.03,0.0,0.0,0.19,0.39,0.11,0.1,processtable,1,0,NORMAL,0,0
7566,tcp,telnet,SF,0,44,0,0,0,0,0,0,0,0,0,0,0,0,0,0,0,0,1,1,0.0,0.0,0.0,0.0,1.0,0.0,0.0,255,180,0.71,0.02,0.0,0.0,0.42,0.41,0.01,0.01,processtable,1,0,NORMAL,0,0
1,tcp,smtp,SF,2599,293,0,0,0,0,0,1,0,0,0,0,0,0,0,0,0,0,2,2,0.0,0.0,0.0,0.0,1.0,0.0,0.0,255,77,0.3,0.14,0.0,0.0,0.0,0.0,0.68,0.0,mailbomb,1,0,NORMAL,0,0
0,tcp,telnet,SF,119,174,0,0,0,0,1,0,0,0,0,0,0,0,0,0,0,0,2,2,0.0,0.0,0.0,0.0,1.0,0.0,0.0,255,45,0.18,0.02,0.0,0.0,0.0,0.0,0.01,0.04,guess_passwd,1,0,NORMAL,0,0
40,tcp,telnet,SF,258,2625,0,0,0,0,0,1,0,0,0,0,2,1,0,0,0,0,1,1,0.0,0.0,0.0,0.0,1.0,0.0,0.0,28,2,0.04,0.21,0.04,1.0,0.0,0.0,0.07,0.0,perl,1,0,NORMAL,0,0
0,tcp,telnet,SF,124,174,0,0,0,0,1,0,0,0,0,0,0,0,0,0,0,0,1,1,0.0,0.0,0.0,0.0,1.0,0.0,0.0,255,167,0.65,0.02,0.0,0.0,0.0,0.0,0.02,0.03,guess_passwd,1,0,NORMAL,0,0
8100,tcp,telnet,SF,0,15,0,0,0,0,0,0,0,0,0,0,0,0,0,0,0,0,1,1,0.0,0.0,0.0,0.0,1.0,0.0,0.0,255,65,0.25,0.04,0.0,0.0,0.0,0.02,0.11,0.2,processtable,1,0,NORMAL,0,0
7228,tcp,telnet,SF,0,44,0,0,0,0,0,0,0,0,0,0,0,0,0,0,0,0,1,1,0.0,0.0,0.0,0.0,1.0,0.0,0.0,255,251,0.98,0.02,0.0,0.0,0.27,0.27,0.01,0.0,processtable,1,0,NORMAL,0,0
4,tcp,pop_3,SF,32,93,0,0,0,0,0,1,0,0,0,0,0,0,0,0,0,0,1,1,0.0,0.0,0.0,0.0,1.0,0.0,0.0,255,153,0.6,0.02,0.0,0.0,0.0,0.0,0.13,0.0,guess_passwd,1,0,NORMAL,0,0
4,tcp,pop_3,SF,28,93,0,0,0,0,0,1,0,0,0,0,0,0,0,0,0,0,1,1,0.0,0.0,0.0,0.0,1.0,0.0,0.0,255,255,1.0,0.0,0.0,0.0,0.0,0.0,0.0,0.0,guess_passwd,1,0,NORMAL,0,0
0,tcp,ftp,SF,26,157,0,0,0,0,1,0,0,0,0,0,0,0,0,0,0,1,1,1,0.0,0.0,0.0,0.0,1.0,0.0,0.0,174,82,0.47,0.03,0.01,0.0,0.0,0.0,0.0,0.0,guess_passwd,1,0,NORMAL,0,0
0,tcp,other,RSTR,0,0,0,0,0,0,0,0,0,0,0,0,0,0,0,0,0,0,1,1,0.0,0.0,1.0,1.0,1.0,0.0,0.0,255,1,0.0,0.64,0.63,0.0,0.0,0.0,0.62,1.0,normal,0,1,ATTACK,1,0
1,tcp,smtp,SF,2599,261,0,0,0,0,0,1,0,0,0,0,0,0,0,0,0,0,2,2,0.0,0.0,0.0,0.0,1.0,0.0,0.0,255,246,0.96,0.04,0.0,0.0,0.0,0.0,0.03,0.0,mailbomb,1,0,NORMAL,0,0
0,tcp,http,S0,0,0,0,0,0,0,0,0,0,0,0,0,0,0,0,0,0,0,34,34,0.41,0.41,0.59,0.59,1.0,0.0,0.0,255,255,1.0,0.0,0.0,0.0,0.07,0.07,0.69,0.69,apache2,1,0,NORMAL,0,0
4,tcp,pop_3,SF,30,93,0,0,0,0,0,1,0,0,0,0,0,0,0,0,0,0,2,1,0.0,0.0,0.0,0.0,0.5,1.0,0.0,255,248,0.97,0.01,0.0,0.0,0.0,0.0,0.0,0.0,guess_passwd,1,0,NORMAL,0,0
1,tcp,smtp,SF,2599,293,0,0,0,0,0,1,0,0,0,0,0,0,0,0,0,0,3,3,0.0,0.0,0.0,0.0,1.0,0.0,0.0,255,104,0.41,0.14,0.0,0.0,0.0,0.0,0.58,0.0,mailbomb,1,0,NORMAL,0,0
0,tcp,telnet,SF,123,174,0,0,0,0,1,0,0,0,0,0,0,0,0,0,0,0,1,1,0.0,0.0,0.0,0.0,1.0,0.0,0.0,255,235,0.92,0.02,0.0,0.0,0.0,0.0,0.02,0.03,guess_passwd,1,0,NORMAL,0,0
1,tcp,smtp,SF,2599,293,0,0,0,0,0,1,0,0,0,0,0,0,0,0,0,0,2,2,0.0,0.0,0.0,0.0,1.0,0.0,0.0,255,9,0.04,0.16,0.0,0.0,0.0,0.0,0.95,0.0,mailbomb,1,0,NORMAL,0,0
4,tcp,pop_3,SF,32,93,0,0,0,0,0,1,0,0,0,0,0,0,0,0,0,0,1,1,0.0,0.0,0.0,0.0,1.0,0.0,0.0,45,44,0.96,0.04,0.02,0.05,0.0,0.0,0.0,0.0,guess_passwd,1,0,NORMAL,0,0
4,tcp,pop_3,SF,28,93,0,0,0,0,0,1,0,0,0,0,0,0,0,0,0,0,1,1,0.0,0.0,0.0,0.0,1.0,0.0,0.0,255,242,0.95,0.02,0.0,0.0,0.0,0.0,0.01,0.0,guess_passwd,1,0,NORMAL,0,0
0,tcp,telnet,SF,127,174,0,0,0,0,1,0,0,0,0,0,0,0,0,0,0,0,1,1,0.0,0.0,0.0,0.0,1.0,0.0,0.0,255,180,0.71,0.02,0.0,0.0,0.0,0.0,0.02,0.03,guess_passwd,1,0,NORMAL,0,0
4,tcp,pop_3,SF,30,93,0,0,0,0,0,1,0,0,0,0,0,0,0,0,0,0,1,1,0.0,0.0,0.0,0.0,1.0,0.0,0.0,255,218,0.85,0.04,0.0,0.0,0.0,0.0,0.0,0.0,guess_passwd,1,0,NORMAL,0,0
4,tcp,pop_3,SF,32,93,0,0,0,0,0,1,0,0,0,0,0,0,0,0,0,0,1,1,0.0,0.0,0.0,0.0,1.0,0.0,0.0,222,203,0.91,0.01,0.0,0.0,0.0,0.0,0.05,0.0,guess_passwd,1,0,NORMAL,0,0
4,tcp,pop_3,SF,32,93,0,0,0,0,0,1,0,0,0,0,0,0,0,0,0,0,1,1,0.0,0.0,0.0,0.0,1.0,0.0,0.0,156,138,0.88,0.02,0.01,0.01,0.0,0.0,0.06,0.0,guess_passwd,1,0,NORMAL,0,0
283,tcp,ftp,SF,158,595,0,0,0,2,0,1,0,0,0,0,0,0,0,0,0,1,1,1,0.0,0.0,0.0,0.0,1.0,0.0,0.0,255,106,0.42,0.03,0.0,0.0,0.02,0.0,0.01,0.0,warezmaster,1,0,NORMAL,0,0
7430,tcp,telnet,SF,0,44,0,0,0,0,0,0,0,0,0,0,0,0,0,0,0,0,1,1,0.0,0.0,0.0,0.0,1.0,0.0,0.0,255,200,0.78,0.21,0.0,0.0,0.5,0.63,0.2,0.01,processtable,1,0,NORMAL,0,0
0,tcp,ftp_data,SF,12,0,0,0,0,0,0,0,0,0,0,0,0,0,0,0,0,0,1,1,0.0,0.0,0.0,0.0,1.0,0.0,0.0,147,42,0.18,0.04,0.18,0.05,0.0,0.0,0.0,0.0,warezmaster,1,0,NORMAL,0,0
0,tcp,sunrpc,REJ,0,0,0,0,0,0,0,0,0,0,0,0,0,0,0,0,0,0,1,7,0.0,0.0,1.0,1.0,1.0,0.0,1.0,71,38,0.17,0.07,0.01,0.05,0.0,0.0,0.87,1.0,mscan,1,0,NORMAL,0,0
281,tcp,ftp,SF,164,601,0,0,0,2,0,1,0,0,0,0,0,0,0,0,0,1,1,1,0.0,0.0,0.0,0.0,1.0,0.0,0.0,255,16,0.06,0.89,0.0,0.0,0.0,0.0,0.87,0.0,warezmaster,1,0,NORMAL,0,0
3,tcp,telnet,SF,0,48,0,0,0,0,0,0,0,0,0,0,0,0,0,0,0,0,4,5,0.0,0.6,0.5,0.0,0.5,0.75,0.8,164,82,0.5,0.02,0.01,0.0,0.0,0.0,0.63,0.27,mscan,1,0,NORMAL,0,0
7354,tcp,telnet,SF,0,44,0,0,0,0,0,0,0,0,0,0,0,0,0,0,0,0,1,1,0.0,0.0,0.0,0.0,1.0,0.0,0.0,255,225,0.88,0.02,0.0,0.0,0.27,0.31,0.01,0.0,processtable,1,0,NORMAL,0,0
4,tcp,pop_3,SF,28,93,0,0,0,0,0,1,0,0,0,0,0,0,0,0,0,0,1,1,0.0,0.0,0.0,0.0,1.0,0.0,0.0,255,217,0.85,0.04,0.0,0.0,0.0,0.0,0.0,0.0,guess_passwd,1,0,NORMAL,0,0
4,tcp,pop_3,SF,32,93,0,0,0,0,0,1,0,0,0,0,0,0,0,0,0,0,1,1,0.0,0.0,0.0,0.0,1.0,0.0,0.0,255,141,0.55,0.02,0.0,0.0,0.0,0.0,0.16,0.0,guess_passwd,1,0,NORMAL,0,0
0,tcp,telnet,SF,125,174,0,0,0,0,1,0,0,0,0,0,0,0,0,0,0,0,1,1,0.0,0.0,0.0,0.0,1.0,0.0,0.0,255,248,0.97,0.01,0.0,0.0,0.0,0.0,0.02,0.02,guess_passwd,1,0,NORMAL,0,0
0,tcp,ftp_data,SF,0,3249,0,0,0,0,0,0,0,0,0,0,0,0,0,0,0,0,1,1,0.0,0.0,0.0,0.0,1.0,0.0,0.0,242,20,0.05,0.03,0.05,0.1,0.01,0.0,0.0,0.0,ps,1,0,NORMAL,0,0
0,udp,private,SF,44,0,0,0,0,0,0,0,0,0,0,0,0,0,0,0,0,0,4,4,0.0,0.0,0.0,0.0,1.0,0.0,0.0,255,253,0.99,0.01,0.01,0.0,0.0,0.0,0.0,0.0,snmpguess,1,0,NORMAL,0,0
0,tcp,telnet,S3,0,44,0,0,0,0,0,0,0,0,0,0,0,0,0,0,0,0,1,1,1.0,1.0,0.0,0.0,1.0,0.0,0.0,255,130,0.51,0.02,0.0,0.0,0.53,0.43,0.01,0.01,processtable,1,0,NORMAL,0,0
8052,tcp,telnet,S3,1,15,0,0,0,0,0,0,0,0,0,0,0,0,0,0,0,0,1,1,1.0,1.0,0.0,0.0,1.0,0.0,0.0,255,46,0.18,0.73,0.0,0.0,0.08,0.46,0.71,0.0,processtable,1,0,NORMAL,0,0
0,tcp,ftp_data,SF,12,0,0,0,0,0,0,0,0,0,0,0,0,0,0,0,0,0,2,2,0.0,0.0,0.0,0.0,1.0,0.0,0.0,70,25,0.2,0.1,0.2,0.08,0.0,0.0,0.0,0.0,warezmaster,1,0,NORMAL,0,0
0,tcp,telnet,REJ,0,0,0,0,0,0,0,0,0,0,0,0,0,0,0,0,0,0,1,19,0.0,0.05,1.0,0.84,1.0,0.0,0.89,70,80,0.36,0.07,0.01,0.03,0.01,0.01,0.84,0.54,mscan,1,0,NORMAL,0,0
0,udp,private,SF,105,146,0,0,0,0,0,0,0,0,0,0,0,0,0,0,0,0,1,1,0.0,0.0,0.0,0.0,1.0,0.0,0.0,255,248,0.97,0.01,0.0,0.0,0.0,0.0,0.0,0.0,snmpgetattack,1,0,NORMAL,0,0
7398,tcp,telnet,SF,0,44,0,0,0,0,0,0,0,0,0,0,0,0,0,0,0,0,1,1,0.0,0.0,0.0,0.0,1.0,0.0,0.0,255,207,0.81,0.19,0.0,0.0,0.5,0.61,0.18,0.01,processtable,1,0,NORMAL,0,0
0,udp,private,SF,47,47,0,0,0,0,0,0,0,0,0,0,0,0,0,0,0,0,2,2,0.0,0.0,0.0,0.0,1.0,0.0,0.0,255,255,1.0,0.0,0.01,0.0,0.0,0.0,0.0,0.0,snmpguess,1,0,NORMAL,0,0
7436,tcp,telnet,SF,0,44,0,0,0,0,0,0,0,0,0,0,0,0,0,0,0,0,1,1,0.0,0.0,0.0,0.0,1.0,0.0,0.0,255,215,0.84,0.03,0.0,0.0,0.33,0.4,0.12,0.07,processtable,1,0,NORMAL,0,0
135,tcp,telnet,SF,353,5769,0,0,0,4,0,1,8,1,0,7,2,0,1,0,0,0,1,1,0.0,0.0,0.0,0.0,1.0,0.0,0.0,255,141,0.55,0.03,0.0,0.0,0.48,0.86,0.02,0.01,ps,1,0,NORMAL,0,0
8104,tcp,telnet,SF,0,15,0,0,0,0,0,0,0,0,0,0,0,0,0,0,0,0,1,1,0.0,0.0,0.0,0.0,1.0,0.0,0.0,255,64,0.25,0.04,0.0,0.0,0.0,0.02,0.11,0.2,processtable,1,0,NORMAL,0,0
4,tcp,pop_3,SF,31,93,0,0,0,0,0,1,0,0,0,0,0,0,0,0,0,0,1,1,0.0,0.0,0.0,0.0,1.0,0.0,0.0,255,132,0.52,0.02,0.0,0.0,0.0,0.0,0.18,0.02,guess_passwd,1,0,NORMAL,0,0
4,tcp,pop_3,SF,32,93,0,0,0,0,0,1,0,0,0,0,0,0,0,0,0,0,1,1,0.0,0.0,0.0,0.0,1.0,0.0,0.0,210,191,0.91,0.01,0.0,0.0,0.0,0.0,0.05,0.0,guess_passwd,1,0,NORMAL,0,0
0,tcp,telnet,S3,0,44,0,0,0,0,0,0,0,0,0,0,0,0,0,0,0,0,1,1,1.0,1.0,0.0,0.0,1.0,0.0,0.0,255,151,0.59,0.03,0.0,0.0,0.3,0.51,0.11,0.09,processtable,1,0,NORMAL,0,0
281,tcp,ftp,SF,160,597,0,0,0,2,0,1,0,0,0,0,0,0,0,0,0,1,1,1,0.0,0.0,0.0,0.0,1.0,0.0,0.0,255,112,0.44,0.03,0.0,0.0,0.0,0.0,0.0,0.0,warezmaster,1,0,NORMAL,0,0
0,tcp,ftp,SF,25,157,0,0,0,0,1,0,0,0,0,0,0,0,0,0,0,1,1,1,0.0,0.0,0.0,0.0,1.0,0.0,0.0,46,21,0.46,0.09,0.02,0.0,0.0,0.0,0.0,0.0,guess_passwd,1,0,NORMAL,0,0
7248,tcp,telnet,SF,0,44,0,0,0,0,0,0,0,0,0,0,0,0,0,0,0,0,1,1,0.0,0.0,0.0,0.0,1.0,0.0,0.0,255,248,0.97,0.02,0.0,0.0,0.33,0.34,0.04,0.02,processtable,1,0,NORMAL,0,0
4,tcp,pop_3,SF,26,93,0,0,0,0,0,1,0,0,0,0,0,0,0,0,0,0,1,1,0.0,0.0,0.0,0.0,1.0,0.0,0.0,98,83,0.84,0.03,0.01,0.02,0.0,0.0,0.1,0.0,guess_passwd,1,0,NORMAL,0,0
1,tcp,finger,SF,6,1572,0,0,0,0,0,0,0,0,0,0,0,0,0,0,0,0,1,3,0.0,0.0,0.0,0.0,1.0,0.0,0.67,55,1,0.02,0.22,0.02,0.0,0.0,0.0,0.09,0.0,saint,1,0,NORMAL,0,0
4,tcp,pop_3,SF,26,93,0,0,0,0,0,1,0,0,0,0,0,0,0,0,0,0,1,1,0.0,0.0,0.0,0.0,1.0,0.0,0.0,130,115,0.88,0.02,0.01,0.02,0.0,0.0,0.08,0.0,guess_passwd,1,0,NORMAL,0,0
0,udp,private,SF,40,0,0,0,0,0,0,0,0,0,0,0,0,0,0,0,0,0,5,5,0.0,0.0,0.0,0.0,1.0,0.0,0.0,255,254,1.0,0.01,0.0,0.0,0.0,0.0,0.0,0.0,snmpguess,1,0,NORMAL,0,0
5,tcp,pop_3,SF,0,0,0,0,0,0,0,0,0,0,0,0,0,0,0,0,0,0,1,1,0.0,0.0,0.0,0.0,1.0,0.0,0.0,201,51,0.2,0.02,0.0,0.04,0.0,0.0,0.16,0.22,mscan,1,0,NORMAL,0,0
0,udp,private,SF,28,0,0,3,0,0,0,0,0,0,0,0,0,0,0,0,0,0,81,81,0.0,0.0,0.0,0.0,1.0,0.0,0.0,106,81,0.76,0.04,0.76,0.0,0.0,0.0,0.0,0.0,normal,0,1,ATTACK,1,0
283,tcp,ftp,SF,158,597,0,0,0,2,0,1,0,0,0,0,0,0,0,0,0,1,1,1,0.0,0.0,0.0,0.0,1.0,0.0,0.0,255,41,0.16,0.03,0.0,0.0,0.28,0.0,0.02,0.0,warezmaster,1,0,NORMAL,0,0
7358,tcp,telnet,SF,0,44,0,0,0,0,0,0,0,0,0,0,0,0,0,0,0,0,1,1,0.0,0.0,0.0,0.0,1.0,0.0,0.0,255,224,0.88,0.02,0.0,0.0,0.27,0.31,0.01,0.0,processtable,1,0,NORMAL,0,0
2,tcp,telnet,SF,24,109,0,0,0,0,0,0,0,0,0,0,0,0,0,0,0,0,2,8,0.0,0.0,0.5,0.5,1.0,0.0,0.5,185,84,0.33,0.03,0.01,0.02,0.0,0.0,0.89,0.7,mscan,1,0,NORMAL,0,0
10,tcp,ftp_data,SF,256000,0,0,0,0,0,0,0,0,0,0,0,0,0,0,0,0,0,1,1,0.0,0.0,0.0,0.0,1.0,0.0,0.0,255,51,0.2,0.03,0.2,0.0,0.29,0.0,0.02,0.0,rootkit,1,0,NORMAL,0,0
0,udp,private,SF,105,146,0,0,0,0,0,0,0,0,0,0,0,0,0,0,0,0,3,2,0.0,0.0,0.0,0.0,0.67,0.67,0.0,255,254,1.0,0.01,0.0,0.0,0.0,0.0,0.0,0.0,snmpgetattack,1,0,NORMAL,0,0
1,tcp,smtp,SF,2599,293,0,0,0,0,0,1,0,0,0,0,0,0,0,0,0,0,3,3,0.0,0.0,0.0,0.0,1.0,0.0,0.0,255,171,0.67,0.13,0.0,0.0,0.0,0.0,0.32,0.0,mailbomb,1,0,NORMAL,0,0
0,udp,private,SF,1,0,0,0,0,0,0,0,0,0,0,0,0,0,0,0,0,0,23,21,0.0,0.0,0.0,0.0,0.91,0.09,0.0,255,21,0.08,0.58,0.95,0.0,0.01,0.0,0.03,0.0,normal,0,1,ATTACK,1,0
1,tcp,smtp,SF,2599,293,0,0,0,0,0,1,0,0,0,0,0,0,0,0,0,0,2,2,0.0,0.0,0.0,0.0,1.0,0.0,0.0,255,145,0.57,0.13,0.0,0.0,0.0,0.0,0.42,0.0,mailbomb,1,0,NORMAL,0,0
283,tcp,ftp,SF,162,597,0,0,0,2,0,1,0,0,0,0,0,0,0,0,0,1,1,1,0.0,0.0,0.0,0.0,1.0,0.0,0.0,255,127,0.5,0.03,0.0,0.0,0.0,0.0,0.0,0.0,warezmaster,1,0,NORMAL,0,0
0,tcp,telnet,SF,123,174,0,0,0,0,1,0,0,0,0,0,0,0,0,0,0,0,1,1,0.0,0.0,0.0,0.0,1.0,0.0,0.0,255,199,0.78,0.02,0.0,0.0,0.0,0.0,0.02,0.03,guess_passwd,1,0,NORMAL,0,0
7285,tcp,telnet,SF,0,44,0,0,0,0,0,0,0,0,0,0,0,0,0,0,0,0,1,1,0.0,0.0,0.0,0.0,1.0,0.0,0.0,255,238,0.93,0.02,0.0,0.0,0.27,0.29,0.01,0.0,processtable,1,0,NORMAL,0,0
75,tcp,telnet,SF,277,1087,0,0,0,2,0,1,1,1,0,0,4,2,0,0,0,0,1,1,0.0,0.0,0.0,0.0,1.0,0.0,0.0,137,101,0.74,0.04,0.01,0.0,0.73,0.99,0.0,0.0,loadmodule,1,0,NORMAL,0,0
281,tcp,ftp,SF,160,595,0,0,0,2,0,1,0,0,0,0,0,0,0,0,0,1,1,1,0.0,0.0,0.0,0.0,1.0,0.0,0.0,255,8,0.03,0.41,0.0,0.0,0.0,0.0,0.4,0.0,warezmaster,1,0,NORMAL,0,0
0,tcp,sunrpc,REJ,0,0,0,0,0,0,0,0,0,0,0,0,0,0,0,0,0,0,1,2,0.0,0.0,1.0,1.0,1.0,0.0,1.0,87,52,0.17,0.06,0.01,0.04,0.0,0.0,0.89,1.0,mscan,1,0,NORMAL,0,0
0,udp,private,SF,46,46,0,0,0,0,0,0,0,0,0,0,0,0,0,0,0,0,3,3,0.0,0.0,0.0,0.0,1.0,0.0,0.0,255,254,1.0,0.01,0.01,0.0,0.0,0.0,0.0,0.0,snmpguess,1,0,NORMAL,0,0
280,tcp,ftp_data,SF,283618,0,0,0,0,0,0,0,0,0,0,0,0,0,0,0,0,0,1,1,0.0,0.0,0.0,0.0,1.0,0.0,0.0,6,3,0.5,0.33,0.5,0.0,0.0,0.0,0.0,0.0,warezmaster,1,0,NORMAL,0,0
0,udp,private,SF,52,0,0,0,0,0,0,0,0,0,0,0,0,0,0,0,0,0,5,5,0.0,0.0,0.0,0.0,1.0,0.0,0.0,255,255,1.0,0.0,0.0,0.0,0.0,0.0,0.0,0.0,snmpguess,1,0,NORMAL,0,0
4,tcp,pop_3,SF,32,93,0,0,0,0,0,1,0,0,0,0,0,0,0,0,0,0,1,1,0.0,0.0,0.0,0.0,1.0,0.0,0.0,147,130,0.88,0.02,0.01,0.02,0.0,0.0,0.07,0.0,guess_passwd,1,0,NORMAL,0,0
283,tcp,ftp,SF,160,599,0,0,0,2,0,1,0,0,0,0,0,0,0,0,0,1,1,1,0.0,0.0,0.0,0.0,1.0,0.0,0.0,130,60,0.46,0.03,0.01,0.0,0.0,0.0,0.0,0.0,warezmaster,1,0,NORMAL,0,0
282,tcp,ftp,SF,164,601,0,0,0,2,0,1,0,0,0,0,0,0,0,0,0,1,1,1,0.0,0.0,0.0,0.0,1.0,0.0,0.0,255,108,0.42,0.03,0.01,0.0,0.0,0.0,0.0,0.0,warezmaster,1,0,NORMAL,0,0
282,tcp,ftp,SF,160,597,0,0,0,2,0,1,0,0,0,0,0,0,0,0,0,1,1,1,0.0,0.0,0.0,0.0,1.0,0.0,0.0,132,47,0.36,0.05,0.01,0.0,0.0,0.0,0.0,0.0,warezmaster,1,0,NORMAL,0,0
1,tcp,smtp,SF,2599,293,0,0,0,0,0,1,0,0,0,0,0,0,0,0,0,0,3,3,0.0,0.0,0.0,0.0,1.0,0.0,0.0,255,43,0.17,0.16,0.0,0.0,0.0,0.0,0.81,0.0,mailbomb,1,0,NORMAL,0,0
4,tcp,pop_3,SF,32,93,0,0,0,0,0,1,0,0,0,0,0,0,0,0,0,0,1,1,0.0,0.0,0.0,0.0,1.0,0.0,0.0,127,112,0.87,0.02,0.01,0.02,0.0,0.0,0.08,0.0,guess_passwd,1,0,NORMAL,0,0
0,tcp,smtp,REJ,0,0,0,0,0,0,0,0,0,0,0,0,0,0,0,0,0,0,1,2,0.0,0.0,1.0,0.5,1.0,0.0,1.0,255,1,0.0,0.72,0.0,0.0,0.0,0.0,0.05,1.0,normal,0,1,ATTACK,1,0
0,udp,private,SF,51,0,0,0,0,0,0,0,0,0,0,0,0,0,0,0,0,0,2,2,0.0,0.0,0.0,0.0,1.0,0.0,0.0,255,254,1.0,0.01,0.01,0.0,0.0,0.0,0.0,0.0,snmpguess,1,0,NORMAL,0,0
0,tcp,ftp,SF,26,157,0,0,0,0,1,0,0,0,0,0,0,0,0,0,0,1,1,1,0.0,0.0,0.0,0.0,1.0,0.0,0.0,142,66,0.46,0.03,0.01,0.0,0.0,0.0,0.0,0.0,guess_passwd,1,0,NORMAL,0,0
0,udp,private,SF,46,46,0,0,0,0,0,0,0,0,0,0,0,0,0,0,0,0,4,3,0.0,0.0,0.0,0.0,0.75,0.5,0.0,255,254,1.0,0.01,0.01,0.0,0.0,0.0,0.0,0.0,snmpguess,1,0,NORMAL,0,0
4,tcp,pop_3,SF,28,93,0,0,0,0,0,1,0,0,0,0,0,0,0,0,0,0,1,1,0.0,0.0,0.0,0.0,1.0,0.0,0.0,112,97,0.86,0.03,0.01,0.02,0.0,0.0,0.09,0.0,guess_passwd,1,0,NORMAL,0,0
0,tcp,imap4,REJ,0,0,0,0,0,0,0,0,0,0,0,0,0,0,0,0,0,0,1,7,0.0,0.0,1.0,1.0,1.0,0.0,1.0,11,59,0.27,0.45,0.09,0.03,0.0,0.0,0.64,1.0,mscan,1,0,NORMAL,0,0
0,udp,private,SF,105,146,0,0,0,0,0,0,0,0,0,0,0,0,0,0,0,0,1,1,0.0,0.0,0.0,0.0,1.0,0.0,0.0,29,29,1.0,0.0,0.03,0.0,0.0,0.0,0.0,0.0,snmpgetattack,1,0,NORMAL,0,0
4,tcp,pop_3,SF,28,93,0,0,0,0,0,1,0,0,0,0,0,0,0,0,0,0,2,1,0.0,0.0,0.0,0.0,0.5,1.0,0.0,255,246,0.96,0.02,0.0,0.0,0.0,0.0,0.0,0.0,guess_passwd,1,0,NORMAL,0,0
0,udp,private,SF,1,1,0,0,0,0,0,0,0,0,0,0,0,0,0,0,0,0,62,3,0.0,0.0,0.0,0.0,0.05,0.6,0.0,255,3,0.01,0.71,0.99,0.0,0.0,0.0,0.01,0.0,normal,0,1,ATTACK,1,0
0,udp,private,SF,50,0,0,0,0,0,0,0,0,0,0,0,0,0,0,0,0,0,4,4,0.0,0.0,0.0,0.0,1.0,0.0,0.0,255,255,1.0,0.0,0.01,0.0,0.0,0.0,0.0,0.0,snmpguess,1,0,NORMAL,0,0
4,tcp,pop_3,SF,32,93,0,0,0,0,0,1,0,0,0,0,0,0,0,0,0,0,1,1,0.0,0.0,0.0,0.0,1.0,0.0,0.0,255,243,0.95,0.01,0.0,0.0,0.0,0.0,0.02,0.0,guess_passwd,1,0,NORMAL,0,0
0,udp,private,SF,1,4,0,0,0,0,0,0,0,0,0,0,0,0,0,0,0,0,45,4,0.0,0.0,0.0,0.0,0.09,0.27,0.0,255,4,0.02,0.71,0.38,0.0,0.0,0.0,0.62,0.0,normal,0,1,ATTACK,1,0
4,tcp,pop_3,SF,28,93,0,0,0,0,0,1,0,0,0,0,0,0,0,0,0,0,1,1,0.0,0.0,0.0,0.0,1.0,0.0,0.0,255,195,0.76,0.02,0.01,0.0,0.0,0.0,0.07,0.0,guess_passwd,1,0,NORMAL,0,0
4,tcp,telnet,RSTO,123,178,0,0,0,0,1,0,0,0,0,0,0,0,0,0,0,0,1,1,0.0,0.0,1.0,1.0,1.0,0.0,0.0,22,6,0.27,0.14,0.05,0.0,0.0,0.0,0.09,0.33,guess_passwd,1,0,NORMAL,0,0
4,tcp,pop_3,SF,28,93,0,0,0,0,0,1,0,0,0,0,0,0,0,0,0,0,1,1,0.0,0.0,0.0,0.0,1.0,0.0,0.0,255,254,1.0,0.01,0.0,0.0,0.0,0.0,0.0,0.0,guess_passwd,1,0,NORMAL,0,0
7,tcp,pop_3,SF,31,93,0,0,0,0,0,1,0,0,0,0,0,0,0,0,0,0,1,1,0.0,0.0,0.0,0.0,1.0,0.0,0.0,190,171,0.9,0.02,0.01,0.0,0.0,0.0,0.05,0.0,guess_passwd,1,0,NORMAL,0,0
282,tcp,ftp,SF,164,599,0,0,0,2,0,1,0,0,0,0,0,0,0,0,0,1,1,1,0.0,0.0,0.0,0.0,1.0,0.0,0.0,255,15,0.06,0.75,0.0,0.0,0.0,0.0,0.74,0.0,warezmaster,1,0,NORMAL,0,0
1,tcp,smtp,SF,2599,261,0,0,0,0,0,1,0,0,0,0,0,0,0,0,0,0,3,3,0.0,0.0,0.0,0.0,1.0,0.0,0.0,255,246,0.96,0.04,0.0,0.0,0.0,0.0,0.03,0.0,mailbomb,1,0,NORMAL,0,0
0,udp,private,SF,1,0,0,0,0,0,0,0,0,0,0,0,0,0,0,0,0,0,20,2,0.0,0.0,0.0,0.0,0.1,0.5,0.0,255,2,0.01,0.7,0.98,0.0,0.0,0.0,0.02,0.0,normal,0,1,ATTACK,1,0
16,tcp,pop_3,RSTR,27,93,0,0,0,0,0,1,0,0,0,0,0,0,0,0,0,0,1,1,0.0,0.0,1.0,1.0,1.0,0.0,0.0,255,213,0.84,0.02,0.0,0.0,0.0,0.0,0.04,0.0,guess_passwd,1,0,NORMAL,0,0
281,tcp,ftp,SF,162,599,0,0,0,2,0,1,0,0,0,0,0,0,0,0,0,1,1,1,0.0,0.0,0.0,0.0,1.0,0.0,0.0,255,14,0.05,0.87,0.0,0.0,0.0,0.0,0.85,0.0,warezmaster,1,0,NORMAL,0,0
4,tcp,pop_3,SF,28,93,0,0,0,0,0,1,0,0,0,0,0,0,0,0,0,0,1,1,0.0,0.0,0.0,0.0,1.0,0.0,0.0,255,243,0.95,0.02,0.0,0.0,0.0,0.0,0.02,0.0,guess_passwd,1,0,NORMAL,0,0
3,tcp,pop_3,SF,27,93,0,0,0,0,0,1,0,0,0,0,0,0,0,0,0,0,1,1,0.0,0.0,0.0,0.0,1.0,0.0,0.0,255,211,0.83,0.02,0.0,0.0,0.0,0.0,0.04,0.0,guess_passwd,1,0,NORMAL,0,0
3,tcp,telnet,RSTO,122,177,0,0,0,0,1,0,0,0,0,0,0,0,0,0,0,0,1,1,0.0,0.0,1.0,1.0,1.0,0.0,0.0,24,8,0.33,0.12,0.04,0.0,0.0,0.0,0.12,0.38,guess_passwd,1,0,NORMAL,0,0
7525,tcp,telnet,SF,0,44,0,0,0,0,0,0,0,0,0,0,0,0,0,0,0,0,1,1,0.0,0.0,0.0,0.0,1.0,0.0,0.0,255,195,0.76,0.03,0.0,0.0,0.33,0.44,0.12,0.07,processtable,1,0,NORMAL,0,0
0,tcp,other,REJ,0,0,0,0,0,0,0,0,0,0,0,0,0,0,0,0,0,0,1,1,0.0,0.0,1.0,1.0,1.0,0.0,0.0,255,47,0.18,0.02,0.0,0.0,0.0,0.0,0.16,0.83,httptunnel,1,0,NORMAL,0,0
1022,tcp,http,RSTR,3944,0,0,0,0,0,0,1,0,0,0,0,0,0,0,0,0,0,44,44,0.0,0.0,1.0,1.0,1.0,0.0,0.0,255,255,1.0,0.0,0.0,0.0,0.0,0.0,0.42,0.42,apache2,1,0,NORMAL,0,0
0,udp,private,SF,44,0,0,0,0,0,0,0,0,0,0,0,0,0,0,0,0,0,4,4,0.0,0.0,0.0,0.0,1.0,0.0,0.0,255,255,1.0,0.0,0.02,0.0,0.0,0.0,0.0,0.0,snmpguess,1,0,NORMAL,0,0
2077,tcp,http,S3,72564,0,0,0,0,0,0,1,0,0,0,0,0,0,0,0,0,0,14,14,0.07,0.07,0.93,0.93,1.0,0.0,0.0,255,237,0.93,0.01,0.0,0.0,0.0,0.0,0.19,0.2,apache2,1,0,NORMAL,0,0
0,tcp,sunrpc,REJ,0,0,0,0,0,0,0,0,0,0,0,0,0,0,0,0,0,0,1,13,0.0,0.0,1.0,1.0,1.0,0.0,1.0,53,45,0.09,0.09,0.02,0.04,0.04,0.0,0.85,1.0,mscan,1,0,NORMAL,0,0
0,tcp,ftp_data,SF,12,0,0,0,0,0,0,0,0,0,0,0,0,0,0,0,0,0,1,2,0.0,0.0,0.0,0.0,1.0,0.0,1.0,1,1,1.0,0.0,1.0,0.0,0.0,0.0,0.0,0.0,warezmaster,1,0,NORMAL,0,0
281,tcp,ftp,SF,158,597,0,0,0,2,0,1,0,0,0,0,0,0,0,0,0,1,1,1,0.0,0.0,0.0,0.0,1.0,0.0,0.0,255,17,0.07,0.82,0.0,0.0,0.0,0.0,0.8,0.0,warezmaster,1,0,NORMAL,0,0
0,tcp,http,S0,0,0,0,0,0,0,0,0,0,0,0,0,0,0,0,0,0,0,13,13,1.0,1.0,0.0,0.0,1.0,0.0,0.0,255,245,0.96,0.01,0.0,0.0,0.2,0.2,0.56,0.59,apache2,1,0,NORMAL,0,0
8112,tcp,telnet,SF,0,15,0,0,0,0,0,0,0,0,0,0,0,0,0,0,0,0,1,1,0.0,0.0,0.0,0.0,1.0,0.0,0.0,255,63,0.25,0.04,0.0,0.0,0.0,0.02,0.11,0.21,processtable,1,0,NORMAL,0,0
4,tcp,pop_3,SF,28,93,0,0,0,0,0,1,0,0,0,0,0,0,0,0,0,0,1,1,0.0,0.0,0.0,0.0,1.0,0.0,0.0,255,248,0.97,0.01,0.0,0.0,0.0,0.0,0.01,0.0,guess_passwd,1,0,NORMAL,0,0
5,tcp,pop_3,SF,32,93,0,0,0,0,0,1,0,0,0,0,0,0,0,0,0,0,1,1,0.0,0.0,0.0,0.0,1.0,0.0,0.0,56,54,0.95,0.04,0.02,0.04,0.0,0.0,0.0,0.0,guess_passwd,1,0,NORMAL,0,0
1,tcp,smtp,SF,2599,293,0,0,0,0,0,1,0,0,0,0,0,0,0,0,0,0,2,2,0.0,0.0,0.0,0.0,1.0,0.0,0.0,255,156,0.61,0.13,0.0,0.0,0.0,0.0,0.38,0.0,mailbomb,1,0,NORMAL,0,0
4,tcp,pop_3,SF,30,93,0,0,0,0,0,1,0,0,0,0,0,0,0,0,0,0,1,1,0.0,0.0,0.0,0.0,1.0,0.0,0.0,255,225,0.88,0.04,0.0,0.0,0.0,0.0,0.0,0.0,guess_passwd,1,0,NORMAL,0,0
283,tcp,ftp,SF,160,597,0,0,0,2,0,1,0,0,0,0,0,0,0,0,0,1,1,1,0.0,0.0,0.0,0.0,1.0,0.0,0.0,255,34,0.13,0.03,0.0,0.0,0.35,0.0,0.02,0.0,warezmaster,1,0,NORMAL,0,0
0,tcp,ftp_data,SF,12,0,0,0,0,0,0,0,0,0,0,0,0,0,0,0,0,0,2,2,0.0,0.0,0.0,0.0,1.0,0.0,0.0,6,12,1.0,0.0,1.0,0.17,0.0,0.0,0.0,0.0,warezmaster,1,0,NORMAL,0,0
0,udp,private,SF,49,0,0,0,0,0,0,0,0,0,0,0,0,0,0,0,0,0,2,2,0.0,0.0,0.0,0.0,1.0,0.0,0.0,255,255,1.0,0.0,0.01,0.0,0.0,0.0,0.0,0.0,snmpguess,1,0,NORMAL,0,0
0,tcp,telnet,SF,125,188,0,0,0,0,1,0,0,0,0,0,0,0,0,0,0,0,2,2,0.0,0.0,0.0,0.0,1.0,0.0,0.0,255,129,0.51,0.02,0.0,0.0,0.0,0.0,0.02,0.03,guess_passwd,1,0,NORMAL,0,0
0,tcp,telnet,RSTO,0,15,0,0,0,0,0,0,0,0,0,0,0,0,0,0,0,0,1,6,0.0,0.17,1.0,0.5,1.0,0.0,0.67,184,88,0.34,0.03,0.01,0.02,0.01,0.01,0.88,0.64,mscan,1,0,NORMAL,0,0
284,tcp,ftp,SF,158,595,0,0,0,2,0,1,0,0,0,0,0,0,0,0,0,1,1,1,0.0,0.0,0.0,0.0,1.0,0.0,0.0,255,87,0.34,0.03,0.0,0.0,0.02,0.0,0.01,0.0,warezmaster,1,0,NORMAL,0,0
0,tcp,telnet,SF,121,174,0,0,0,0,1,0,0,0,0,0,0,0,0,0,0,0,1,1,0.0,0.0,0.0,0.0,1.0,0.0,0.0,255,86,0.34,0.02,0.0,0.0,0.0,0.0,0.01,0.03,guess_passwd,1,0,NORMAL,0,0
0,tcp,http,S0,0,0,0,0,0,0,0,0,0,0,0,0,0,0,0,0,0,0,13,13,0.15,0.15,0.85,0.85,1.0,0.0,0.0,255,244,0.96,0.01,0.0,0.0,0.03,0.03,0.56,0.58,apache2,1,0,NORMAL,0,0
281,tcp,ftp,SF,162,599,0,0,0,2,0,1,0,0,0,0,0,0,0,0,0,1,1,1,0.0,0.0,0.0,0.0,1.0,0.0,0.0,9,4,0.44,0.33,0.11,0.0,0.0,0.0,0.0,0.0,warezmaster,1,0,NORMAL,0,0
0,udp,private,SF,48,0,0,0,0,0,0,0,0,0,0,0,0,0,0,0,0,0,4,4,0.0,0.0,0.0,0.0,1.0,0.0,0.0,255,254,1.0,0.01,0.01,0.0,0.0,0.0,0.0,0.0,snmpguess,1,0,NORMAL,0,0
7614,tcp,telnet,SF,0,44,0,0,0,0,0,0,0,0,0,0,0,0,0,0,0,0,1,1,0.0,0.0,0.0,0.0,1.0,0.0,0.0,255,173,0.68,0.02,0.0,0.0,0.47,0.45,0.01,0.01,processtable,1,0,NORMAL,0,0
0,udp,private,SF,41,0,0,0,0,0,0,0,0,0,0,0,0,0,0,0,0,0,2,2,0.0,0.0,0.0,0.0,1.0,0.0,0.0,255,254,1.0,0.01,0.0,0.0,0.0,0.0,0.0,0.0,snmpguess,1,0,NORMAL,0,0
0,tcp,telnet,SF,120,174,0,0,0,0,1,0,0,0,0,0,0,0,0,0,0,0,2,2,0.0,0.0,0.0,0.0,1.0,0.0,0.0,255,224,0.88,0.02,0.0,0.0,0.0,0.0,0.02,0.03,guess_passwd,1,0,NORMAL,0,0
0,tcp,ftp_data,SF,12,0,0,0,0,0,0,0,0,0,0,0,0,0,0,0,0,0,2,2,0.0,0.0,0.0,0.0,1.0,0.0,0.0,2,24,1.0,0.0,1.0,0.17,0.0,0.0,0.0,0.0,warezmaster,1,0,NORMAL,0,0
0,tcp,telnet,SF,121,174,0,0,0,0,1,0,0,0,0,0,0,0,0,0,0,0,2,2,0.0,0.0,0.0,0.0,1.0,0.0,0.0,255,54,0.21,0.02,0.0,0.0,0.0,0.0,0.01,0.04,guess_passwd,1,0,NORMAL,0,0
0,udp,private,SF,48,48,0,0,0,0,0,0,0,0,0,0,0,0,0,0,0,0,3,3,0.0,0.0,0.0,0.0,1.0,0.0,0.0,255,255,1.0,0.0,0.01,0.0,0.0,0.0,0.0,0.0,snmpguess,1,0,NORMAL,0,0
0,tcp,http,S0,0,0,0,0,0,0,0,0,0,0,0,0,0,0,0,0,0,0,15,15,0.53,0.53,0.47,0.47,1.0,0.0,0.0,255,244,0.96,0.01,0.0,0.0,0.05,0.05,0.56,0.59,apache2,1,0,NORMAL,0,0
282,tcp,ftp,SF,158,595,0,0,0,2,0,1,0,0,0,0,0,0,0,0,0,1,1,1,0.0,0.0,0.0,0.0,1.0,0.0,0.0,61,33,0.54,0.07,0.02,0.0,0.0,0.0,0.0,0.0,warezmaster,1,0,NORMAL,0,0
282,tcp,ftp,SF,160,597,0,0,0,2,0,1,0,0,0,0,0,0,0,0,0,1,1,1,0.0,0.0,0.0,0.0,1.0,0.0,0.0,255,14,0.05,0.78,0.0,0.0,0.0,0.0,0.76,0.0,warezmaster,1,0,NORMAL,0,0
0,tcp,ftp,SF,26,157,0,0,0,0,1,0,0,0,0,0,0,0,0,0,0,1,1,1,0.0,0.0,0.0,0.0,1.0,0.0,0.0,197,95,0.48,0.03,0.01,0.0,0.0,0.0,0.0,0.0,guess_passwd,1,0,NORMAL,0,0
7262,tcp,telnet,SF,0,44,0,0,0,0,0,0,0,0,0,0,0,0,0,0,0,0,1,1,0.0,0.0,0.0,0.0,1.0,0.0,0.0,255,229,0.9,0.11,0.0,0.0,0.5,0.55,0.11,0.01,processtable,1,0,NORMAL,0,0
0,tcp,auth,SF,10,35,0,0,0,0,0,0,0,0,0,0,0,0,0,0,0,0,1,1,0.0,0.0,0.0,0.0,1.0,0.0,0.0,50,1,0.02,0.1,0.02,0.0,0.0,0.0,0.0,0.0,sendmail,1,0,NORMAL,0,0
4,tcp,pop_3,SF,32,93,0,0,0,0,0,1,0,0,0,0,0,0,0,0,0,0,1,1,0.0,0.0,0.0,0.0,1.0,0.0,0.0,97,82,0.84,0.03,0.01,0.02,0.0,0.0,0.1,0.0,guess_passwd,1,0,NORMAL,0,0
281,tcp,ftp,SF,158,597,0,0,0,2,0,1,0,0,0,0,0,0,0,0,0,1,1,1,0.0,0.0,0.0,0.0,1.0,0.0,0.0,203,66,0.33,0.03,0.0,0.0,0.0,0.0,0.0,0.0,warezmaster,1,0,NORMAL,0,0
283,tcp,ftp,SF,156,595,0,0,0,2,0,1,0,0,0,0,0,0,0,0,0,1,1,1,0.0,0.0,0.0,0.0,1.0,0.0,0.0,8,6,0.75,0.25,0.12,0.0,0.0,0.0,0.0,0.0,warezmaster,1,0,NORMAL,0,0
0,tcp,telnet,S3,0,44,0,0,0,0,0,0,0,0,0,0,0,0,0,0,0,0,1,1,1.0,1.0,0.0,0.0,1.0,0.0,0.0,255,139,0.55,0.03,0.0,0.0,0.25,0.45,0.11,0.09,processtable,1,0,NORMAL,0,0
7630,tcp,telnet,SF,0,44,0,0,0,0,0,0,0,0,0,0,0,0,0,0,0,0,1,1,0.0,0.0,0.0,0.0,1.0,0.0,0.0,255,168,0.66,0.03,0.0,0.0,0.33,0.5,0.11,0.08,processtable,1,0,NORMAL,0,0
0,udp,private,SF,1,0,0,0,0,0,0,0,0,0,0,0,0,0,0,0,0,0,82,5,0.0,0.0,0.0,0.0,0.06,0.51,0.0,255,5,0.02,0.47,0.87,0.0,0.0,0.0,0.13,0.0,normal,0,1,ATTACK,1,0
0,icmp,ecr_i,SF,1480,0,0,1,0,0,0,0,0,0,0,0,0,0,0,0,0,0,3,3,0.0,0.0,0.0,0.0,1.0,0.0,0.0,255,3,0.01,0.89,0.01,0.0,0.0,0.0,0.88,0.0,normal,0,1,ATTACK,1,0
4,tcp,pop_3,SF,32,93,0,0,0,0,0,1,0,0,0,0,0,0,0,0,0,0,1,1,0.0,0.0,0.0,0.0,1.0,0.0,0.0,255,242,0.95,0.01,0.0,0.0,0.0,0.0,0.03,0.0,guess_passwd,1,0,NORMAL,0,0
0,udp,private,SF,43,0,0,0,0,0,0,0,0,0,0,0,0,0,0,0,0,0,4,4,0.0,0.0,0.0,0.0,1.0,0.0,0.0,255,253,0.99,0.01,0.0,0.0,0.0,0.0,0.0,0.0,snmpguess,1,0,NORMAL,0,0
0,tcp,telnet,S3,0,44,0,0,0,0,0,0,0,0,0,0,0,0,0,0,0,0,1,1,1.0,1.0,0.0,0.0,1.0,0.0,0.0,255,146,0.57,0.03,0.0,0.0,0.28,0.49,0.11,0.09,processtable,1,0,NORMAL,0,0
7603,tcp,telnet,SF,0,44,0,0,0,0,0,0,0,0,0,0,0,0,0,0,0,0,1,1,0.0,0.0,0.0,0.0,1.0,0.0,0.0,255,157,0.62,0.36,0.0,0.0,0.49,0.8,0.35,0.01,processtable,1,0,NORMAL,0,0
0,tcp,telnet,SF,123,174,0,0,0,0,1,0,0,0,0,0,0,0,0,0,0,0,1,1,0.0,0.0,0.0,0.0,1.0,0.0,0.0,255,254,1.0,0.01,0.0,0.0,0.02,0.02,0.01,0.01,guess_passwd,1,0,NORMAL,0,0
4,tcp,pop_3,SF,25,93,0,0,0,0,0,1,0,0,0,0,0,0,0,0,0,0,1,1,0.0,0.0,0.0,0.0,1.0,0.0,0.0,255,237,0.93,0.01,0.0,0.0,0.0,0.0,0.04,0.0,guess_passwd,1,0,NORMAL,0,0
4,tcp,pop_3,SF,28,93,0,0,0,0,0,1,0,0,0,0,0,0,0,0,0,0,1,1,0.0,0.0,0.0,0.0,1.0,0.0,0.0,255,140,0.55,0.02,0.0,0.0,0.0,0.0,0.17,0.02,guess_passwd,1,0,NORMAL,0,0
0,udp,private,SF,1,0,0,0,0,0,0,0,0,0,0,0,0,0,0,0,0,0,139,59,0.0,0.0,0.0,0.0,0.42,0.29,0.0,255,64,0.25,0.55,1.0,0.0,0.0,0.0,0.0,0.0,normal,0,1,ATTACK,1,0
283,tcp,ftp,SF,160,597,0,0,0,2,0,1,0,0,0,0,0,0,0,0,0,1,1,1,0.0,0.0,0.0,0.0,1.0,0.0,0.0,255,103,0.4,0.03,0.0,0.0,0.02,0.0,0.01,0.0,warezmaster,1,0,NORMAL,0,0
4,tcp,pop_3,SF,32,93,0,0,0,0,0,1,0,0,0,0,0,0,0,0,0,0,1,1,0.0,0.0,0.0,0.0,1.0,0.0,0.0,107,92,0.85,0.03,0.01,0.02,0.0,0.0,0.09,0.0,guess_passwd,1,0,NORMAL,0,0
4,tcp,pop_3,SF,31,93,0,0,0,0,0,1,0,0,0,0,0,0,0,0,0,0,1,1,0.0,0.0,0.0,0.0,1.0,0.0,0.0,255,234,0.92,0.02,0.0,0.0,0.0,0.0,0.05,0.0,guess_passwd,1,0,NORMAL,0,0
10,tcp,telnet,SF,118,2425,0,0,0,0,0,1,0,0,0,0,0,0,0,0,0,0,1,1,0.0,0.0,0.0,0.0,1.0,0.0,0.0,255,4,0.02,0.02,0.0,0.0,0.0,0.0,0.01,0.5,guess_passwd,1,0,NORMAL,0,0
5,tcp,pop_3,SF,30,93,0,0,0,0,0,1,0,0,0,0,0,0,0,0,0,0,1,1,0.0,0.0,0.0,0.0,1.0,0.0,0.0,255,249,0.98,0.01,0.0,0.0,0.0,0.0,0.02,0.0,guess_passwd,1,0,NORMAL,0,0
8220,tcp,telnet,SF,0,15,0,0,0,0,0,0,0,0,0,0,0,0,0,0,0,0,1,1,0.0,0.0,0.0,0.0,1.0,0.0,0.0,255,35,0.14,0.04,0.0,0.0,0.0,0.03,0.08,0.29,processtable,1,0,NORMAL,0,0
1,tcp,smtp,SF,2599,293,0,0,0,0,0,1,0,0,0,0,0,0,0,0,0,0,2,2,0.0,0.0,0.0,0.0,1.0,0.0,0.0,255,239,0.94,0.07,0.0,0.0,0.0,0.0,0.05,0.0,mailbomb,1,0,NORMAL,0,0
7,tcp,pop_3,SF,32,93,0,0,0,0,0,1,0,0,0,0,0,0,0,0,0,0,1,1,0.0,0.0,0.0,0.0,1.0,0.0,0.0,255,229,0.9,0.02,0.0,0.0,0.0,0.0,0.05,0.0,guess_passwd,1,0,NORMAL,0,0
0,tcp,telnet,S3,0,44,0,0,0,0,0,0,0,0,0,0,0,0,0,0,0,0,1,1,1.0,1.0,0.0,0.0,1.0,0.0,0.0,255,144,0.56,0.03,0.0,0.0,0.27,0.49,0.11,0.09,processtable,1,0,NORMAL,0,0
0,udp,private,SF,47,0,0,0,0,0,0,0,0,0,0,0,0,0,0,0,0,0,6,6,0.0,0.0,0.0,0.0,1.0,0.0,0.0,255,255,1.0,0.0,0.01,0.0,0.0,0.0,0.0,0.0,snmpguess,1,0,NORMAL,0,0
0,udp,other,SF,40,40,0,0,0,0,0,0,0,0,0,0,0,0,0,0,0,0,1,1,0.0,0.0,0.0,0.0,1.0,0.0,0.0,70,1,0.01,0.24,0.01,0.0,0.0,0.0,0.07,0.0,saint,1,0,NORMAL,0,0
1,tcp,telnet,RSTO,15,94,0,0,0,0,0,0,0,0,0,0,0,0,0,0,0,0,4,22,0.0,0.18,0.75,0.73,0.5,0.75,0.91,36,127,0.5,0.08,0.03,0.02,0.0,0.0,0.83,0.37,mscan,1,0,NORMAL,0,0
4,tcp,pop_3,SF,31,93,0,0,0,0,0,1,0,0,0,0,0,0,0,0,0,0,1,1,0.0,0.0,0.0,0.0,1.0,0.0,0.0,255,204,0.8,0.02,0.0,0.0,0.0,0.0,0.07,0.0,guess_passwd,1,0,NORMAL,0,0
281,tcp,ftp,SF,161,599,0,0,0,2,0,1,0,0,0,0,0,0,0,0,0,1,1,1,0.0,0.0,0.0,0.0,1.0,0.0,0.0,45,20,0.44,0.09,0.02,0.0,0.0,0.0,0.0,0.0,warezmaster,1,0,NORMAL,0,0
7288,tcp,telnet,SF,0,44,0,0,0,0,0,0,0,0,0,0,0,0,0,0,0,0,1,1,0.0,0.0,0.0,0.0,1.0,0.0,0.0,255,243,0.95,0.02,0.0,0.0,0.33,0.35,0.06,0.03,processtable,1,0,NORMAL,0,0
0,tcp,telnet,SF,120,174,0,0,0,0,1,0,0,0,0,0,0,0,0,0,0,0,1,1,0.0,0.0,0.0,0.0,1.0,0.0,0.0,255,252,0.99,0.01,0.0,0.0,0.0,0.0,0.02,0.02,guess_passwd,1,0,NORMAL,0,0
0,udp,private,SF,45,0,0,0,0,0,0,0,0,0,0,0,0,0,0,0,0,0,5,5,0.0,0.0,0.0,0.0,1.0,0.0,0.0,255,254,1.0,0.01,0.0,0.0,0.0,0.0,0.0,0.0,snmpguess,1,0,NORMAL,0,0
1,tcp,smtp,SF,2599,293,0,0,0,0,0,1,0,0,0,0,0,0,0,0,0,0,2,2,0.0,0.0,0.0,0.0,1.0,0.0,0.0,255,178,0.7,0.13,0.0,0.0,0.0,0.0,0.29,0.0,mailbomb,1,0,NORMAL,0,0
0,tcp,http,S0,0,0,0,0,0,0,0,0,0,0,0,0,0,0,0,0,0,0,62,62,1.0,1.0,0.0,0.0,1.0,0.0,0.0,255,255,1.0,0.0,0.0,0.0,0.32,0.32,0.67,0.67,apache2,1,0,NORMAL,0,0
0,tcp,telnet,SF,120,174,0,0,0,0,1,0,0,0,0,0,0,0,0,0,0,0,1,1,0.0,0.0,0.0,0.0,1.0,0.0,0.0,255,255,1.0,0.0,0.0,0.0,0.01,0.01,0.02,0.02,guess_passwd,1,0,NORMAL,0,0
0,udp,private,SF,42,0,0,0,0,0,0,0,0,0,0,0,0,0,0,0,0,0,3,3,0.0,0.0,0.0,0.0,1.0,0.0,0.0,255,255,1.0,0.0,0.0,0.0,0.0,0.0,0.0,0.0,snmpguess,1,0,NORMAL,0,0
0,tcp,telnet,SF,127,174,0,0,0,0,1,0,0,0,0,0,0,0,0,0,0,0,1,1,0.0,0.0,0.0,0.0,1.0,0.0,0.0,255,254,1.0,0.01,0.0,0.0,0.02,0.02,0.02,0.02,guess_passwd,1,0,NORMAL,0,0
283,tcp,ftp,SF,160,595,0,0,0,2,0,1,0,0,0,0,0,0,0,0,0,1,1,1,0.0,0.0,0.0,0.0,1.0,0.0,0.0,24,21,0.88,0.08,0.04,0.0,0.0,0.0,0.0,0.0,warezmaster,1,0,NORMAL,0,0
218,tcp,X11,SF,181832,24172,0,0,0,0,0,0,0,0,0,0,0,0,0,0,0,0,1,1,0.0,0.0,0.0,0.0,1.0,0.0,0.0,170,2,0.01,0.04,0.01,0.0,0.0,0.0,0.0,0.0,xlock,1,0,NORMAL,0,0
282,tcp,ftp,SF,162,597,0,0,0,2,0,1,0,0,0,0,0,0,0,0,0,1,1,1,0.0,0.0,0.0,0.0,1.0,0.0,0.0,17,14,0.82,0.12,0.06,0.0,0.0,0.0,0.0,0.0,warezmaster,1,0,NORMAL,0,0
0,tcp,telnet,S3,0,44,0,0,0,0,0,0,0,0,0,0,0,0,0,0,0,0,1,1,1.0,1.0,0.0,0.0,1.0,0.0,0.0,255,94,0.37,0.03,0.0,0.0,0.06,0.16,0.11,0.14,processtable,1,0,NORMAL,0,0
4,tcp,pop_3,SF,30,93,0,0,0,0,0,1,0,0,0,0,0,0,0,0,0,0,1,1,0.0,0.0,0.0,0.0,1.0,0.0,0.0,255,244,0.96,0.04,0.0,0.0,0.0,0.0,0.0,0.0,guess_passwd,1,0,NORMAL,0,0
4,tcp,pop_3,SF,32,93,0,0,0,0,0,1,0,0,0,0,0,0,0,0,0,0,1,1,0.0,0.0,0.0,0.0,1.0,0.0,0.0,230,211,0.92,0.01,0.0,0.0,0.0,0.0,0.04,0.0,guess_passwd,1,0,NORMAL,0,0
0,tcp,telnet,SF,128,174,0,0,0,0,1,0,0,0,0,0,0,0,0,0,0,0,1,1,0.0,0.0,0.0,0.0,1.0,0.0,0.0,255,170,0.67,0.02,0.0,0.0,0.0,0.0,0.02,0.03,guess_passwd,1,0,NORMAL,0,0
0,tcp,ftp_data,SF,12,0,0,0,0,0,0,0,0,0,0,0,0,0,0,0,0,0,2,2,0.0,0.0,0.0,0.0,1.0,0.0,0.0,6,16,1.0,0.0,1.0,0.19,0.0,0.0,0.0,0.0,warezmaster,1,0,NORMAL,0,0
7414,tcp,telnet,SF,0,44,0,0,0,0,0,0,0,0,0,0,0,0,0,0,0,0,1,1,0.0,0.0,0.0,0.0,1.0,0.0,0.0,255,211,0.83,0.02,0.0,0.0,0.28,0.33,0.01,0.01,processtable,1,0,NORMAL,0,0
0,udp,private,SF,1,1,0,0,0,0,0,0,0,0,0,0,0,0,0,0,0,0,72,5,0.0,0.0,0.0,0.0,0.07,0.88,0.0,255,5,0.02,0.7,0.99,0.0,0.0,0.0,0.01,0.0,normal,0,1,ATTACK,1,0
0,udp,private,SF,28,0,0,3,0,0,0,0,0,0,0,0,0,0,0,0,0,0,10,10,0.0,0.0,0.0,0.0,1.0,0.0,0.0,30,10,0.33,0.1,0.33,0.0,0.0,0.0,0.0,0.0,normal,0,1,ATTACK,1,0
0,tcp,sunrpc,REJ,0,0,0,0,0,0,0,0,0,0,0,0,0,0,0,0,0,0,1,5,0.0,0.0,1.0,1.0,1.0,0.0,1.0,212,50,0.19,0.02,0.0,0.04,0.0,0.0,0.89,1.0,mscan,1,0,NORMAL,0,0
0,tcp,telnet,SF,118,174,0,0,0,0,1,0,0,0,0,0,0,0,0,0,0,0,1,1,0.0,0.0,0.0,0.0,1.0,0.0,0.0,255,96,0.38,0.02,0.0,0.0,0.0,0.0,0.01,0.03,guess_passwd,1,0,NORMAL,0,0
0,tcp,other,REJ,0,0,0,0,0,0,0,0,0,0,0,0,0,0,0,0,0,0,1,1,0.0,0.0,1.0,1.0,1.0,0.0,0.0,255,11,0.04,0.02,0.0,0.0,0.0,0.0,0.04,1.0,httptunnel,1,0,NORMAL,0,0
0,tcp,telnet,SF,123,174,0,0,0,0,1,0,0,0,0,0,0,0,0,0,0,0,1,1,0.0,0.0,0.0,0.0,1.0,0.0,0.0,255,123,0.48,0.02,0.0,0.0,0.0,0.0,0.01,0.02,guess_passwd,1,0,NORMAL,0,0
0,udp,other,SF,146,146,0,0,0,0,0,0,0,0,0,0,0,0,0,0,0,0,1,1,0.0,0.0,0.0,0.0,1.0,0.0,0.0,47,21,0.45,0.09,1.0,0.0,0.0,0.0,0.0,0.0,snmpgetattack,1,0,NORMAL,0,0
0,tcp,http,S0,0,0,0,0,0,0,0,0,0,0,0,0,0,0,0,0,0,0,37,37,0.11,0.11,0.89,0.89,1.0,0.0,0.0,255,255,1.0,0.0,0.0,0.0,0.02,0.02,0.61,0.61,apache2,1,0,NORMAL,0,0
8048,tcp,telnet,SF,0,15,0,0,0,0,0,0,0,0,0,0,0,0,0,0,0,0,1,1,0.0,0.0,0.0,0.0,1.0,0.0,0.0,255,93,0.36,0.02,0.0,0.0,0.63,0.46,0.01,0.01,processtable,1,0,NORMAL,0,0
2,tcp,telnet,SF,24,109,0,0,0,0,0,0,0,0,0,0,0,0,0,0,0,0,1,3,0.0,0.0,0.0,0.33,1.0,0.0,0.67,230,84,0.33,0.02,0.0,0.02,0.0,0.0,0.88,0.68,mscan,1,0,NORMAL,0,0
0,tcp,http,S0,0,0,0,0,0,0,0,0,0,0,0,0,0,0,0,0,0,0,49,49,0.88,0.88,0.1,0.1,1.0,0.0,0.0,255,255,1.0,0.0,0.0,0.0,0.22,0.22,0.7,0.7,apache2,1,0,NORMAL,0,0
0,tcp,other,REJ,0,0,0,0,0,0,0,0,0,0,0,0,0,0,0,0,0,0,1,1,0.0,0.0,1.0,1.0,1.0,0.0,0.0,48,5,0.1,0.1,0.02,0.0,0.0,0.0,0.06,0.6,httptunnel,1,0,NORMAL,0,0
0,tcp,telnet,SF,120,174,0,0,0,0,1,0,0,0,0,0,0,0,0,0,0,0,2,2,0.0,0.0,0.0,0.0,1.0,0.0,0.0,255,254,1.0,0.01,0.0,0.0,0.01,0.01,0.02,0.02,guess_passwd,1,0,NORMAL,0,0
0,udp,private,SF,46,0,0,0,0,0,0,0,0,0,0,0,0,0,0,0,0,0,5,5,0.0,0.0,0.0,0.0,1.0,0.0,0.0,255,254,1.0,0.01,0.01,0.0,0.0,0.0,0.0,0.0,snmpguess,1,0,NORMAL,0,0
0,tcp,telnet,S3,0,44,0,0,0,0,0,0,0,0,0,0,0,0,0,0,0,0,1,1,1.0,1.0,0.0,0.0,1.0,0.0,0.0,255,72,0.28,0.64,0.0,0.0,0.18,0.65,0.62,0.0,processtable,1,0,NORMAL,0,0
0,tcp,telnet,SF,127,174,0,0,0,0,1,0,0,0,0,0,0,0,0,0,0,0,1,1,0.0,0.0,0.0,0.0,1.0,0.0,0.0,255,8,0.03,0.02,0.0,0.0,0.0,0.0,0.0,0.12,guess_passwd,1,0,NORMAL,0,0
0,tcp,sunrpc,REJ,0,0,0,0,0,0,0,0,0,0,0,0,0,0,0,0,0,0,1,3,0.0,0.0,1.0,1.0,1.0,0.0,1.0,22,50,0.14,0.23,0.05,0.04,0.0,0.0,0.82,1.0,mscan,1,0,NORMAL,0,0
2058,tcp,http,RSTR,101764,0,0,0,0,0,0,1,0,0,0,0,0,0,0,0,0,0,2,2,0.0,0.0,0.5,0.5,1.0,0.0,0.0,255,227,0.89,0.02,0.0,0.0,0.0,0.0,0.0,0.0,apache2,1,0,NORMAL,0,0
7238,tcp,telnet,SF,0,44,0,0,0,0,0,0,0,0,0,0,0,0,0,0,0,0,1,1,0.0,0.0,0.0,0.0,1.0,0.0,0.0,255,229,0.9,0.1,0.0,0.0,0.5,0.55,0.1,0.01,processtable,1,0,NORMAL,0,0
282,tcp,ftp,SF,159,597,0,0,0,2,0,1,0,0,0,0,0,0,0,0,0,1,1,1,0.0,0.0,0.0,0.0,1.0,0.0,0.0,30,21,0.7,0.1,0.03,0.0,0.0,0.0,0.0,0.0,warezmaster,1,0,NORMAL,0,0
0,tcp,telnet,S3,0,44,0,0,0,0,0,0,0,0,0,0,0,0,0,0,0,0,1,1,1.0,1.0,0.0,0.0,1.0,0.0,0.0,255,144,0.56,0.02,0.0,0.0,0.53,0.49,0.01,0.01,processtable,1,0,NORMAL,0,0
0,udp,private,SF,45,0,0,0,0,0,0,0,0,0,0,0,0,0,0,0,0,0,2,2,0.0,0.0,0.0,0.0,1.0,0.0,0.0,255,254,1.0,0.01,0.02,0.0,0.0,0.0,0.0,0.0,snmpguess,1,0,NORMAL,0,0
0,udp,private,SF,105,146,0,0,0,0,0,0,0,0,0,0,0,0,0,0,0,0,1,1,0.0,0.0,0.0,0.0,1.0,0.0,0.0,249,248,1.0,0.01,0.0,0.0,0.0,0.0,0.0,0.0,snmpgetattack,1,0,NORMAL,0,0
4,tcp,pop_3,SF,28,93,0,0,0,0,0,1,0,0,0,0,0,0,0,0,0,0,1,1,0.0,0.0,0.0,0.0,1.0,0.0,0.0,255,146,0.57,0.02,0.0,0.0,0.0,0.0,0.15,0.0,guess_passwd,1,0,NORMAL,0,0
2,tcp,telnet,SF,24,306,0,0,0,0,0,0,0,0,0,0,0,0,0,0,0,0,2,6,0.0,0.0,0.5,0.67,1.0,0.0,0.5,143,90,0.32,0.03,0.01,0.02,0.02,0.01,0.9,0.63,mscan,1,0,NORMAL,0,0
0,tcp,telnet,SF,125,174,0,0,0,0,1,0,0,0,0,0,0,0,0,0,0,0,1,1,0.0,0.0,0.0,0.0,1.0,0.0,0.0,255,43,0.17,0.02,0.0,0.0,0.0,0.0,0.01,0.05,guess_passwd,1,0,NORMAL,0,0
0,tcp,ftp_data,SF,12,0,0,0,0,0,0,0,0,0,0,0,0,0,0,0,0,0,2,2,0.0,0.0,0.0,0.0,1.0,0.0,0.0,109,10,0.02,0.02,0.02,0.2,0.0,0.0,0.0,0.0,warezmaster,1,0,NORMAL,0,0
0,udp,private,SF,41,0,0,0,0,0,0,0,0,0,0,0,0,0,0,0,0,0,4,4,0.0,0.0,0.0,0.0,1.0,0.0,0.0,255,253,0.99,0.01,0.01,0.0,0.0,0.0,0.0,0.0,snmpguess,1,0,NORMAL,0,0
0,udp,private,SF,50,0,0,0,0,0,0,0,0,0,0,0,0,0,0,0,0,0,3,3,0.0,0.0,0.0,0.0,1.0,0.0,0.0,255,254,1.0,0.01,0.0,0.0,0.0,0.0,0.0,0.0,snmpguess,1,0,NORMAL,0,0
0,tcp,http,S0,0,0,0,0,0,0,0,0,0,0,0,0,0,0,0,0,0,0,51,51,0.12,0.12,0.88,0.88,1.0,0.0,0.0,255,254,1.0,0.01,0.0,0.0,0.03,0.03,0.73,0.73,apache2,1,0,NORMAL,0,0
0,tcp,domain,REJ,0,0,0,0,0,0,0,0,0,0,0,0,0,0,0,0,0,0,1,1,0.0,0.0,1.0,1.0,1.0,0.0,0.0,1,1,1.0,0.0,1.0,0.0,0.0,0.0,1.0,1.0,named,1,0,NORMAL,0,0
26,tcp,telnet,SF,109,131,0,0,0,0,0,0,0,0,0,0,0,0,0,0,0,0,1,1,0.0,0.0,0.0,0.0,1.0,0.0,0.0,21,5,0.24,0.14,0.05,0.0,0.0,0.0,0.05,0.2,guess_passwd,1,0,NORMAL,0,0
0,icmp,ecr_i,SF,40008,0,0,0,0,0,0,0,0,0,0,0,0,0,0,0,0,0,3,3,0.0,0.0,0.0,0.0,1.0,0.0,0.0,48,48,1.0,0.0,1.0,0.0,0.0,0.0,0.0,0.0,normal,0,1,ATTACK,1,0
6,tcp,pop_3,SF,28,93,0,0,0,0,0,1,0,0,0,0,0,0,0,0,0,0,1,1,0.0,0.0,0.0,0.0,1.0,0.0,0.0,255,231,0.91,0.02,0.0,0.0,0.0,0.0,0.04,0.0,guess_passwd,1,0,NORMAL,0,0
0,tcp,http,REJ,0,0,0,0,0,0,0,0,0,0,0,0,0,0,0,0,0,0,1,1,0.0,0.0,1.0,1.0,1.0,0.0,0.0,255,15,0.06,0.93,0.01,0.0,0.13,0.0,0.85,1.0,normal,0,1,ATTACK,1,0
1,tcp,smtp,SF,2599,293,0,0,0,0,0,1,0,0,0,0,0,0,0,0,0,0,3,3,0.0,0.0,0.0,0.0,1.0,0.0,0.0,255,115,0.45,0.15,0.0,0.0,0.0,0.0,0.53,0.0,mailbomb,1,0,NORMAL,0,0
1,tcp,telnet,RSTO,124,178,0,0,0,0,1,0,0,0,0,0,0,0,0,0,0,0,1,1,0.0,0.0,1.0,1.0,1.0,0.0,0.0,255,3,0.01,0.02,0.0,0.0,0.0,0.0,0.01,0.67,guess_passwd,1,0,NORMAL,0,0
0,udp,private,SF,46,0,0,0,0,0,0,0,0,0,0,0,0,0,0,0,0,0,2,2,0.0,0.0,0.0,0.0,1.0,0.0,0.0,255,254,1.0,0.01,0.01,0.0,0.0,0.0,0.0,0.0,snmpguess,1,0,NORMAL,0,0
4,tcp,pop_3,SF,30,93,0,0,0,0,0,1,0,0,0,0,0,0,0,0,0,0,1,1,0.0,0.0,0.0,0.0,1.0,0.0,0.0,255,219,0.86,0.04,0.0,0.0,0.0,0.0,0.0,0.0,guess_passwd,1,0,NORMAL,0,0
0,tcp,ftp,SF,26,157,0,0,0,0,1,0,0,0,0,0,0,0,0,0,0,1,1,1,0.0,0.0,0.0,0.0,1.0,0.0,0.0,92,49,0.53,0.04,0.01,0.0,0.0,0.0,0.0,0.0,guess_passwd,1,0,NORMAL,0,0
281,tcp,ftp,SF,158,597,0,0,0,2,0,1,0,0,0,0,0,0,0,0,0,1,1,1,0.0,0.0,0.0,0.0,1.0,0.0,0.0,36,23,0.64,0.08,0.03,0.0,0.0,0.0,0.0,0.0,warezmaster,1,0,NORMAL,0,0
0,tcp,X11,S1,1256,11240,0,0,0,0,0,0,0,0,0,0,0,0,0,0,0,0,1,1,1.0,1.0,0.0,0.0,1.0,0.0,0.0,255,1,0.0,0.02,0.0,0.0,0.0,1.0,0.0,0.0,xsnoop,1,0,NORMAL,0,0
148,tcp,ftp,SF,133,579,0,0,0,2,0,1,0,0,0,0,0,0,0,0,1,0,1,1,0.0,0.0,0.0,0.0,1.0,0.0,0.0,2,1,0.5,1.0,0.5,0.0,0.0,0.0,0.0,0.0,named,1,0,NORMAL,0,0
7674,tcp,telnet,SF,0,44,0,0,0,0,0,0,0,0,0,0,0,0,0,0,0,0,1,1,0.0,0.0,0.0,0.0,1.0,0.0,0.0,255,163,0.64,0.02,0.0,0.0,0.52,0.5,0.01,0.01,processtable,1,0,NORMAL,0,0
0,tcp,other,RSTR,0,0,0,0,0,0,0,0,0,0,0,0,0,0,0,0,0,0,1,1,0.0,0.0,1.0,1.0,1.0,0.0,0.0,255,1,0.0,0.8,0.78,0.0,0.0,0.0,0.78,1.0,normal,0,1,ATTACK,1,0
7638,tcp,telnet,SF,0,44,0,0,0,0,0,0,0,0,0,0,0,0,0,0,0,0,1,1,0.0,0.0,0.0,0.0,1.0,0.0,0.0,255,166,0.65,0.03,0.0,0.0,0.33,0.51,0.11,0.08,processtable,1,0,NORMAL,0,0
281,tcp,ftp,SF,158,593,0,0,0,2,0,1,0,0,0,0,0,0,0,0,0,1,1,1,0.0,0.0,0.0,0.0,1.0,0.0,0.0,255,97,0.38,0.03,0.0,0.0,0.0,0.0,0.0,0.0,warezmaster,1,0,NORMAL,0,0
0,tcp,other,REJ,0,0,0,0,0,0,0,0,0,0,0,0,0,0,0,0,0,0,1,1,0.0,0.0,1.0,1.0,1.0,0.0,0.0,255,5,0.02,0.02,0.0,0.0,0.0,0.0,0.02,1.0,httptunnel,1,0,NORMAL,0,0
0,tcp,telnet,SF,124,174,0,0,0,0,1,0,0,0,0,0,0,0,0,0,0,0,2,2,0.0,0.0,0.0,0.0,1.0,0.0,0.0,255,34,0.13,0.02,0.0,0.0,0.0,0.0,0.0,0.03,guess_passwd,1,0,NORMAL,0,0
0,udp,private,SF,105,105,0,0,0,0,0,0,0,0,0,0,0,0,0,0,0,0,2,1,0.0,0.0,0.0,0.0,0.5,1.0,0.0,255,253,0.99,0.01,0.0,0.0,0.0,0.0,0.0,0.0,snmpgetattack,1,0,NORMAL,0,0
0,icmp,tim_i,SF,564,0,0,0,0,0,0,0,0,0,0,0,0,0,0,0,0,0,3,2,0.0,0.0,0.0,0.0,0.67,0.67,0.0,225,2,0.01,0.03,0.01,0.0,0.0,0.0,0.0,0.0,pod,1,0,NORMAL,0,0
0,udp,private,SF,105,147,0,0,0,0,0,0,0,0,0,0,0,0,0,0,0,0,1,1,0.0,0.0,0.0,0.0,1.0,0.0,0.0,123,122,0.99,0.02,0.01,0.0,0.0,0.0,0.0,0.0,snmpgetattack,1,0,NORMAL,0,0
5,tcp,pop_3,SF,28,93,0,0,0,0,0,1,0,0,0,0,0,0,0,0,0,0,1,1,0.0,0.0,0.0,0.0,1.0,0.0,0.0,4,7,1.0,0.0,0.25,0.43,0.0,0.0,0.0,0.0,guess_passwd,1,0,NORMAL,0,0
0,tcp,ftp_data,SF,12,0,0,0,0,0,0,0,0,0,0,0,0,0,0,0,0,0,1,1,0.0,0.0,0.0,0.0,1.0,0.0,0.0,13,79,0.46,0.23,0.46,0.03,0.0,0.0,0.08,0.0,warezmaster,1,0,NORMAL,0,0
0,tcp,telnet,SF,122,174,0,0,0,0,1,0,0,0,0,0,0,0,0,0,0,0,2,2,0.0,0.0,0.0,0.0,1.0,0.0,0.0,255,42,0.16,0.02,0.0,0.0,0.0,0.0,0.01,0.05,guess_passwd,1,0,NORMAL,0,0
0,udp,private,SF,1,0,0,0,0,0,0,0,0,0,0,0,0,0,0,0,0,0,72,34,0.0,0.0,0.0,0.0,0.47,0.12,0.0,255,34,0.13,0.49,0.91,0.0,0.0,0.0,0.09,0.0,normal,0,1,ATTACK,1,0
0,udp,private,SF,44,0,0,0,0,0,0,0,0,0,0,0,0,0,0,0,0,0,4,3,0.0,0.0,0.0,0.0,0.75,0.5,0.0,255,254,1.0,0.01,0.01,0.0,0.0,0.0,0.0,0.0,snmpguess,1,0,NORMAL,0,0
7514,tcp,telnet,SF,0,44,0,0,0,0,0,0,0,0,0,0,0,0,0,0,0,0,1,1,0.0,0.0,0.0,0.0,1.0,0.0,0.0,255,189,0.74,0.02,0.0,0.0,0.38,0.38,0.01,0.01,processtable,1,0,NORMAL,0,0
0,tcp,telnet,SF,126,174,0,0,0,0,1,0,0,0,0,0,0,0,0,0,0,0,1,1,0.0,0.0,0.0,0.0,1.0,0.0,0.0,255,251,0.98,0.01,0.0,0.0,0.0,0.0,0.02,0.02,guess_passwd,1,0,NORMAL,0,0
0,tcp,ftp,SF,26,157,0,0,0,0,1,0,0,0,0,0,0,0,0,0,0,1,1,1,0.0,0.0,0.0,0.0,1.0,0.0,0.0,162,77,0.48,0.02,0.01,0.0,0.0,0.0,0.0,0.0,guess_passwd,1,0,NORMAL,0,0
0,udp,private,SF,105,147,0,0,0,0,0,0,0,0,0,0,0,0,0,0,0,0,1,1,0.0,0.0,0.0,0.0,1.0,0.0,0.0,253,250,0.99,0.01,0.01,0.0,0.0,0.0,0.0,0.0,snmpgetattack,1,0,NORMAL,0,0
0,tcp,ftp_data,SF,12,0,0,0,0,0,0,0,0,0,0,0,0,0,0,0,0,0,1,1,0.0,0.0,0.0,0.0,1.0,0.0,0.0,5,19,1.0,0.0,1.0,0.16,0.0,0.05,0.0,0.0,warezmaster,1,0,NORMAL,0,0
4,tcp,pop_3,SF,28,93,0,0,0,0,0,1,0,0,0,0,0,0,0,0,0,0,1,1,0.0,0.0,0.0,0.0,1.0,0.0,0.0,255,165,0.65,0.02,0.0,0.0,0.0,0.0,0.13,0.0,guess_passwd,1,0,NORMAL,0,0
4,tcp,pop_3,SF,30,93,0,0,0,0,0,1,0,0,0,0,0,0,0,0,0,0,1,1,0.0,0.0,0.0,0.0,1.0,0.0,0.0,255,211,0.83,0.02,0.0,0.0,0.0,0.0,0.04,0.0,guess_passwd,1,0,NORMAL,0,0
1,tcp,smtp,SF,2599,293,0,0,0,0,0,1,0,0,0,0,0,0,0,0,0,0,4,4,0.0,0.0,0.0,0.0,1.0,0.0,0.0,255,246,0.96,0.04,0.0,0.0,0.0,0.0,0.03,0.0,mailbomb,1,0,NORMAL,0,0
282,tcp,ftp,SF,160,595,0,0,0,2,0,1,0,0,0,0,0,0,0,0,0,1,1,1,0.0,0.0,0.0,0.0,1.0,0.0,0.0,250,92,0.37,0.03,0.0,0.0,0.0,0.0,0.0,0.0,warezmaster,1,0,NORMAL,0,0
1,tcp,telnet,RSTO,123,178,0,0,0,0,1,0,0,0,0,0,0,0,0,0,0,0,1,1,0.0,0.0,1.0,1.0,1.0,0.0,0.0,255,6,0.02,0.01,0.0,0.0,0.0,0.0,0.02,0.67,guess_passwd,1,0,NORMAL,0,0
0,udp,private,SF,45,0,0,0,0,0,0,0,0,0,0,0,0,0,0,0,0,0,4,4,0.0,0.0,0.0,0.0,1.0,0.0,0.0,255,254,1.0,0.01,0.0,0.0,0.0,0.0,0.0,0.0,snmpguess,1,0,NORMAL,0,0
4,tcp,pop_3,SF,28,93,0,0,0,0,0,1,0,0,0,0,0,0,0,0,0,0,1,1,0.0,0.0,0.0,0.0,1.0,0.0,0.0,223,204,0.91,0.01,0.0,0.0,0.0,0.0,0.04,0.0,guess_passwd,1,0,NORMAL,0,0
8208,tcp,telnet,SF,0,15,0,0,0,0,0,0,0,0,0,0,0,0,0,0,0,0,1,1,0.0,0.0,0.0,0.0,1.0,0.0,0.0,255,38,0.15,0.04,0.0,0.0,0.0,0.03,0.08,0.26,processtable,1,0,NORMAL,0,0
0,tcp,ftp_data,SF,12,0,0,0,0,0,0,0,0,0,0,0,0,0,0,0,0,0,1,1,0.0,0.0,0.0,0.0,1.0,0.0,0.0,167,31,0.19,0.04,0.19,0.0,0.0,0.0,0.0,0.0,warezmaster,1,0,NORMAL,0,0
1,tcp,smtp,SF,2599,293,0,0,0,0,0,1,0,0,0,0,0,0,0,0,0,0,2,2,0.0,0.0,0.0,0.0,1.0,0.0,0.0,255,85,0.33,0.14,0.0,0.0,0.0,0.0,0.65,0.0,mailbomb,1,0,NORMAL,0,0
0,udp,private,SF,47,0,0,0,0,0,0,0,0,0,0,0,0,0,0,0,0,0,2,2,0.0,0.0,0.0,0.0,1.0,0.0,0.0,255,255,1.0,0.0,0.01,0.0,0.0,0.0,0.0,0.0,snmpguess,1,0,NORMAL,0,0
0,tcp,other,SF,249,0,0,0,0,0,0,0,0,0,0,0,0,0,0,0,0,0,2,2,0.0,0.0,0.5,0.5,1.0,0.0,0.0,255,17,0.07,0.02,0.0,0.0,0.0,0.0,0.07,0.94,httptunnel,1,0,NORMAL,0,0
7272,tcp,telnet,SF,0,44,0,0,0,0,0,0,0,0,0,0,0,0,0,0,0,0,1,1,0.0,0.0,0.0,0.0,1.0,0.0,0.0,255,245,0.96,0.02,0.0,0.0,0.33,0.35,0.05,0.02,processtable,1,0,NORMAL,0,0
0,tcp,ftp_data,SF,12,0,0,0,0,0,0,0,0,0,0,0,0,0,0,0,0,0,1,1,0.0,0.0,0.0,0.0,1.0,0.0,0.0,10,9,0.9,0.2,0.9,0.0,0.0,0.0,0.0,0.0,warezmaster,1,0,NORMAL,0,0
5,tcp,pop_3,SF,28,93,0,0,0,0,0,1,0,0,0,0,0,0,0,0,0,0,1,1,0.0,0.0,0.0,0.0,1.0,0.0,0.0,255,246,0.96,0.01,0.0,0.0,0.0,0.0,0.0,0.0,guess_passwd,1,0,NORMAL,0,0
0,tcp,ftp_data,SF,12,0,0,0,0,0,0,1,0,0,0,1,0,0,0,0,0,0,1,1,0.0,0.0,0.0,0.0,1.0,0.0,0.0,3,3,1.0,0.0,1.0,0.0,0.0,0.0,0.0,0.0,warezmaster,1,0,NORMAL,0,0
0,tcp,other,REJ,0,0,0,0,0,0,0,0,0,0,0,0,0,0,0,0,0,0,1,1,0.0,0.0,1.0,1.0,1.0,0.0,0.0,255,18,0.07,0.02,0.0,0.0,0.0,0.0,0.07,1.0,httptunnel,1,0,NORMAL,0,0
4,tcp,pop_3,SF,28,93,0,0,0,0,0,1,0,0,0,0,0,0,0,0,0,0,1,1,0.0,0.0,0.0,0.0,1.0,0.0,0.0,255,249,0.98,0.01,0.0,0.0,0.0,0.0,0.01,0.0,guess_passwd,1,0,NORMAL,0,0
1194,udp,other,SF,146,105,0,0,0,0,0,0,0,0,0,0,0,0,0,0,0,0,1,1,0.0,0.0,0.0,0.0,1.0,0.0,0.0,5,1,0.2,0.6,1.0,0.0,0.0,0.0,0.0,0.0,snmpgetattack,1,0,NORMAL,0,0
0,udp,private,SF,44,0,0,0,0,0,0,0,0,0,0,0,0,0,0,0,0,0,3,3,0.0,0.0,0.0,0.0,1.0,0.0,0.0,255,254,1.0,0.01,0.02,0.0,0.0,0.0,0.0,0.0,snmpguess,1,0,NORMAL,0,0
0,tcp,telnet,S3,0,44,0,0,0,0,0,0,0,0,0,0,0,0,0,0,0,0,1,1,1.0,1.0,0.0,0.0,1.0,0.0,0.0,255,148,0.58,0.02,0.0,0.0,0.53,0.5,0.01,0.01,processtable,1,0,NORMAL,0,0
7422,tcp,telnet,SF,0,44,0,0,0,0,0,0,0,0,0,0,0,0,0,0,0,0,2,1,0.0,0.0,0.5,0.0,0.5,1.0,0.0,255,201,0.79,0.21,0.0,0.0,0.5,0.63,0.2,0.01,processtable,1,0,NORMAL,0,0
0,tcp,telnet,REJ,0,0,0,0,0,0,0,0,0,0,0,0,0,0,0,0,0,0,1,3,0.0,0.0,1.0,1.0,1.0,0.0,1.0,255,34,0.13,0.03,0.0,0.0,0.0,0.0,0.34,0.76,mscan,1,0,NORMAL,0,0
280,tcp,ftp_data,SF,283618,0,0,0,0,0,0,0,0,0,0,0,0,0,0,0,0,0,2,2,0.0,0.0,0.0,0.0,1.0,0.0,0.0,5,4,0.8,0.4,0.8,0.0,0.0,0.0,0.0,0.0,warezmaster,1,0,NORMAL,0,0
0,tcp,ftp_data,SF,12,0,0,0,0,0,0,0,0,0,0,0,0,0,0,0,0,0,1,1,0.0,0.0,0.0,0.0,1.0,0.0,0.0,5,21,1.0,0.0,1.0,0.19,0.0,0.0,0.0,0.0,warezmaster,1,0,NORMAL,0,0
1,tcp,smtp,SF,2599,293,0,0,0,0,0,1,0,0,0,0,0,0,0,0,0,0,3,3,0.0,0.0,0.0,0.0,1.0,0.0,0.0,255,244,0.96,0.05,0.0,0.0,0.0,0.0,0.04,0.0,mailbomb,1,0,NORMAL,0,0
7212,tcp,telnet,SF,0,44,0,0,0,0,0,0,0,0,0,0,0,0,0,0,0,0,1,1,0.0,0.0,0.0,0.0,1.0,0.0,0.0,255,228,0.89,0.11,0.0,0.0,0.48,0.54,0.11,0.01,processtable,1,0,NORMAL,0,0
281,tcp,ftp,SF,156,595,0,0,0,2,0,1,0,0,0,0,0,0,0,0,0,1,1,1,0.0,0.0,0.0,0.0,1.0,0.0,0.0,73,29,0.4,0.23,0.01,0.0,0.0,0.0,0.07,0.0,warezmaster,1,0,NORMAL,0,0
1,tcp,smtp,SF,2599,293,0,0,0,0,0,1,0,0,0,0,0,0,0,0,0,0,2,2,0.0,0.0,0.0,0.0,1.0,0.0,0.0,255,70,0.27,0.14,0.0,0.0,0.0,0.0,0.71,0.0,mailbomb,1,0,NORMAL,0,0
4,tcp,pop_3,SF,30,93,0,0,0,0,0,1,0,0,0,0,0,0,0,0,0,0,1,1,0.0,0.0,0.0,0.0,1.0,0.0,0.0,255,243,0.95,0.04,0.0,0.0,0.0,0.0,0.0,0.0,guess_passwd,1,0,NORMAL,0,0
2,tcp,telnet,SF,398,3881,0,0,1,1,0,1,0,1,0,4,3,1,1,0,0,0,1,1,0.0,0.0,0.0,0.0,1.0,0.0,0.0,153,19,0.12,0.1,0.01,0.0,0.0,0.0,0.02,0.0,sqlattack,1,0,NORMAL,0,0
4772,udp,other,SF,146,105,0,0,0,0,0,0,0,0,0,0,0,0,0,0,0,0,1,1,0.0,0.0,0.0,0.0,1.0,0.0,0.0,54,3,0.06,0.11,0.98,0.0,0.0,0.0,0.0,0.0,snmpgetattack,1,0,NORMAL,0,0
1,tcp,smtp,SF,2599,293,0,0,0,0,0,1,0,0,0,0,0,0,0,0,0,0,3,3,0.0,0.0,0.0,0.0,1.0,0.0,0.0,255,220,0.86,0.13,0.0,0.0,0.0,0.0,0.13,0.0,mailbomb,1,0,NORMAL,0,0
0,udp,private,SF,44,0,0,0,0,0,0,0,0,0,0,0,0,0,0,0,0,0,2,2,0.0,0.0,0.0,0.0,1.0,0.0,0.0,255,254,1.0,0.01,0.02,0.0,0.0,0.0,0.0,0.0,snmpguess,1,0,NORMAL,0,0
0,udp,private,SF,105,146,0,0,0,0,0,0,0,0,0,0,0,0,0,0,0,0,1,1,0.0,0.0,0.0,0.0,1.0,0.0,0.0,255,255,1.0,0.0,0.0,0.0,0.0,0.0,0.0,0.0,snmpgetattack,1,0,NORMAL,0,0
0,tcp,http,S0,0,0,0,0,0,0,0,0,0,0,0,0,0,0,0,0,0,0,13,13,0.46,0.46,0.54,0.54,1.0,0.0,0.0,255,244,0.96,0.01,0.0,0.0,0.04,0.05,0.56,0.59,apache2,1,0,NORMAL,0,0
4,tcp,pop_3,SF,32,93,0,0,0,0,0,1,0,0,0,0,0,0,0,0,0,0,1,1,0.0,0.0,0.0,0.0,1.0,0.0,0.0,91,78,0.85,0.03,0.01,0.03,0.0,0.0,0.11,0.0,guess_passwd,1,0,NORMAL,0,0
1,tcp,smtp,SF,2599,293,0,0,0,0,0,1,0,0,0,0,0,0,0,0,0,0,3,3,0.0,0.0,0.0,0.0,1.0,0.0,0.0,255,199,0.78,0.13,0.0,0.0,0.0,0.0,0.21,0.0,mailbomb,1,0,NORMAL,0,0
282,tcp,ftp,SF,159,599,0,0,0,2,0,1,0,0,0,0,0,0,0,0,0,1,1,1,0.0,0.0,0.0,0.0,1.0,0.0,0.0,255,36,0.14,0.03,0.0,0.0,0.35,0.0,0.02,0.0,warezmaster,1,0,NORMAL,0,0
317,tcp,X11,SF,62825648,90476,0,0,0,0,0,0,0,0,0,0,0,0,0,0,0,0,1,1,0.0,0.0,0.0,0.0,1.0,0.0,0.0,152,1,0.01,0.05,0.01,0.0,0.0,0.0,0.0,0.0,xlock,1,0,NORMAL,0,0
4,tcp,pop_3,SF,26,93,0,0,0,0,0,1,0,0,0,0,0,0,0,0,0,0,1,1,0.0,0.0,0.0,0.0,1.0,0.0,0.0,255,245,0.96,0.01,0.0,0.0,0.0,0.0,0.02,0.0,guess_passwd,1,0,NORMAL,0,0
0,tcp,ftp,SF,26,157,0,0,0,0,1,0,0,0,0,0,0,0,0,0,0,1,1,1,0.0,0.0,0.0,0.0,1.0,0.0,0.0,211,102,0.48,0.03,0.0,0.0,0.0,0.0,0.0,0.0,guess_passwd,1,0,NORMAL,0,0
282,tcp,ftp,SF,162,599,0,0,0,2,0,1,0,0,0,0,0,0,0,0,0,1,1,1,0.0,0.0,0.0,0.0,1.0,0.0,0.0,255,13,0.05,0.82,0.0,0.0,0.0,0.0,0.81,0.0,warezmaster,1,0,NORMAL,0,0
8212,tcp,telnet,SF,0,15,0,0,0,0,0,0,0,0,0,0,0,0,0,0,0,0,1,1,0.0,0.0,0.0,0.0,1.0,0.0,0.0,255,37,0.15,0.04,0.0,0.0,0.0,0.03,0.08,0.27,processtable,1,0,NORMAL,0,0
281,tcp,ftp,SF,164,601,0,0,0,2,0,1,0,0,0,0,0,0,0,0,0,1,1,1,0.0,0.0,0.0,0.0,1.0,0.0,0.0,184,60,0.33,0.04,0.01,0.0,0.0,0.0,0.0,0.0,warezmaster,1,0,NORMAL,0,0
4,tcp,pop_3,SF,32,93,0,0,0,0,0,1,0,0,0,0,0,0,0,0,0,0,1,1,0.0,0.0,0.0,0.0,1.0,0.0,0.0,154,136,0.88,0.02,0.01,0.01,0.0,0.0,0.06,0.0,guess_passwd,1,0,NORMAL,0,0
8156,tcp,telnet,SF,0,15,0,0,0,0,0,0,0,0,0,0,0,0,0,0,0,0,1,1,0.0,0.0,0.0,0.0,1.0,0.0,0.0,255,53,0.21,0.04,0.0,0.0,0.0,0.02,0.11,0.25,processtable,1,0,NORMAL,0,0
0,tcp,ftp_data,SF,12,0,0,0,0,0,0,0,0,0,0,0,0,0,0,0,0,0,2,2,0.0,0.0,0.0,0.0,1.0,0.0,0.0,251,19,0.07,0.03,0.07,0.11,0.01,0.0,0.0,0.0,warezmaster,1,0,NORMAL,0,0
1,tcp,smtp,SF,2599,293,0,0,0,0,0,1,0,0,0,0,0,0,0,0,0,0,3,3,0.0,0.0,0.0,0.0,1.0,0.0,0.0,255,40,0.16,0.16,0.0,0.0,0.0,0.0,0.82,0.0,mailbomb,1,0,NORMAL,0,0
0,udp,private,SF,1,4,0,0,0,0,0,0,0,0,0,0,0,0,0,0,0,0,14,12,0.0,0.0,0.0,0.0,0.86,0.14,0.0,255,17,0.07,0.24,0.88,0.0,0.0,0.0,0.09,0.0,normal,0,1,ATTACK,1,0
0,tcp,ftp_data,SF,12,0,0,0,0,0,0,0,0,0,0,0,0,0,0,0,0,0,1,1,0.0,0.0,0.0,0.0,1.0,0.0,0.0,3,11,1.0,0.0,1.0,0.18,0.0,0.09,0.0,0.0,warezmaster,1,0,NORMAL,0,0
5,tcp,pop_3,SF,32,93,0,0,0,0,0,1,0,0,0,0,0,0,0,0,0,0,1,1,0.0,0.0,0.0,0.0,1.0,0.0,0.0,105,90,0.85,0.03,0.01,0.02,0.0,0.0,0.1,0.0,guess_passwd,1,0,NORMAL,0,0
0,tcp,telnet,S3,0,44,0,0,0,0,0,0,0,0,0,0,0,0,0,0,0,0,1,1,1.0,1.0,0.0,0.0,1.0,0.0,0.0,255,138,0.54,0.03,0.0,0.0,0.24,0.45,0.11,0.09,processtable,1,0,NORMAL,0,0
283,tcp,ftp,SF,158,595,0,0,0,2,0,1,0,0,0,0,0,0,0,0,0,1,1,1,0.0,0.0,0.0,0.0,1.0,0.0,0.0,255,78,0.31,0.03,0.0,0.0,0.02,0.0,0.02,0.0,warezmaster,1,0,NORMAL,0,0
0,tcp,telnet,SF,124,174,0,0,0,0,1,0,0,0,0,0,0,0,0,0,0,0,1,1,0.0,0.0,0.0,0.0,1.0,0.0,0.0,255,92,0.36,0.02,0.0,0.0,0.0,0.0,0.01,0.03,guess_passwd,1,0,NORMAL,0,0
4,tcp,pop_3,SF,28,93,0,0,0,0,0,1,0,0,0,0,0,0,0,0,0,0,1,1,0.0,0.0,0.0,0.0,1.0,0.0,0.0,255,132,0.52,0.02,0.0,0.0,0.0,0.0,0.18,0.02,guess_passwd,1,0,NORMAL,0,0
284,tcp,ftp,SF,163,599,0,0,0,2,0,1,0,0,0,0,0,0,0,0,0,1,1,1,0.0,0.0,0.0,0.0,1.0,0.0,0.0,255,16,0.06,0.94,0.0,0.0,0.0,0.0,0.93,0.0,warezmaster,1,0,NORMAL,0,0
1,tcp,smtp,SF,2599,293,0,0,0,0,0,1,0,0,0,0,0,0,0,0,0,0,2,2,0.0,0.0,0.0,0.0,1.0,0.0,0.0,255,49,0.19,0.16,0.0,0.0,0.0,0.0,0.79,0.0,mailbomb,1,0,NORMAL,0,0
281,tcp,ftp,SF,160,597,0,0,0,2,0,1,0,0,0,0,0,0,0,0,0,1,1,1,0.0,0.0,0.0,0.0,1.0,0.0,0.0,255,94,0.37,0.03,0.0,0.0,0.0,0.0,0.0,0.0,warezmaster,1,0,NORMAL,0,0
283,tcp,ftp,SF,159,595,0,0,0,2,0,1,0,0,0,0,0,0,0,0,0,1,1,1,0.0,0.0,0.0,0.0,1.0,0.0,0.0,255,105,0.41,0.03,0.0,0.0,0.02,0.0,0.01,0.0,warezmaster,1,0,NORMAL,0,0
0,tcp,telnet,SF,125,174,0,0,0,0,1,0,0,0,0,0,0,0,0,0,0,0,1,1,0.0,0.0,0.0,0.0,1.0,0.0,0.0,255,174,0.68,0.02,0.0,0.0,0.0,0.0,0.02,0.03,guess_passwd,1,0,NORMAL,0,0
3,tcp,telnet,SF,24,715,0,0,0,0,0,0,0,0,0,0,0,0,0,0,0,0,4,9,0.0,0.0,0.75,0.44,0.5,0.75,0.56,167,85,0.34,0.03,0.01,0.02,0.0,0.0,0.88,0.69,mscan,1,0,NORMAL,0,0
0,tcp,telnet,S3,0,44,0,0,0,0,0,0,0,0,0,0,0,0,0,0,0,0,1,1,1.0,1.0,0.0,0.0,1.0,0.0,0.0,255,183,0.72,0.02,0.0,0.0,0.42,0.41,0.01,0.01,processtable,1,0,NORMAL,0,0
0,udp,private,SF,1,0,0,0,0,0,0,0,0,0,0,0,0,0,0,0,0,0,114,11,0.0,0.0,0.0,0.0,0.1,0.88,0.0,255,11,0.04,0.88,1.0,0.0,0.0,0.0,0.0,0.0,normal,0,1,ATTACK,1,0
0,tcp,sunrpc,REJ,0,0,0,0,0,0,0,0,0,0,0,0,0,0,0,0,0,0,1,1,0.0,0.0,1.0,1.0,1.0,0.0,0.0,255,15,0.06,0.02,0.0,0.0,0.0,0.0,0.22,1.0,mscan,1,0,NORMAL,0,0
0,tcp,sunrpc,REJ,0,0,0,0,0,0,0,0,0,0,0,0,0,0,0,0,0,0,1,4,0.0,0.0,1.0,1.0,1.0,0.0,1.0,255,20,0.08,0.03,0.0,0.0,0.0,0.0,0.41,1.0,mscan,1,0,NORMAL,0,0
0,udp,private,SF,46,46,0,0,0,0,0,0,0,0,0,0,0,0,0,0,0,0,2,2,0.0,0.0,0.0,0.0,1.0,0.0,0.0,255,253,0.99,0.01,0.01,0.0,0.0,0.0,0.0,0.0,snmpguess,1,0,NORMAL,0,0
5,tcp,pop_3,SF,26,93,0,0,0,0,0,1,0,0,0,0,0,0,0,0,0,0,1,1,0.0,0.0,0.0,0.0,1.0,0.0,0.0,122,107,0.87,0.02,0.01,0.02,0.0,0.0,0.08,0.0,guess_passwd,1,0,NORMAL,0,0
282,tcp,ftp,SF,158,597,0,0,0,2,0,1,0,0,0,0,0,0,0,0,0,1,1,1,0.0,0.0,0.0,0.0,1.0,0.0,0.0,196,64,0.33,0.04,0.01,0.0,0.0,0.0,0.0,0.0,warezmaster,1,0,NORMAL,0,0
283,tcp,ftp,SF,159,597,0,0,0,2,0,1,0,0,0,0,0,0,0,0,0,1,1,1,0.0,0.0,0.0,0.0,1.0,0.0,0.0,255,47,0.18,0.03,0.0,0.0,0.19,0.0,0.02,0.0,warezmaster,1,0,NORMAL,0,0
4,tcp,pop_3,SF,26,93,0,0,0,0,0,1,0,0,0,0,0,0,0,0,0,0,1,1,0.0,0.0,0.0,0.0,1.0,0.0,0.0,255,238,0.93,0.01,0.0,0.0,0.0,0.0,0.04,0.0,guess_passwd,1,0,NORMAL,0,0
0,udp,private,SF,1,0,0,0,0,0,0,0,0,0,0,0,0,0,0,0,0,0,17,6,0.0,0.0,0.0,0.0,0.35,0.24,0.0,255,6,0.02,0.8,0.21,0.0,0.04,0.0,0.72,0.0,normal,0,1,ATTACK,1,0
0,tcp,imap4,REJ,0,0,0,0,0,0,0,0,0,0,0,0,0,0,0,0,0,0,1,2,0.0,0.0,1.0,1.0,1.0,0.0,1.0,255,50,0.2,0.02,0.0,0.0,0.0,0.0,0.38,1.0,mscan,1,0,NORMAL,0,0
0,tcp,http,S0,0,0,0,0,0,0,0,0,0,0,0,0,0,0,0,0,0,0,9,9,1.0,1.0,0.0,0.0,1.0,0.0,0.0,255,245,0.96,0.01,0.0,0.0,0.12,0.12,0.56,0.59,apache2,1,0,NORMAL,0,0
0,tcp,http,S0,0,0,0,0,0,0,0,0,0,0,0,0,0,0,0,0,0,0,29,29,0.31,0.31,0.69,0.69,1.0,0.0,0.0,255,255,1.0,0.0,0.0,0.0,0.05,0.05,0.69,0.69,apache2,1,0,NORMAL,0,0
7338,tcp,telnet,SF,0,44,0,0,0,0,0,0,0,0,0,0,0,0,0,0,0,0,1,1,0.0,0.0,0.0,0.0,1.0,0.0,0.0,255,228,0.89,0.02,0.0,0.0,0.27,0.3,0.01,0.0,processtable,1,0,NORMAL,0,0
4,tcp,pop_3,SF,31,93,0,0,0,0,0,1,0,0,0,0,0,0,0,0,0,0,1,1,0.0,0.0,0.0,0.0,1.0,0.0,0.0,255,231,0.91,0.02,0.0,0.0,0.0,0.0,0.06,0.0,guess_passwd,1,0,NORMAL,0,0
4,tcp,pop_3,SF,32,93,0,0,0,0,0,1,0,0,0,0,0,0,0,0,0,0,1,1,0.0,0.0,0.0,0.0,1.0,0.0,0.0,255,238,0.93,0.02,0.0,0.0,0.0,0.0,0.03,0.0,guess_passwd,1,0,NORMAL,0,0
1,tcp,smtp,SF,2599,293,0,0,0,0,0,1,0,0,0,0,0,0,0,0,0,0,3,3,0.0,0.0,0.0,0.0,1.0,0.0,0.0,255,245,0.96,0.04,0.0,0.0,0.0,0.0,0.03,0.0,mailbomb,1,0,NORMAL,0,0
4,tcp,pop_3,SF,32,93,0,0,0,0,0,1,0,0,0,0,0,0,0,0,0,0,1,1,0.0,0.0,0.0,0.0,1.0,0.0,0.0,255,240,0.94,0.01,0.0,0.0,0.0,0.0,0.04,0.0,guess_passwd,1,0,NORMAL,0,0
0,tcp,telnet,S3,0,44,0,0,0,0,0,0,0,0,0,0,0,0,0,0,0,0,1,1,1.0,1.0,0.0,0.0,1.0,0.0,0.0,255,118,0.46,0.02,0.0,0.0,0.53,0.37,0.01,0.01,processtable,1,0,NORMAL,0,0
7326,tcp,telnet,SF,0,44,0,0,0,0,0,0,0,0,0,0,0,0,0,0,0,0,1,1,0.0,0.0,0.0,0.0,1.0,0.0,0.0,255,229,0.9,0.02,0.0,0.0,0.27,0.3,0.01,0.0,processtable,1,0,NORMAL,0,0
0,tcp,telnet,REJ,0,0,0,0,0,0,0,0,0,0,0,0,0,0,0,0,0,0,1,14,0.0,0.14,1.0,0.79,1.0,0.0,0.93,54,95,0.33,0.09,0.02,0.02,0.0,0.06,0.89,0.61,mscan,1,0,NORMAL,0,0
1,tcp,telnet,SF,0,0,0,0,0,0,0,0,0,0,0,0,0,0,0,0,0,0,1,12,0.0,0.08,0.0,0.08,1.0,0.0,0.67,180,18,0.01,0.02,0.01,0.11,0.0,0.0,0.0,0.61,mscan,1,0,NORMAL,0,0
4,tcp,pop_3,SF,28,93,0,0,0,0,0,1,0,0,0,0,0,0,0,0,0,0,1,1,0.0,0.0,0.0,0.0,1.0,0.0,0.0,235,216,0.92,0.01,0.0,0.0,0.0,0.0,0.04,0.0,guess_passwd,1,0,NORMAL,0,0
4,tcp,pop_3,SF,28,93,0,0,0,0,0,1,0,0,0,0,0,0,0,0,0,0,1,1,0.0,0.0,0.0,0.0,1.0,0.0,0.0,255,212,0.83,0.02,0.0,0.0,0.0,0.0,0.04,0.0,guess_passwd,1,0,NORMAL,0,0
0,tcp,http,S0,0,0,0,0,0,0,0,0,0,0,0,0,0,0,0,0,0,0,53,53,1.0,1.0,0.0,0.0,1.0,0.0,0.0,255,255,1.0,0.0,0.0,0.0,0.28,0.28,0.7,0.7,apache2,1,0,NORMAL,0,0
284,tcp,ftp,SF,162,597,0,0,0,2,0,1,0,0,0,0,0,0,0,0,0,1,1,1,0.0,0.0,0.0,0.0,1.0,0.0,0.0,255,90,0.35,0.03,0.0,0.0,0.02,0.0,0.01,0.0,warezmaster,1,0,NORMAL,0,0
282,tcp,ftp,SF,162,599,0,0,0,2,0,1,0,0,0,0,0,0,0,0,0,1,3,1,0.0,0.0,0.0,0.0,0.33,0.67,0.0,255,1,0.0,0.04,0.0,0.0,0.0,0.0,0.03,0.0,warezmaster,1,0,NORMAL,0,0
7579,tcp,telnet,SF,0,44,0,0,0,0,0,0,0,0,0,0,0,0,0,0,0,0,1,1,0.0,0.0,0.0,0.0,1.0,0.0,0.0,255,163,0.64,0.34,0.0,0.0,0.49,0.77,0.33,0.01,processtable,1,0,NORMAL,0,0
0,tcp,http,S0,0,0,0,0,0,0,0,0,0,0,0,0,0,0,0,0,0,0,33,33,0.39,0.39,0.61,0.61,1.0,0.0,0.0,255,255,1.0,0.0,0.0,0.0,0.07,0.07,0.69,0.69,apache2,1,0,NORMAL,0,0
0,tcp,ftp_data,SF,12,0,0,0,0,0,0,0,0,0,0,0,0,0,0,0,0,0,2,2,0.0,0.0,0.0,0.0,1.0,0.0,0.0,2,6,1.0,0.0,1.0,0.33,0.0,0.0,0.0,0.0,warezmaster,1,0,NORMAL,0,0
4,tcp,pop_3,SF,32,93,0,0,0,0,0,1,0,0,0,0,0,0,0,0,0,0,1,1,0.0,0.0,0.0,0.0,1.0,0.0,0.0,255,244,0.96,0.01,0.0,0.0,0.0,0.0,0.02,0.0,guess_passwd,1,0,NORMAL,0,0
0,tcp,telnet,SF,126,174,0,0,0,0,1,0,0,0,0,0,0,0,0,0,0,0,1,1,0.0,0.0,0.0,0.0,1.0,0.0,0.0,255,206,0.81,0.02,0.0,0.0,0.0,0.0,0.02,0.03,guess_passwd,1,0,NORMAL,0,0
7306,tcp,telnet,SF,0,44,0,0,0,0,0,0,0,0,0,0,0,0,0,0,0,0,1,1,0.0,0.0,0.0,0.0,1.0,0.0,0.0,255,234,0.92,0.02,0.0,0.0,0.27,0.29,0.01,0.0,processtable,1,0,NORMAL,0,0
1,tcp,smtp,SF,2599,293,0,0,0,0,0,1,0,0,0,0,0,0,0,0,0,0,3,3,0.0,0.0,0.0,0.0,1.0,0.0,0.0,255,163,0.64,0.13,0.0,0.0,0.0,0.0,0.35,0.0,mailbomb,1,0,NORMAL,0,0
7268,tcp,telnet,SF,0,44,0,0,0,0,0,0,0,0,0,0,0,0,0,0,0,0,1,1,0.0,0.0,0.0,0.0,1.0,0.0,0.0,255,246,0.96,0.02,0.0,0.0,0.33,0.35,0.04,0.02,processtable,1,0,NORMAL,0,0
7212,tcp,telnet,SF,0,44,0,0,0,0,0,0,0,0,0,0,0,0,0,0,0,0,1,1,0.0,0.0,0.0,0.0,1.0,0.0,0.0,255,248,0.97,0.02,0.0,0.0,0.33,0.34,0.04,0.02,processtable,1,0,NORMAL,0,0
134,tcp,IRC,SF,342,1011,0,0,0,0,0,0,0,0,0,0,0,0,0,0,0,0,1,1,0.0,0.0,0.0,0.0,1.0,0.0,0.0,39,17,0.44,0.05,0.03,0.0,0.03,0.06,0.33,0.76,xlock,1,0,NORMAL,0,0
1,tcp,telnet,RSTO,0,15,0,0,0,0,0,0,0,0,0,0,0,0,0,0,0,0,1,6,0.0,0.17,1.0,0.5,1.0,0.0,0.67,255,73,0.29,0.03,0.0,0.0,0.0,0.0,0.75,0.7,mscan,1,0,NORMAL,0,0
0,tcp,ftp_data,SF,12,0,0,0,0,0,0,0,0,0,0,0,0,0,0,0,0,0,1,1,0.0,0.0,0.0,0.0,1.0,0.0,0.0,3,23,1.0,0.0,1.0,0.17,0.0,0.0,0.0,0.0,warezmaster,1,0,NORMAL,0,0
1,tcp,smtp,SF,2599,293,0,0,0,0,0,1,0,0,0,0,0,0,0,0,0,0,2,2,0.0,0.0,0.0,0.0,1.0,0.0,0.0,255,105,0.41,0.14,0.0,0.0,0.0,0.0,0.57,0.0,mailbomb,1,0,NORMAL,0,0
4,tcp,pop_3,SF,28,93,0,0,0,0,0,1,0,0,0,0,0,0,0,0,0,0,1,1,0.0,0.0,0.0,0.0,1.0,0.0,0.0,255,232,0.91,0.02,0.0,0.0,0.0,0.0,0.02,0.0,guess_passwd,1,0,NORMAL,0,0
0,udp,private,SF,43,0,0,0,0,0,0,0,0,0,0,0,0,0,0,0,0,0,2,2,0.0,0.0,0.0,0.0,1.0,0.0,0.0,255,254,1.0,0.01,0.02,0.0,0.0,0.0,0.0,0.0,snmpguess,1,0,NORMAL,0,0
0,tcp,ftp_data,SF,12,0,0,0,0,0,0,0,0,0,0,0,0,0,0,0,0,0,2,3,0.0,0.0,0.0,0.0,1.0,0.0,0.67,2,2,1.0,0.0,1.0,0.0,0.0,0.0,0.0,0.0,warezmaster,1,0,NORMAL,0,0
7553,tcp,telnet,SF,0,44,0,0,0,0,0,0,0,0,0,0,0,0,0,0,0,0,1,1,0.0,0.0,0.0,0.0,1.0,0.0,0.0,255,188,0.74,0.03,0.0,0.0,0.33,0.45,0.12,0.07,processtable,1,0,NORMAL,0,0
0,tcp,telnet,S3,0,44,0,0,0,0,0,0,0,0,0,0,0,0,0,0,0,0,1,1,1.0,1.0,0.0,0.0,1.0,0.0,0.0,255,49,0.19,0.72,0.0,0.0,0.09,0.49,0.7,0.0,processtable,1,0,NORMAL,0,0
7442,tcp,telnet,SF,0,44,0,0,0,0,0,0,0,0,0,0,0,0,0,0,0,0,1,1,0.0,0.0,0.0,0.0,1.0,0.0,0.0,255,197,0.77,0.22,0.0,0.0,0.5,0.64,0.21,0.01,processtable,1,0,NORMAL,0,0
7474,tcp,telnet,SF,0,44,0,0,0,0,0,0,0,0,0,0,0,0,0,0,0,0,1,1,0.0,0.0,0.0,0.0,1.0,0.0,0.0,255,189,0.74,0.25,0.0,0.0,0.5,0.67,0.24,0.01,processtable,1,0,NORMAL,0,0
0,tcp,telnet,S3,0,44,0,0,0,0,0,0,0,0,0,0,0,0,0,0,0,0,1,1,1.0,1.0,0.0,0.0,1.0,0.0,0.0,255,78,0.31,0.62,0.0,0.0,0.21,0.68,0.6,0.0,processtable,1,0,NORMAL,0,0
0,udp,private,SF,44,0,0,0,0,0,0,0,0,0,0,0,0,0,0,0,0,0,5,5,0.0,0.0,0.0,0.0,1.0,0.0,0.0,255,254,1.0,0.01,0.01,0.0,0.0,0.0,0.0,0.0,snmpguess,1,0,NORMAL,0,0
0,tcp,telnet,SF,125,174,0,0,0,0,1,0,0,0,0,0,0,0,0,0,0,0,1,1,0.0,0.0,0.0,0.0,1.0,0.0,0.0,255,255,1.0,0.0,0.0,0.0,0.0,0.0,0.02,0.02,guess_passwd,1,0,NORMAL,0,0
0,udp,private,SF,105,146,0,0,0,0,0,0,0,0,0,0,0,0,0,0,0,0,1,1,0.0,0.0,0.0,0.0,1.0,0.0,0.0,255,253,0.99,0.01,0.0,0.0,0.0,0.0,0.0,0.0,snmpgetattack,1,0,NORMAL,0,0
0,udp,private,SF,44,0,0,0,0,0,0,0,0,0,0,0,0,0,0,0,0,0,2,2,0.0,0.0,0.0,0.0,1.0,0.0,0.0,255,253,0.99,0.01,0.01,0.0,0.0,0.0,0.0,0.0,snmpguess,1,0,NORMAL,0,0
0,udp,private,SF,52,0,0,0,0,0,0,0,0,0,0,0,0,0,0,0,0,0,4,4,0.0,0.0,0.0,0.0,1.0,0.0,0.0,255,254,1.0,0.01,0.01,0.0,0.0,0.0,0.0,0.0,snmpguess,1,0,NORMAL,0,0
282,tcp,ftp,SF,164,601,0,0,0,2,0,1,0,0,0,0,0,0,0,0,0,1,3,1,0.0,0.0,0.0,0.0,0.33,0.67,0.0,255,1,0.0,0.04,0.0,0.0,0.0,0.0,0.03,0.0,warezmaster,1,0,NORMAL,0,0
7458,tcp,telnet,SF,0,44,0,0,0,0,0,0,0,0,0,0,0,0,0,0,0,0,1,1,0.0,0.0,0.0,0.0,1.0,0.0,0.0,255,193,0.76,0.23,0.0,0.0,0.5,0.66,0.23,0.01,processtable,1,0,NORMAL,0,0
7390,tcp,telnet,SF,0,44,0,0,0,0,0,0,0,0,0,0,0,0,0,0,0,0,1,1,0.0,0.0,0.0,0.0,1.0,0.0,0.0,255,216,0.85,0.02,0.0,0.0,0.27,0.32,0.01,0.0,processtable,1,0,NORMAL,0,0
0,tcp,telnet,REJ,0,0,0,0,0,0,0,0,0,0,0,0,0,0,0,0,0,0,1,9,0.0,0.11,1.0,0.78,1.0,0.0,0.78,255,30,0.12,0.03,0.0,0.0,0.0,0.0,0.35,0.87,mscan,1,0,NORMAL,0,0
1,tcp,smtp,SF,2599,293,0,0,0,0,0,1,0,0,0,0,0,0,0,0,0,0,2,2,0.0,0.0,0.0,0.0,1.0,0.0,0.0,255,182,0.71,0.13,0.0,0.0,0.0,0.0,0.27,0.0,mailbomb,1,0,NORMAL,0,0
0,udp,private,SF,105,146,0,0,0,0,0,0,0,0,0,0,0,0,0,0,0,0,1,1,0.0,0.0,0.0,0.0,1.0,0.0,0.0,90,90,1.0,0.0,0.01,0.0,0.0,0.0,0.0,0.0,snmpgetattack,1,0,NORMAL,0,0
1,tcp,smtp,SF,2599,293,0,0,0,0,0,1,0,0,0,0,0,0,0,0,0,0,2,2,0.0,0.0,0.0,0.0,1.0,0.0,0.0,255,140,0.55,0.15,0.0,0.0,0.0,0.0,0.44,0.0,mailbomb,1,0,NORMAL,0,0
0,tcp,other,SF,249,0,0,0,0,0,0,0,0,0,0,0,0,0,0,0,0,0,2,2,0.0,0.0,0.5,0.5,1.0,0.0,0.0,255,30,0.12,0.02,0.0,0.0,0.0,0.0,0.1,0.73,httptunnel,1,0,NORMAL,0,0
7416,tcp,telnet,SF,0,44,0,0,0,0,0,0,0,0,0,0,0,0,0,0,0,0,1,1,0.0,0.0,0.0,0.0,1.0,0.0,0.0,255,220,0.86,0.03,0.0,0.0,0.33,0.39,0.12,0.06,processtable,1,0,NORMAL,0,0
0,udp,private,SF,105,147,0,0,0,0,0,0,0,0,0,0,0,0,0,0,0,0,1,1,0.0,0.0,0.0,0.0,1.0,0.0,0.0,255,246,0.96,0.01,0.01,0.0,0.0,0.0,0.0,0.0,snmpgetattack,1,0,NORMAL,0,0
283,tcp,ftp,SF,157,595,0,0,0,2,0,1,0,0,0,0,0,0,0,0,0,1,1,1,0.0,0.0,0.0,0.0,1.0,0.0,0.0,255,65,0.25,0.03,0.0,0.0,0.08,0.0,0.02,0.0,warezmaster,1,0,NORMAL,0,0
54,tcp,ftp,SF,148,643,0,0,0,2,0,1,0,0,0,0,0,0,0,0,0,0,1,1,0.0,0.0,0.0,0.0,1.0,0.0,0.0,192,1,0.01,0.04,0.01,0.0,0.0,0.0,0.0,0.0,rootkit,1,0,NORMAL,0,0
4,tcp,pop_3,SF,28,93,0,0,0,0,0,1,0,0,0,0,0,0,0,0,0,0,1,1,0.0,0.0,0.0,0.0,1.0,0.0,0.0,255,135,0.53,0.02,0.0,0.0,0.0,0.0,0.17,0.02,guess_passwd,1,0,NORMAL,0,0
0,tcp,ftp,SF,26,157,0,0,0,0,1,0,0,0,0,0,0,0,0,0,0,1,1,1,0.0,0.0,0.0,0.0,1.0,0.0,0.0,99,53,0.54,0.04,0.01,0.0,0.0,0.0,0.0,0.0,guess_passwd,1,0,NORMAL,0,0
0,tcp,telnet,SF,122,174,0,0,0,0,1,0,0,0,0,0,0,0,0,0,0,0,1,1,0.0,0.0,0.0,0.0,1.0,0.0,0.0,255,188,0.74,0.02,0.0,0.0,0.0,0.0,0.02,0.03,guess_passwd,1,0,NORMAL,0,0
280,tcp,ftp_data,SF,283618,0,0,0,0,0,0,0,0,0,0,0,0,0,0,0,0,0,2,2,0.0,0.0,0.0,0.0,1.0,0.0,0.0,3,18,0.67,0.67,0.67,0.17,0.0,0.0,0.0,0.0,warezmaster,1,0,NORMAL,0,0
0,tcp,telnet,SF,133,174,0,0,0,0,1,0,0,0,0,0,0,0,0,0,0,0,1,1,0.0,0.0,0.0,0.0,1.0,0.0,0.0,255,76,0.3,0.02,0.0,0.0,0.0,0.0,0.01,0.04,guess_passwd,1,0,NORMAL,0,0
0,udp,private,SF,43,0,0,0,0,0,0,0,0,0,0,0,0,0,0,0,0,0,2,2,0.0,0.0,0.0,0.0,1.0,0.0,0.0,255,254,1.0,0.01,0.01,0.0,0.0,0.0,0.0,0.0,snmpguess,1,0,NORMAL,0,0
2224,tcp,telnet,SF,3548,37496,0,0,0,0,1,1,15,0,0,3,4,0,1,0,0,0,1,1,0.0,0.0,0.0,0.0,1.0,0.0,0.0,255,164,0.64,0.02,0.0,0.0,0.59,0.91,0.02,0.01,buffer_overflow,1,0,NORMAL,0,0
4,tcp,pop_3,SF,28,93,0,0,0,0,0,1,0,0,0,0,0,0,0,0,0,0,1,1,0.0,0.0,0.0,0.0,1.0,0.0,0.0,255,219,0.86,0.02,0.0,0.0,0.0,0.0,0.06,0.0,guess_passwd,1,0,NORMAL,0,0
0,udp,private,SF,44,0,0,0,0,0,0,0,0,0,0,0,0,0,0,0,0,0,4,4,0.0,0.0,0.0,0.0,1.0,0.0,0.0,255,254,1.0,0.01,0.01,0.0,0.0,0.0,0.0,0.0,snmpguess,1,0,NORMAL,0,0
4,tcp,pop_3,SF,32,93,0,0,0,0,0,1,0,0,0,0,0,0,0,0,0,0,1,1,0.0,0.0,0.0,0.0,1.0,0.0,0.0,255,230,0.9,0.02,0.0,0.0,0.0,0.0,0.06,0.0,guess_passwd,1,0,NORMAL,0,0
0,udp,private,SF,105,147,0,0,0,0,0,0,0,0,0,0,0,0,0,0,0,0,2,1,0.0,0.0,0.0,0.0,0.5,1.0,0.0,255,253,0.99,0.01,0.0,0.0,0.0,0.0,0.0,0.0,snmpgetattack,1,0,NORMAL,0,0
0,tcp,telnet,SF,122,174,0,0,0,0,1,0,0,0,0,0,0,0,0,0,0,0,1,1,0.0,0.0,0.0,0.0,1.0,0.0,0.0,255,187,0.73,0.02,0.0,0.0,0.0,0.0,0.02,0.03,guess_passwd,1,0,NORMAL,0,0
0,tcp,http,S0,0,0,0,0,0,0,0,0,0,0,0,0,0,0,0,0,0,0,10,10,1.0,1.0,0.0,0.0,1.0,0.0,0.0,255,245,0.96,0.01,0.0,0.0,0.13,0.14,0.56,0.59,apache2,1,0,NORMAL,0,0
0,udp,private,SF,28,0,0,3,0,0,0,0,0,0,0,0,0,0,0,0,0,0,48,48,0.0,0.0,0.0,0.0,1.0,0.0,0.0,255,48,0.19,0.02,0.19,0.0,0.2,0.0,0.34,0.0,normal,0,1,ATTACK,1,0
282,tcp,ftp,SF,164,599,0,0,0,2,0,1,0,0,0,0,0,0,0,0,0,1,1,1,0.0,0.0,0.0,0.0,1.0,0.0,0.0,13,12,0.92,0.15,0.08,0.0,0.0,0.0,0.0,0.0,warezmaster,1,0,NORMAL,0,0
4,tcp,pop_3,SF,32,93,0,0,0,0,0,1,0,0,0,0,0,0,0,0,0,0,1,1,0.0,0.0,0.0,0.0,1.0,0.0,0.0,255,194,0.76,0.02,0.0,0.0,0.0,0.0,0.07,0.0,guess_passwd,1,0,NORMAL,0,0
4,tcp,pop_3,SF,32,93,0,0,0,0,0,1,0,0,0,0,0,0,0,0,0,0,1,1,0.0,0.0,0.0,0.0,1.0,0.0,0.0,255,152,0.6,0.02,0.0,0.0,0.0,0.0,0.14,0.0,guess_passwd,1,0,NORMAL,0,0
4,tcp,pop_3,SF,28,93,0,0,0,0,0,1,0,0,0,0,0,0,0,0,0,0,1,1,0.0,0.0,0.0,0.0,1.0,0.0,0.0,179,160,0.89,0.02,0.01,0.0,0.0,0.0,0.06,0.0,guess_passwd,1,0,NORMAL,0,0
0,tcp,telnet,S3,0,44,0,0,0,0,0,0,0,0,0,0,0,0,0,0,0,0,1,1,1.0,1.0,0.0,0.0,1.0,0.0,0.0,255,159,0.62,0.02,0.0,0.0,0.55,0.53,0.01,0.01,processtable,1,0,NORMAL,0,0
8184,tcp,telnet,SF,0,15,0,0,0,0,0,0,0,0,0,0,0,0,0,0,0,0,1,13,0.0,0.15,0.0,0.69,1.0,0.0,1.0,255,43,0.17,0.04,0.0,0.0,0.0,0.02,0.08,0.23,processtable,1,0,NORMAL,0,0
4,tcp,pop_3,SF,32,93,0,0,0,0,0,1,0,0,0,0,0,0,0,0,0,0,1,1,0.0,0.0,0.0,0.0,1.0,0.0,0.0,109,94,0.85,0.03,0.01,0.02,0.0,0.0,0.09,0.0,guess_passwd,1,0,NORMAL,0,0
280,tcp,ftp_data,SF,283618,0,0,0,0,1,0,0,0,0,0,0,0,0,0,0,0,0,2,2,0.0,0.0,0.0,0.0,1.0,0.0,0.0,5,12,0.8,0.4,0.8,0.17,0.0,0.0,0.0,0.0,warezmaster,1,0,NORMAL,0,0
4,tcp,pop_3,SF,30,93,0,0,0,0,0,1,0,0,0,0,0,0,0,0,0,0,2,2,0.0,0.0,0.0,0.0,1.0,0.0,0.0,255,252,0.99,0.01,0.0,0.0,0.0,0.0,0.0,0.0,guess_passwd,1,0,NORMAL,0,0
0,tcp,pop_3,SF,30,217,0,0,0,0,0,1,0,0,0,0,0,0,0,0,0,0,1,1,0.0,0.0,0.0,0.0,1.0,0.0,0.0,255,10,0.04,0.02,0.0,0.0,0.0,0.0,0.0,0.0,guess_passwd,1,0,NORMAL,0,0
289,tcp,ftp,SF,157,595,0,0,0,2,0,1,0,0,0,0,0,0,0,0,0,1,1,1,0.0,0.0,0.0,0.0,1.0,0.0,0.0,18,15,0.83,0.11,0.06,0.0,0.0,0.0,0.0,0.0,warezmaster,1,0,NORMAL,0,0
5,tcp,pop_3,SF,32,93,0,0,0,0,0,1,0,0,0,0,0,0,0,0,0,0,1,1,0.0,0.0,0.0,0.0,1.0,0.0,0.0,49,48,0.96,0.04,0.02,0.04,0.0,0.0,0.0,0.0,guess_passwd,1,0,NORMAL,0,0
7545,tcp,telnet,SF,0,44,0,0,0,0,0,0,0,0,0,0,0,0,0,0,0,0,1,1,0.0,0.0,0.0,0.0,1.0,0.0,0.0,255,190,0.75,0.03,0.0,0.0,0.33,0.45,0.12,0.07,processtable,1,0,NORMAL,0,0
0,tcp,telnet,SF,120,174,0,0,0,0,1,0,0,0,0,0,0,0,0,0,0,0,1,1,0.0,0.0,0.0,0.0,1.0,0.0,0.0,255,1,0.0,0.02,0.0,0.0,0.0,0.0,0.0,0.0,guess_passwd,1,0,NORMAL,0,0
4,tcp,pop_3,SF,32,93,0,0,0,0,0,1,0,0,0,0,0,0,0,0,0,0,1,1,0.0,0.0,0.0,0.0,1.0,0.0,0.0,255,213,0.84,0.02,0.0,0.0,0.0,0.0,0.07,0.0,guess_passwd,1,0,NORMAL,0,0
0,tcp,telnet,SF,125,174,0,0,0,0,1,0,0,0,0,0,0,0,0,0,0,0,1,1,0.0,0.0,0.0,0.0,1.0,0.0,0.0,255,133,0.52,0.02,0.0,0.0,0.0,0.0,0.02,0.03,guess_passwd,1,0,NORMAL,0,0
0,tcp,ftp_data,SF,12,0,0,0,0,0,0,0,0,0,0,0,0,0,0,0,0,0,2,2,0.0,0.0,0.0,0.0,1.0,0.0,0.0,7,8,0.86,0.29,0.86,0.25,0.0,0.0,0.0,0.0,warezmaster,1,0,NORMAL,0,0
4,tcp,pop_3,SF,28,93,0,0,0,0,0,1,0,0,0,0,0,0,0,0,0,0,1,1,0.0,0.0,0.0,0.0,1.0,0.0,0.0,255,252,0.99,0.01,0.0,0.0,0.0,0.0,0.0,0.0,guess_passwd,1,0,NORMAL,0,0
7999,tcp,telnet,SF,0,44,0,0,0,0,0,0,0,0,0,0,0,0,0,0,0,0,1,1,0.0,0.0,0.0,0.0,1.0,0.0,0.0,255,103,0.4,0.02,0.0,0.0,0.58,0.4,0.01,0.01,processtable,1,0,NORMAL,0,0
283,tcp,ftp,SF,162,597,0,0,0,2,0,1,0,0,0,0,0,0,0,0,0,1,1,1,0.0,0.0,0.0,0.0,1.0,0.0,0.0,255,96,0.38,0.03,0.0,0.0,0.02,0.0,0.01,0.0,warezmaster,1,0,NORMAL,0,0
1,tcp,smtp,SF,2599,293,0,0,0,0,0,1,0,0,0,0,0,0,0,0,0,0,3,3,0.0,0.0,0.0,0.0,1.0,0.0,0.0,255,12,0.05,0.16,0.0,0.0,0.0,0.0,0.93,0.0,mailbomb,1,0,NORMAL,0,0
0,tcp,telnet,RSTO,0,15,0,0,0,0,0,0,0,0,0,0,0,0,0,0,0,0,1,1,0.0,0.0,1.0,1.0,1.0,0.0,0.0,171,88,0.32,0.03,0.01,0.02,0.0,0.0,0.89,0.62,mscan,1,0,NORMAL,0,0
280,tcp,ftp_data,SF,283618,0,0,0,0,0,0,0,0,0,0,0,0,0,0,0,0,0,2,2,0.0,0.0,0.0,0.0,1.0,0.0,0.0,5,10,0.8,0.4,0.8,0.3,0.0,0.0,0.0,0.0,warezmaster,1,0,NORMAL,0,0
0,tcp,other,REJ,0,0,0,0,0,0,0,0,0,0,0,0,0,0,0,0,0,0,1,1,0.0,0.0,1.0,1.0,1.0,0.0,0.0,118,17,0.14,0.06,0.01,0.0,0.0,0.0,0.09,0.65,httptunnel,1,0,NORMAL,0,0
4,tcp,pop_3,SF,28,93,0,0,0,0,0,1,0,0,0,0,0,0,0,0,0,0,1,1,0.0,0.0,0.0,0.0,1.0,0.0,0.0,255,218,0.85,0.02,0.0,0.0,0.0,0.0,0.03,0.0,guess_passwd,1,0,NORMAL,0,0
4,tcp,pop_3,SF,32,93,0,0,0,0,0,1,0,0,0,0,0,0,0,0,0,0,1,1,0.0,0.0,0.0,0.0,1.0,0.0,0.0,255,172,0.67,0.02,0.0,0.0,0.0,0.0,0.11,0.0,guess_passwd,1,0,NORMAL,0,0
1,tcp,smtp,SF,2599,293,0,0,0,0,0,1,0,0,0,0,0,0,0,0,0,0,2,2,0.0,0.0,0.0,0.0,1.0,0.0,0.0,255,208,0.82,0.13,0.0,0.0,0.0,0.0,0.17,0.0,mailbomb,1,0,NORMAL,0,0
0,tcp,http,S0,0,0,0,0,0,0,0,0,0,0,0,0,0,0,0,0,0,0,11,11,1.0,1.0,0.0,0.0,1.0,0.0,0.0,255,245,0.96,0.01,0.0,0.0,0.13,0.13,0.56,0.59,apache2,1,0,NORMAL,0,0
4,tcp,pop_3,SF,32,93,0,0,0,0,0,1,0,0,0,0,0,0,0,0,0,0,1,1,0.0,0.0,0.0,0.0,1.0,0.0,0.0,255,192,0.75,0.02,0.0,0.0,0.0,0.0,0.08,0.0,guess_passwd,1,0,NORMAL,0,0
0,udp,private,SF,105,105,0,0,0,0,0,0,0,0,0,0,0,0,0,0,0,0,3,3,0.0,0.0,0.0,0.0,1.0,0.0,0.0,255,254,1.0,0.01,0.0,0.0,0.0,0.0,0.0,0.0,snmpgetattack,1,0,NORMAL,0,0
4,tcp,pop_3,SF,32,93,0,0,0,0,0,1,0,0,0,0,0,0,0,0,0,0,1,1,0.0,0.0,0.0,0.0,1.0,0.0,0.0,123,108,0.87,0.02,0.01,0.02,0.0,0.0,0.08,0.0,guess_passwd,1,0,NORMAL,0,0
4,tcp,pop_3,SF,31,93,0,0,0,0,0,1,0,0,0,0,0,0,0,0,0,0,1,1,0.0,0.0,0.0,0.0,1.0,0.0,0.0,255,237,0.93,0.01,0.0,0.0,0.0,0.0,0.04,0.0,guess_passwd,1,0,NORMAL,0,0
7358,tcp,telnet,SF,0,44,0,0,0,0,0,0,0,0,0,0,0,0,0,0,0,0,1,1,0.0,0.0,0.0,0.0,1.0,0.0,0.0,255,217,0.85,0.15,0.0,0.0,0.5,0.59,0.15,0.01,processtable,1,0,NORMAL,0,0
283,tcp,ftp,SF,164,599,0,0,0,2,0,1,0,0,0,0,0,0,0,0,0,1,1,1,0.0,0.0,0.0,0.0,1.0,0.0,0.0,255,28,0.11,0.03,0.0,0.0,0.46,0.0,0.02,0.0,warezmaster,1,0,NORMAL,0,0
0,tcp,ftp_data,SF,12,0,0,0,0,0,0,0,0,0,0,0,0,0,0,0,0,0,1,1,0.0,0.0,0.0,0.0,1.0,0.0,0.0,110,11,0.03,0.02,0.03,0.18,0.0,0.0,0.0,0.0,warezmaster,1,0,NORMAL,0,0
0,tcp,telnet,S3,0,44,0,0,0,0,0,0,0,0,0,0,0,0,0,0,0,0,1,1,1.0,1.0,0.0,0.0,1.0,0.0,0.0,255,147,0.58,0.02,0.0,0.0,0.53,0.5,0.01,0.01,processtable,1,0,NORMAL,0,0
0,udp,private,SF,1,0,0,0,0,0,0,0,0,0,0,0,0,0,0,0,0,0,74,30,0.0,0.0,0.0,0.0,0.41,0.5,0.0,255,30,0.12,0.62,0.91,0.0,0.0,0.0,0.09,0.0,normal,0,1,ATTACK,1,0
0,tcp,telnet,RSTO,0,12,0,0,0,0,0,0,0,0,0,0,0,0,0,0,0,0,1,4,0.0,0.25,1.0,0.5,1.0,0.0,0.75,131,102,0.41,0.04,0.01,0.02,0.0,0.0,0.17,0.47,mscan,1,0,NORMAL,0,0
0,tcp,pop_3,RSTO,0,36,0,0,0,0,0,1,0,0,0,0,0,0,0,0,0,0,1,3,0.0,0.0,1.0,0.67,1.0,0.0,1.0,238,60,0.24,0.02,0.0,0.03,0.0,0.0,0.87,0.98,mscan,1,0,NORMAL,0,0
0,udp,other,SF,23,23,0,0,0,0,0,0,0,0,0,0,0,0,0,0,0,0,1,1,0.0,0.0,0.0,0.0,1.0,0.0,0.0,255,2,0.01,0.03,0.01,0.0,0.0,0.0,0.0,0.0,multihop,1,0,NORMAL,0,0
0,tcp,other,REJ,0,0,0,0,0,0,0,0,0,0,0,0,0,0,0,0,0,0,1,1,0.0,0.0,1.0,1.0,1.0,0.0,0.0,255,43,0.17,0.02,0.0,0.0,0.0,0.0,0.15,0.81,httptunnel,1,0,NORMAL,0,0
282,tcp,ftp,SF,166,601,0,0,0,2,0,1,0,0,0,0,0,0,0,0,0,1,1,1,0.0,0.0,0.0,0.0,1.0,0.0,0.0,214,70,0.33,0.03,0.0,0.0,0.0,0.0,0.0,0.0,warezmaster,1,0,NORMAL,0,0
0,tcp,ftp_data,SF,12,0,0,0,0,0,0,0,0,0,0,0,0,0,0,0,0,0,2,2,0.0,0.0,0.0,0.0,1.0,0.0,0.0,2,12,1.0,0.0,1.0,0.25,0.0,0.0,0.0,0.0,warezmaster,1,0,NORMAL,0,0
282,tcp,ftp,SF,154,593,0,0,0,2,0,1,0,0,0,0,0,0,0,0,0,1,1,1,0.0,0.0,0.0,0.0,1.0,0.0,0.0,255,98,0.38,0.03,0.0,0.0,0.0,0.0,0.0,0.0,warezmaster,1,0,NORMAL,0,0
0,tcp,telnet,REJ,0,0,0,0,0,0,0,0,0,0,0,0,0,0,0,0,0,0,1,1,0.0,0.0,1.0,1.0,1.0,0.0,0.0,185,19,0.02,0.04,0.01,0.11,0.0,0.0,0.02,0.58,mscan,1,0,NORMAL,0,0
0,tcp,telnet,SF,122,174,0,0,0,0,1,0,0,0,0,0,0,0,0,0,0,0,1,1,0.0,0.0,0.0,0.0,1.0,0.0,0.0,255,151,0.59,0.02,0.0,0.0,0.0,0.0,0.02,0.03,guess_passwd,1,0,NORMAL,0,0
282,tcp,ftp,SF,162,597,0,0,0,2,0,1,0,0,0,0,0,0,0,0,0,1,1,1,0.0,0.0,0.0,0.0,1.0,0.0,0.0,255,104,0.41,0.03,0.0,0.0,0.0,0.0,0.0,0.0,warezmaster,1,0,NORMAL,0,0
0,tcp,telnet,S3,0,44,0,0,0,0,0,0,0,0,0,0,0,0,0,0,0,0,1,1,1.0,1.0,0.0,0.0,1.0,0.0,0.0,255,107,0.42,0.52,0.0,0.0,0.32,0.77,0.5,0.0,processtable,1,0,NORMAL,0,0
7474,tcp,telnet,SF,0,44,0,0,0,0,0,0,0,0,0,0,0,0,0,0,0,0,1,1,0.0,0.0,0.0,0.0,1.0,0.0,0.0,255,196,0.77,0.02,0.0,0.0,0.34,0.35,0.01,0.01,processtable,1,0,NORMAL,0,0
0,tcp,telnet,SF,123,174,0,0,0,0,1,0,0,0,0,0,0,0,0,0,0,0,1,1,0.0,0.0,0.0,0.0,1.0,0.0,0.0,255,56,0.22,0.02,0.0,0.0,0.0,0.0,0.01,0.04,guess_passwd,1,0,NORMAL,0,0
4,tcp,pop_3,SF,32,93,0,0,0,0,0,1,0,0,0,0,0,0,0,0,0,0,1,1,0.0,0.0,0.0,0.0,1.0,0.0,0.0,170,152,0.89,0.02,0.01,0.01,0.0,0.0,0.06,0.0,guess_passwd,1,0,NORMAL,0,0
282,tcp,ftp,SF,162,597,0,0,0,2,0,1,0,0,0,0,0,0,0,0,0,1,1,1,0.0,0.0,0.0,0.0,1.0,0.0,0.0,255,102,0.4,0.03,0.0,0.0,0.0,0.0,0.0,0.0,warezmaster,1,0,NORMAL,0,0
0,tcp,pop_3,SF,30,217,0,0,0,0,0,1,0,0,0,0,0,0,0,0,0,0,1,1,0.0,0.0,0.0,0.0,1.0,0.0,0.0,22,1,0.05,0.23,0.05,0.0,0.0,0.0,0.0,0.0,guess_passwd,1,0,NORMAL,0,0
1,tcp,smtp,SF,2599,293,0,0,0,0,0,1,0,0,0,0,0,0,0,0,0,0,3,3,0.0,0.0,0.0,0.0,1.0,0.0,0.0,255,234,0.92,0.09,0.0,0.0,0.0,0.0,0.07,0.0,mailbomb,1,0,NORMAL,0,0
0,tcp,ftp_data,SF,12,0,0,0,0,0,0,0,0,0,0,0,0,0,0,0,0,0,2,2,0.0,0.0,0.0,0.0,1.0,0.0,0.0,29,8,0.28,0.07,0.28,0.0,0.0,0.0,0.0,0.0,warezmaster,1,0,NORMAL,0,0
0,tcp,http,S0,0,0,0,0,0,0,0,0,0,0,0,0,0,0,0,0,0,0,36,36,0.83,0.83,0.14,0.14,1.0,0.0,0.0,255,255,1.0,0.0,0.0,0.0,0.17,0.17,0.7,0.7,apache2,1,0,NORMAL,0,0
0,tcp,telnet,SF,124,174,0,0,0,0,1,0,0,0,0,0,0,0,0,0,0,0,1,1,0.0,0.0,0.0,0.0,1.0,0.0,0.0,255,255,1.0,0.0,0.0,0.0,0.01,0.01,0.02,0.02,guess_passwd,1,0,NORMAL,0,0
0,tcp,http,REJ,0,0,0,0,0,0,0,0,0,0,0,0,0,0,0,0,0,0,1,1,0.0,0.0,1.0,1.0,1.0,0.0,0.0,255,26,0.1,0.89,0.0,0.0,0.13,0.0,0.87,1.0,normal,0,1,ATTACK,1,0
0,tcp,telnet,SF,124,174,0,0,0,0,1,0,0,0,0,0,0,0,0,0,0,0,1,1,0.0,0.0,0.0,0.0,1.0,0.0,0.0,255,24,0.09,0.02,0.0,0.0,0.0,0.0,0.0,0.04,guess_passwd,1,0,NORMAL,0,0
1,tcp,smtp,SF,2599,293,0,0,0,0,0,1,0,0,0,0,0,0,0,0,0,0,3,3,0.0,0.0,0.0,0.0,1.0,0.0,0.0,255,235,0.92,0.08,0.0,0.0,0.0,0.0,0.07,0.0,mailbomb,1,0,NORMAL,0,0
0,tcp,telnet,S3,0,44,0,0,0,0,0,0,0,0,0,0,0,0,0,0,0,0,1,1,1.0,1.0,0.0,0.0,1.0,0.0,0.0,255,115,0.45,0.02,0.0,0.0,0.53,0.36,0.01,0.01,processtable,1,0,NORMAL,0,0
0,tcp,telnet,S3,0,44,0,0,0,0,0,0,0,0,0,0,0,0,0,0,0,0,1,1,1.0,1.0,0.0,0.0,1.0,0.0,0.0,255,75,0.29,0.63,0.0,0.0,0.2,0.67,0.61,0.0,processtable,1,0,NORMAL,0,0
0,tcp,telnet,SF,124,174,0,0,0,0,1,0,0,0,0,0,0,0,0,0,0,0,1,1,0.0,0.0,0.0,0.0,1.0,0.0,0.0,255,242,0.95,0.01,0.0,0.0,0.0,0.0,0.02,0.02,guess_passwd,1,0,NORMAL,0,0
0,udp,private,SF,44,0,0,0,0,0,0,0,0,0,0,0,0,0,0,0,0,0,2,2,0.0,0.0,0.0,0.0,1.0,0.0,0.0,255,254,1.0,0.01,0.0,0.0,0.0,0.0,0.0,0.0,snmpguess,1,0,NORMAL,0,0
2,tcp,smtp,SF,4485,1124,0,0,0,0,0,1,0,0,0,1,0,0,1,0,0,0,1,1,0.0,0.0,0.0,0.0,1.0,0.0,0.0,255,9,0.04,0.01,0.0,0.0,0.0,0.0,0.0,0.0,sendmail,1,0,NORMAL,0,0
1,tcp,smtp,SF,2599,261,0,0,0,0,0,1,0,0,0,0,0,0,0,0,0,0,1,1,0.0,0.0,0.0,0.0,1.0,0.0,0.0,255,244,0.96,0.04,0.0,0.0,0.0,0.0,0.04,0.0,mailbomb,1,0,NORMAL,0,0
4,tcp,pop_3,SF,28,93,0,0,0,0,0,1,0,0,0,0,0,0,0,0,0,0,1,1,0.0,0.0,0.0,0.0,1.0,0.0,0.0,108,93,0.85,0.03,0.01,0.02,0.0,0.0,0.09,0.0,guess_passwd,1,0,NORMAL,0,0
281,tcp,ftp,SF,165,601,0,0,0,2,0,1,0,0,0,0,0,0,0,0,0,1,1,1,0.0,0.0,0.0,0.0,1.0,0.0,0.0,227,75,0.33,0.03,0.0,0.0,0.0,0.0,0.0,0.0,warezmaster,1,0,NORMAL,0,0
0,tcp,ftp,SF,26,157,0,0,0,0,1,0,0,0,0,0,0,0,0,0,0,1,1,1,0.0,0.0,0.0,0.0,1.0,0.0,0.0,69,39,0.57,0.06,0.01,0.0,0.0,0.0,0.0,0.0,guess_passwd,1,0,NORMAL,0,0
283,tcp,ftp,SF,160,599,0,0,0,2,0,1,0,0,0,0,0,0,0,0,0,1,1,1,0.0,0.0,0.0,0.0,1.0,0.0,0.0,255,49,0.19,0.03,0.0,0.0,0.18,0.0,0.02,0.0,warezmaster,1,0,NORMAL,0,0
0,tcp,ftp,SF,26,157,0,0,0,0,1,0,0,0,0,0,0,0,0,0,0,1,2,2,0.0,0.0,0.0,0.0,1.0,0.0,0.0,208,100,0.48,0.03,0.0,0.0,0.0,0.0,0.0,0.0,guess_passwd,1,0,NORMAL,0,0
1,tcp,smtp,SF,2599,293,0,0,0,0,0,1,0,0,0,0,0,0,0,0,0,0,2,2,0.0,0.0,0.0,0.0,1.0,0.0,0.0,255,46,0.18,0.16,0.0,0.0,0.0,0.0,0.8,0.0,mailbomb,1,0,NORMAL,0,0
0,tcp,http,S0,0,0,0,0,0,0,0,0,0,0,0,0,0,0,0,0,0,0,41,41,0.85,0.85,0.12,0.12,1.0,0.0,0.0,255,255,1.0,0.0,0.0,0.0,0.19,0.19,0.7,0.7,apache2,1,0,NORMAL,0,0
0,tcp,telnet,S3,0,44,0,0,0,0,0,0,0,0,0,0,0,0,0,0,0,0,1,1,1.0,1.0,0.0,0.0,1.0,0.0,0.0,255,130,0.51,0.03,0.0,0.0,0.21,0.42,0.11,0.1,processtable,1,0,NORMAL,0,0
0,tcp,other,REJ,0,0,0,0,0,0,0,0,0,0,0,0,0,0,0,0,0,0,1,1,0.0,0.0,1.0,1.0,1.0,0.0,0.0,80,4,0.05,0.04,0.01,0.0,0.0,0.0,0.05,1.0,httptunnel,1,0,NORMAL,0,0
8096,tcp,telnet,SF,0,15,0,0,0,0,0,0,0,0,0,0,0,0,0,0,0,0,1,1,0.0,0.0,0.0,0.0,1.0,0.0,0.0,255,66,0.26,0.03,0.0,0.0,0.0,0.02,0.11,0.2,processtable,1,0,NORMAL,0,0
0,tcp,telnet,SF,126,174,0,0,0,0,1,0,0,0,0,0,0,0,0,0,0,0,1,1,0.0,0.0,0.0,0.0,1.0,0.0,0.0,255,226,0.89,0.02,0.0,0.0,0.0,0.0,0.02,0.03,guess_passwd,1,0,NORMAL,0,0
281,tcp,ftp,SF,164,599,0,0,0,2,0,1,0,0,0,0,0,0,0,0,0,1,1,1,0.0,0.0,0.0,0.0,1.0,0.0,0.0,210,69,0.33,0.03,0.0,0.0,0.0,0.0,0.0,0.0,warezmaster,1,0,NORMAL,0,0
4,tcp,pop_3,SF,31,93,0,0,0,0,0,1,0,0,0,0,0,0,0,0,0,0,1,1,0.0,0.0,0.0,0.0,1.0,0.0,0.0,182,163,0.9,0.02,0.01,0.0,0.0,0.0,0.05,0.0,guess_passwd,1,0,NORMAL,0,0
7646,tcp,telnet,SF,0,44,0,0,0,0,0,0,0,0,0,0,0,0,0,0,0,0,1,1,0.0,0.0,0.0,0.0,1.0,0.0,0.0,255,168,0.66,0.02,0.0,0.0,0.49,0.48,0.01,0.01,processtable,1,0,NORMAL,0,0
0,tcp,other,REJ,0,0,0,0,0,0,0,0,0,0,0,0,0,0,0,0,0,0,1,1,0.0,0.0,1.0,1.0,1.0,0.0,0.0,255,19,0.07,0.01,0.0,0.0,0.0,0.0,0.05,0.68,httptunnel,1,0,NORMAL,0,0
0,tcp,ftp_data,SF,12,0,0,0,0,0,0,0,0,0,0,0,0,0,0,0,0,0,1,1,0.0,0.0,0.0,0.0,1.0,0.0,0.0,6,5,0.83,0.33,0.83,0.0,0.0,0.0,0.0,0.0,warezmaster,1,0,NORMAL,0,0
7350,tcp,telnet,SF,0,44,0,0,0,0,0,0,0,0,0,0,0,0,0,0,0,0,1,1,0.0,0.0,0.0,0.0,1.0,0.0,0.0,255,226,0.89,0.02,0.0,0.0,0.27,0.31,0.01,0.0,processtable,1,0,NORMAL,0,0
0,udp,private,SF,105,146,0,0,0,0,0,0,0,0,0,0,0,0,0,0,0,0,4,2,0.0,0.0,0.0,0.0,0.5,0.5,0.0,255,254,1.0,0.01,0.0,0.0,0.0,0.0,0.0,0.0,snmpgetattack,1,0,NORMAL,0,0
282,tcp,ftp,SF,162,599,0,0,0,2,0,1,0,0,0,0,0,0,0,0,0,1,1,1,0.0,0.0,0.0,0.0,1.0,0.0,0.0,255,17,0.07,0.94,0.0,0.0,0.0,0.0,0.93,0.0,warezmaster,1,0,NORMAL,0,0
5,tcp,pop_3,SF,32,93,0,0,0,0,0,1,0,0,0,0,0,0,0,0,0,0,1,1,0.0,0.0,0.0,0.0,1.0,0.0,0.0,194,175,0.9,0.02,0.01,0.0,0.0,0.0,0.05,0.0,guess_passwd,1,0,NORMAL,0,0
0,tcp,sunrpc,REJ,0,0,0,0,0,0,0,0,0,0,0,0,0,0,0,0,0,0,1,11,0.0,0.0,1.0,1.0,1.0,0.0,1.0,36,52,0.19,0.14,0.03,0.04,0.0,0.0,0.86,1.0,mscan,1,0,NORMAL,0,0
4,tcp,pop_3,SF,28,93,0,0,0,0,0,1,0,0,0,0,0,0,0,0,0,0,1,1,0.0,0.0,0.0,0.0,1.0,0.0,0.0,159,141,0.88,0.02,0.01,0.01,0.0,0.0,0.06,0.0,guess_passwd,1,0,NORMAL,0,0
0,udp,private,SF,105,146,0,0,0,0,0,0,0,0,0,0,0,0,0,0,0,0,2,2,0.0,0.0,0.0,0.0,1.0,0.0,0.0,255,255,1.0,0.0,0.01,0.0,0.0,0.0,0.0,0.0,snmpgetattack,1,0,NORMAL,0,0
896,tcp,http,RSTR,2484,0,0,0,0,0,0,1,0,0,0,0,0,0,0,0,0,0,85,85,0.01,0.01,0.98,0.98,1.0,0.0,0.0,255,255,1.0,0.0,0.0,0.0,0.0,0.0,0.33,0.33,apache2,1,0,NORMAL,0,0
0,tcp,telnet,RSTO,0,15,0,0,0,0,0,0,0,0,0,0,0,0,0,0,0,0,1,3,0.0,0.0,1.0,0.67,1.0,0.0,0.67,158,85,0.33,0.03,0.01,0.02,0.0,0.0,0.89,0.68,mscan,1,0,NORMAL,0,0
4,tcp,pop_3,SF,28,93,0,0,0,0,0,1,0,0,0,0,0,0,0,0,0,0,1,1,0.0,0.0,0.0,0.0,1.0,0.0,0.0,255,211,0.83,0.02,0.0,0.0,0.0,0.0,0.04,0.0,guess_passwd,1,0,NORMAL,0,0
0,tcp,telnet,SF,122,174,0,0,0,0,1,0,0,0,0,0,0,0,0,0,0,0,1,1,0.0,0.0,0.0,0.0,1.0,0.0,0.0,255,84,0.33,0.02,0.0,0.0,0.0,0.0,0.01,0.04,guess_passwd,1,0,NORMAL,0,0
0,tcp,telnet,SF,125,174,0,0,0,0,1,0,0,0,0,0,0,0,0,0,0,0,1,1,0.0,0.0,0.0,0.0,1.0,0.0,0.0,255,47,0.18,0.02,0.0,0.0,0.0,0.0,0.01,0.04,guess_passwd,1,0,NORMAL,0,0
0,tcp,other,REJ,0,0,0,0,0,0,0,0,0,0,0,0,0,0,0,0,0,0,1,1,0.0,0.0,1.0,1.0,1.0,0.0,0.0,255,16,0.06,0.01,0.0,0.0,0.0,0.0,0.04,0.62,httptunnel,1,0,NORMAL,0,0
897,tcp,http,RSTR,3904,0,0,0,0,0,0,1,0,0,0,0,0,0,0,0,0,0,28,28,0.18,0.18,0.82,0.82,1.0,0.0,0.0,255,255,1.0,0.0,0.0,0.0,0.03,0.03,0.67,0.67,apache2,1,0,NORMAL,0,0
0,udp,private,SF,1,0,0,0,0,0,0,0,0,0,0,0,0,0,0,0,0,0,485,2,0.0,0.0,0.0,0.0,0.0,1.0,0.0,255,2,0.01,0.99,1.0,0.0,0.0,0.0,0.0,0.0,normal,0,1,ATTACK,1,0
4,tcp,pop_3,SF,32,93,0,0,0,0,0,1,0,0,0,0,0,0,0,0,0,0,1,1,0.0,0.0,0.0,0.0,1.0,0.0,0.0,13,14,1.0,0.0,0.08,0.14,0.0,0.0,0.0,0.0,guess_passwd,1,0,NORMAL,0,0
3,tcp,telnet,RSTO,0,15,0,0,0,0,0,0,0,0,0,0,0,0,0,0,0,0,1,6,0.0,0.17,1.0,0.33,1.0,0.0,0.67,89,85,0.34,0.06,0.01,0.02,0.02,0.0,0.85,0.69,mscan,1,0,NORMAL,0,0
1,tcp,smtp,SF,2599,293,0,0,0,0,0,1,0,0,0,0,0,0,0,0,0,0,2,2,0.0,0.0,0.0,0.0,1.0,0.0,0.0,255,62,0.24,0.14,0.0,0.0,0.0,0.0,0.74,0.0,mailbomb,1,0,NORMAL,0,0
0,udp,private,SF,48,0,0,0,0,0,0,0,0,0,0,0,0,0,0,0,0,0,5,5,0.0,0.0,0.0,0.0,1.0,0.0,0.0,255,255,1.0,0.0,0.01,0.0,0.0,0.0,0.0,0.0,snmpguess,1,0,NORMAL,0,0
0,tcp,telnet,S3,0,44,0,0,0,0,0,0,0,0,0,0,0,0,0,0,0,0,1,1,1.0,1.0,0.0,0.0,1.0,0.0,0.0,255,123,0.48,0.47,0.0,0.0,0.37,0.77,0.46,0.02,processtable,1,0,NORMAL,0,0
1,tcp,smtp,SF,2599,293,0,0,0,0,0,1,0,0,0,0,0,0,0,0,0,0,2,2,0.0,0.0,0.0,0.0,1.0,0.0,0.0,255,190,0.75,0.13,0.0,0.0,0.0,0.0,0.24,0.0,mailbomb,1,0,NORMAL,0,0
4,tcp,pop_3,SF,27,93,0,0,0,0,0,1,0,0,0,0,0,0,0,0,0,0,1,1,0.0,0.0,0.0,0.0,1.0,0.0,0.0,183,164,0.9,0.02,0.01,0.0,0.0,0.0,0.05,0.0,guess_passwd,1,0,NORMAL,0,0
4,tcp,pop_3,SF,30,93,0,0,0,0,0,1,0,0,0,0,0,0,0,0,0,0,1,1,0.0,0.0,0.0,0.0,1.0,0.0,0.0,255,247,0.97,0.01,0.0,0.0,0.0,0.0,0.02,0.0,guess_passwd,1,0,NORMAL,0,0
7658,tcp,telnet,SF,0,44,0,0,0,0,0,0,0,0,0,0,0,0,0,0,0,0,1,1,0.0,0.0,0.0,0.0,1.0,0.0,0.0,255,166,0.65,0.02,0.0,0.0,0.51,0.49,0.01,0.01,processtable,1,0,NORMAL,0,0
0,udp,private,SF,28,0,0,3,0,0,0,0,0,0,0,0,0,0,0,0,0,0,72,72,0.0,0.0,0.0,0.0,1.0,0.0,0.0,92,72,0.78,0.03,0.78,0.0,0.0,0.0,0.0,0.0,normal,0,1,ATTACK,1,0
5,tcp,pop_3,SF,26,93,0,0,0,0,0,1,0,0,0,0,0,0,0,0,0,0,1,1,0.0,0.0,0.0,0.0,1.0,0.0,0.0,181,162,0.9,0.02,0.01,0.0,0.0,0.0,0.06,0.0,guess_passwd,1,0,NORMAL,0,0
7344,tcp,telnet,SF,0,44,0,0,0,0,0,0,0,0,0,0,0,0,0,0,0,0,1,1,0.0,0.0,0.0,0.0,1.0,0.0,0.0,255,233,0.91,0.02,0.0,0.0,0.33,0.36,0.1,0.05,processtable,1,0,NORMAL,0,0
4,tcp,pop_3,SF,32,93,0,0,0,0,0,1,0,0,0,0,0,0,0,0,0,0,1,1,0.0,0.0,0.0,0.0,1.0,0.0,0.0,255,238,0.93,0.01,0.0,0.0,0.0,0.0,0.04,0.0,guess_passwd,1,0,NORMAL,0,0
4,tcp,pop_3,SF,26,93,0,0,0,0,0,1,0,0,0,0,0,0,0,0,0,0,1,1,0.0,0.0,0.0,0.0,1.0,0.0,0.0,221,202,0.91,0.01,0.0,0.0,0.0,0.0,0.05,0.0,guess_passwd,1,0,NORMAL,0,0
0,tcp,http,S0,0,0,0,0,0,0,0,0,0,0,0,0,0,0,0,0,0,0,10,10,1.0,1.0,0.0,0.0,1.0,0.0,0.0,255,244,0.96,0.01,0.0,0.0,0.07,0.08,0.56,0.59,apache2,1,0,NORMAL,0,0
0,tcp,telnet,S3,0,44,0,0,0,0,0,0,0,0,0,0,0,0,0,0,0,0,1,1,1.0,1.0,0.0,0.0,1.0,0.0,0.0,255,149,0.58,0.03,0.0,0.0,0.29,0.5,0.11,0.09,processtable,1,0,NORMAL,0,0
2,tcp,telnet,RSTO,0,15,0,0,0,0,0,0,0,0,0,0,0,0,0,0,0,0,1,7,0.0,0.0,1.0,0.57,1.0,0.0,0.57,167,88,0.32,0.03,0.01,0.02,0.01,0.0,0.89,0.66,mscan,1,0,NORMAL,0,0
0,tcp,other,RSTR,0,0,0,0,0,0,0,0,0,0,0,0,0,0,0,0,0,0,1,1,0.0,0.0,1.0,1.0,1.0,0.0,0.0,255,1,0.0,0.81,0.8,0.0,0.0,0.0,0.8,1.0,normal,0,1,ATTACK,1,0
0,udp,private,SF,105,146,0,0,0,0,0,0,0,0,0,0,0,0,0,0,0,0,2,2,0.0,0.0,0.0,0.0,1.0,0.0,0.0,255,254,1.0,0.01,0.0,0.0,0.0,0.0,0.0,0.0,snmpgetattack,1,0,NORMAL,0,0
0,tcp,pop_3,SF,30,217,0,0,0,0,0,1,0,0,0,0,0,0,0,0,0,0,1,1,0.0,0.0,0.0,0.0,1.0,0.0,0.0,255,3,0.01,0.02,0.0,0.0,0.0,0.0,0.01,0.0,guess_passwd,1,0,NORMAL,0,0
3,tcp,pop_3,SF,30,93,0,0,0,0,0,1,0,0,0,0,0,0,0,0,0,0,1,1,0.0,0.0,0.0,0.0,1.0,0.0,0.0,255,246,0.96,0.01,0.0,0.0,0.0,0.0,0.0,0.0,guess_passwd,1,0,NORMAL,0,0
0,udp,private,SF,50,0,0,0,0,0,0,0,0,0,0,0,0,0,0,0,0,0,1,1,0.0,0.0,0.0,0.0,1.0,0.0,0.0,255,255,1.0,0.0,0.01,0.0,0.0,0.0,0.0,0.0,snmpguess,1,0,NORMAL,0,0
4,tcp,pop_3,SF,26,93,0,0,0,0,0,1,0,0,0,0,0,0,0,0,0,0,1,1,0.0,0.0,0.0,0.0,1.0,0.0,0.0,6,9,1.0,0.0,0.17,0.33,0.0,0.0,0.0,0.0,guess_passwd,1,0,NORMAL,0,0
7510,tcp,telnet,SF,0,44,0,0,0,0,0,0,0,0,0,0,0,0,0,0,0,0,1,1,0.0,0.0,0.0,0.0,1.0,0.0,0.0,255,180,0.71,0.27,0.0,0.0,0.5,0.71,0.27,0.01,processtable,1,0,NORMAL,0,0
282,tcp,ftp,SF,164,599,0,0,0,2,0,1,0,0,0,0,0,0,0,0,0,1,1,1,0.0,0.0,0.0,0.0,1.0,0.0,0.0,255,18,0.07,0.93,0.0,0.0,0.0,0.0,0.93,0.0,warezmaster,1,0,NORMAL,0,0
3,tcp,telnet,RSTO,0,15,0,0,0,0,0,0,0,0,0,0,0,0,0,0,0,0,1,6,0.0,0.17,1.0,0.5,1.0,0.0,0.67,253,10,0.04,0.03,0.0,0.0,0.0,0.0,0.1,0.8,mscan,1,0,NORMAL,0,0
5,tcp,pop_3,SF,32,93,0,0,0,0,0,1,0,0,0,0,0,0,0,0,0,0,1,1,0.0,0.0,0.0,0.0,1.0,0.0,0.0,255,140,0.55,0.02,0.0,0.0,0.0,0.0,0.17,0.02,guess_passwd,1,0,NORMAL,0,0
8040,tcp,telnet,SF,0,44,0,0,0,0,0,0,0,0,0,0,0,0,0,0,0,0,1,1,0.0,0.0,0.0,0.0,1.0,0.0,0.0,255,78,0.31,0.03,0.0,0.0,0.01,0.03,0.11,0.17,processtable,1,0,NORMAL,0,0
0,tcp,telnet,S3,0,44,0,0,0,0,0,0,0,0,0,0,0,0,0,0,0,0,1,1,1.0,1.0,0.0,0.0,1.0,0.0,0.0,255,73,0.29,0.64,0.0,0.0,0.19,0.66,0.62,0.0,processtable,1,0,NORMAL,0,0
0,tcp,telnet,S3,0,44,0,0,0,0,0,0,0,0,0,0,0,0,0,0,0,0,1,1,1.0,1.0,0.0,0.0,1.0,0.0,0.0,255,74,0.29,0.63,0.0,0.0,0.19,0.66,0.62,0.0,processtable,1,0,NORMAL,0,0
4,tcp,pop_3,SF,32,93,0,0,0,0,0,1,0,0,0,0,0,0,0,0,0,0,1,1,0.0,0.0,0.0,0.0,1.0,0.0,0.0,113,98,0.86,0.03,0.01,0.02,0.0,0.0,0.09,0.0,guess_passwd,1,0,NORMAL,0,0
0,tcp,telnet,S3,0,44,0,0,0,0,0,0,0,0,0,0,0,0,0,0,0,0,1,1,1.0,1.0,0.0,0.0,1.0,0.0,0.0,255,118,0.46,0.49,0.0,0.0,0.35,0.75,0.48,0.02,processtable,1,0,NORMAL,0,0
11,tcp,smtp,SF,2599,293,0,0,0,0,0,1,0,0,0,0,0,0,0,0,0,0,2,2,0.0,0.0,0.0,0.0,1.0,0.0,0.0,255,246,0.96,0.04,0.0,0.0,0.0,0.0,0.04,0.0,mailbomb,1,0,NORMAL,0,0
0,udp,private,SF,105,147,0,0,0,0,0,0,0,0,0,0,0,0,0,0,0,0,3,3,0.0,0.0,0.0,0.0,1.0,0.0,0.0,255,253,0.99,0.01,0.0,0.0,0.0,0.0,0.0,0.0,snmpgetattack,1,0,NORMAL,0,0
0,tcp,telnet,S1,0,0,0,0,0,0,0,0,0,0,0,0,0,0,0,0,0,0,4,19,0.25,0.32,0.75,0.26,0.5,0.75,0.63,61,85,0.33,0.08,0.02,0.02,0.02,0.01,0.89,0.69,mscan,1,0,NORMAL,0,0
8200,tcp,telnet,SF,0,15,0,0,0,0,0,0,0,0,0,0,0,0,0,0,0,0,1,1,0.0,0.0,0.0,0.0,1.0,0.0,0.0,255,39,0.15,0.04,0.0,0.0,0.0,0.03,0.08,0.26,processtable,1,0,NORMAL,0,0
4,tcp,pop_3,SF,26,93,0,0,0,0,0,1,0,0,0,0,0,0,0,0,0,0,1,1,0.0,0.0,0.0,0.0,1.0,0.0,0.0,229,210,0.92,0.01,0.0,0.0,0.0,0.0,0.04,0.0,guess_passwd,1,0,NORMAL,0,0
282,tcp,ftp,SF,154,593,0,0,0,2,0,1,0,0,0,0,0,0,0,0,0,1,1,1,0.0,0.0,0.0,0.0,1.0,0.0,0.0,16,14,0.88,0.12,0.06,0.0,0.0,0.0,0.0,0.0,warezmaster,1,0,NORMAL,0,0
8068,tcp,telnet,S3,1,15,0,0,0,0,0,0,0,0,0,0,0,0,0,0,0,0,1,1,1.0,1.0,0.0,0.0,1.0,0.0,0.0,255,42,0.16,0.74,0.0,0.0,0.07,0.4,0.73,0.0,processtable,1,0,NORMAL,0,0
0,tcp,ftp,SF,26,157,0,0,0,0,1,0,0,0,0,0,0,0,0,0,0,1,1,1,0.0,0.0,0.0,0.0,1.0,0.0,0.0,176,83,0.47,0.03,0.01,0.0,0.0,0.0,0.0,0.0,guess_passwd,1,0,NORMAL,0,0
0,tcp,telnet,SF,125,174,0,0,0,0,1,0,0,0,0,0,0,0,0,0,0,0,2,2,0.0,0.0,0.0,0.0,1.0,0.0,0.0,255,255,1.0,0.0,0.0,0.0,0.01,0.01,0.02,0.02,guess_passwd,1,0,NORMAL,0,0
282,tcp,ftp,SF,164,599,0,0,0,2,0,1,0,0,0,0,0,0,0,0,0,1,1,1,0.0,0.0,0.0,0.0,1.0,0.0,0.0,255,17,0.07,0.94,0.0,0.0,0.0,0.0,0.93,0.0,warezmaster,1,0,NORMAL,0,0
1,tcp,pop_3,RSTO,0,36,0,0,0,0,0,1,0,0,0,0,0,0,0,0,0,0,2,4,0.0,0.0,0.5,1.0,0.5,1.0,1.0,66,60,0.26,0.08,0.02,0.03,0.0,0.0,0.89,1.0,mscan,1,0,NORMAL,0,0
1016,tcp,http,RSTR,3904,0,0,0,0,0,0,1,0,0,0,0,0,0,0,0,0,0,28,28,0.29,0.29,0.71,0.71,1.0,0.0,0.0,255,255,1.0,0.0,0.0,0.0,0.05,0.05,0.69,0.69,apache2,1,0,NORMAL,0,0
1,tcp,smtp,SF,2599,293,0,0,0,0,0,1,0,0,0,0,0,0,0,0,0,0,2,2,0.0,0.0,0.0,0.0,1.0,0.0,0.0,255,22,0.09,0.16,0.0,0.0,0.0,0.0,0.89,0.0,mailbomb,1,0,NORMAL,0,0
0,udp,private,SF,1,1,0,0,0,0,0,0,0,0,0,0,0,0,0,0,0,0,13,12,0.0,0.0,0.0,0.0,0.92,0.15,0.0,255,23,0.09,0.85,0.16,0.0,0.04,0.0,0.77,0.0,normal,0,1,ATTACK,1,0
8168,tcp,telnet,SF,0,15,0,0,0,0,0,0,0,0,0,0,0,0,0,0,0,0,1,1,0.0,0.0,0.0,0.0,1.0,0.0,0.0,255,72,0.28,0.02,0.0,0.0,0.72,0.67,0.01,0.03,processtable,1,0,NORMAL,0,0
4,tcp,pop_3,SF,28,93,0,0,0,0,0,1,0,0,0,0,0,0,0,0,0,0,1,2,0.0,0.0,0.0,0.0,1.0,0.0,1.0,255,246,0.96,0.01,0.0,0.0,0.0,0.0,0.0,0.0,guess_passwd,1,0,NORMAL,0,0
0,icmp,ecr_i,SF,1480,0,0,1,0,0,0,0,0,0,0,0,0,0,0,0,0,0,9,9,0.0,0.0,0.0,0.0,1.0,0.0,0.0,255,9,0.04,0.02,0.04,0.0,0.0,0.0,0.0,0.0,normal,0,1,ATTACK,1,0
0,tcp,pop_3,RSTO,0,36,0,0,0,0,0,1,0,0,0,0,0,0,0,0,0,0,1,1,0.0,0.0,1.0,1.0,1.0,0.0,0.0,255,51,0.2,0.02,0.0,0.0,0.0,0.0,0.74,0.98,mscan,1,0,NORMAL,0,0
0,tcp,ftp_data,SF,12,0,0,0,0,0,0,0,0,0,0,0,0,0,0,0,0,0,1,1,0.0,0.0,0.0,0.0,1.0,0.0,0.0,3,17,1.0,0.0,1.0,0.18,0.0,0.06,0.0,0.0,warezmaster,1,0,NORMAL,0,0
4,tcp,pop_3,SF,32,93,0,0,0,0,0,1,0,0,0,0,0,0,0,0,0,0,1,1,0.0,0.0,0.0,0.0,1.0,0.0,0.0,200,181,0.9,0.01,0.0,0.0,0.0,0.0,0.05,0.0,guess_passwd,1,0,NORMAL,0,0
0,tcp,telnet,SF,0,0,0,0,0,0,0,0,0,0,0,0,0,0,0,0,0,0,1,9,0.0,0.11,0.0,0.44,1.0,0.0,0.67,60,87,0.32,0.08,0.02,0.02,0.03,0.0,0.87,0.67,mscan,1,0,NORMAL,0,0
1,tcp,smtp,SF,2599,293,0,0,0,0,0,1,0,0,0,0,0,0,0,0,0,0,4,3,0.0,0.0,0.25,0.0,0.75,0.5,0.0,255,150,0.59,0.13,0.0,0.0,0.0,0.0,0.4,0.0,mailbomb,1,0,NORMAL,0,0
8144,tcp,telnet,SF,0,15,0,0,0,0,0,0,0,0,0,0,0,0,0,0,0,0,1,1,0.0,0.0,0.0,0.0,1.0,0.0,0.0,255,77,0.3,0.02,0.0,0.0,0.7,0.62,0.01,0.03,processtable,1,0,NORMAL,0,0
0,tcp,http,SF,54540,8314,0,0,0,2,0,1,1,0,0,0,0,0,0,0,0,0,4,10,0.0,0.0,0.0,0.0,1.0,0.0,0.3,255,251,0.98,0.01,0.0,0.0,0.0,0.0,0.0,0.0,back,1,0,NORMAL,0,0
280,tcp,ftp_data,SF,283618,0,0,0,0,0,0,0,0,0,0,0,0,0,0,0,0,0,2,2,0.0,0.0,0.0,0.0,1.0,0.0,0.0,7,22,0.86,0.29,0.86,0.14,0.0,0.0,0.0,0.0,warezmaster,1,0,NORMAL,0,0
0,tcp,sunrpc,REJ,0,0,0,0,0,0,0,0,0,0,0,0,0,0,0,0,0,0,1,3,0.0,0.0,1.0,1.0,1.0,0.0,1.0,177,49,0.18,0.03,0.01,0.04,0.0,0.0,0.89,1.0,mscan,1,0,NORMAL,0,0
0,tcp,http,REJ,0,0,0,0,0,0,0,0,0,0,0,0,0,0,0,0,0,0,1,1,0.0,0.0,1.0,1.0,1.0,0.0,0.0,255,26,0.1,0.9,0.0,0.0,0.14,0.0,0.86,1.0,normal,0,1,ATTACK,1,0
0,icmp,ecr_i,SF,40008,0,0,0,0,0,0,0,0,0,0,0,0,0,0,0,0,0,3,3,0.0,0.0,0.0,0.0,1.0,0.0,0.0,102,102,1.0,0.0,1.0,0.0,0.0,0.0,0.0,0.0,normal,0,1,ATTACK,1,0
0,tcp,http,S0,0,0,0,0,0,0,0,0,0,0,0,0,0,0,0,0,0,0,11,11,1.0,1.0,0.0,0.0,1.0,0.0,0.0,255,244,0.96,0.01,0.0,0.0,0.08,0.08,0.56,0.59,apache2,1,0,NORMAL,0,0
0,udp,private,SF,105,146,0,0,0,0,0,0,0,0,0,0,0,0,0,0,0,0,1,1,0.0,0.0,0.0,0.0,1.0,0.0,0.0,13,13,1.0,0.0,0.08,0.0,0.0,0.0,0.0,0.0,snmpgetattack,1,0,NORMAL,0,0
0,tcp,telnet,SF,124,174,0,0,0,0,1,0,0,0,0,0,0,0,0,0,0,0,2,2,0.0,0.0,0.0,0.0,1.0,0.0,0.0,255,248,0.97,0.01,0.0,0.0,0.0,0.0,0.02,0.02,guess_passwd,1,0,NORMAL,0,0
0,tcp,telnet,SF,122,174,0,0,0,0,1,0,0,0,0,0,0,0,0,0,0,0,1,1,0.0,0.0,0.0,0.0,1.0,0.0,0.0,255,172,0.67,0.02,0.0,0.0,0.0,0.0,0.02,0.03,guess_passwd,1,0,NORMAL,0,0
0,tcp,telnet,S3,0,44,0,0,0,0,0,0,0,0,0,0,0,0,0,0,0,0,1,1,1.0,1.0,0.0,0.0,1.0,0.0,0.0,255,136,0.53,0.02,0.0,0.0,0.53,0.46,0.01,0.01,processtable,1,0,NORMAL,0,0
0,tcp,other,REJ,0,0,0,0,0,0,0,0,0,0,0,0,0,0,0,0,0,0,1,1,0.0,0.0,1.0,1.0,1.0,0.0,0.0,255,48,0.19,0.02,0.0,0.0,0.0,0.0,0.17,0.83,httptunnel,1,0,NORMAL,0,0
0,tcp,ftp_data,SF,12,0,0,0,0,0,0,0,0,0,0,0,0,0,0,0,0,0,2,2,0.0,0.0,0.0,0.0,1.0,0.0,0.0,10,36,1.0,0.0,1.0,0.11,0.0,0.0,0.0,0.0,warezmaster,1,0,NORMAL,0,0
4,tcp,pop_3,SF,31,93,0,0,0,0,0,1,0,0,0,0,0,0,0,0,0,0,1,1,0.0,0.0,0.0,0.0,1.0,0.0,0.0,255,209,0.82,0.02,0.0,0.0,0.0,0.0,0.07,0.0,guess_passwd,1,0,NORMAL,0,0
0,tcp,telnet,SF,125,174,0,0,0,0,1,0,0,0,0,0,0,0,0,0,0,0,1,1,0.0,0.0,0.0,0.0,1.0,0.0,0.0,255,94,0.37,0.02,0.0,0.0,0.0,0.0,0.01,0.03,guess_passwd,1,0,NORMAL,0,0
3,tcp,telnet,SF,191,12615,0,0,0,0,0,1,0,1,0,3,0,0,0,0,0,0,1,1,0.0,0.0,0.0,0.0,1.0,0.0,0.0,255,7,0.03,0.02,0.0,0.0,0.01,0.14,0.01,0.43,sendmail,1,0,NORMAL,0,0
0,tcp,telnet,SF,125,174,0,0,0,0,1,0,0,0,0,0,0,0,0,0,0,0,2,2,0.0,0.0,0.0,0.0,1.0,0.0,0.0,255,250,0.98,0.01,0.0,0.0,0.0,0.0,0.02,0.02,guess_passwd,1,0,NORMAL,0,0
283,tcp,ftp,SF,164,601,0,0,0,2,0,1,0,0,0,0,0,0,0,0,0,1,1,1,0.0,0.0,0.0,0.0,1.0,0.0,0.0,255,60,0.24,0.03,0.0,0.0,0.11,0.0,0.02,0.0,warezmaster,1,0,NORMAL,0,0
23,tcp,ftp,SF,146,650,0,0,0,2,1,1,0,0,0,0,0,0,0,0,1,0,1,1,0.0,0.0,0.0,0.0,1.0,0.0,0.0,3,1,0.33,0.67,0.33,0.0,0.0,0.0,0.0,0.0,ps,1,0,NORMAL,0,0
0,icmp,urp_i,SF,36,0,0,0,0,0,0,0,0,0,0,0,0,0,0,0,0,0,2,2,0.0,0.0,0.0,0.0,1.0,0.0,0.0,9,9,1.0,0.0,1.0,0.0,0.0,0.0,0.0,0.0,snmpguess,1,0,NORMAL,0,0
0,tcp,telnet,REJ,0,0,0,0,0,0,0,0,0,0,0,0,0,0,0,0,0,0,1,15,0.0,0.2,1.0,0.6,1.0,0.0,0.87,74,84,0.32,0.07,0.01,0.02,0.0,0.0,0.91,0.71,mscan,1,0,NORMAL,0,0
4,tcp,pop_3,SF,27,93,0,0,0,0,0,1,0,0,0,0,0,0,0,0,0,0,1,1,0.0,0.0,0.0,0.0,1.0,0.0,0.0,255,211,0.83,0.02,0.0,0.0,0.0,0.0,0.04,0.0,guess_passwd,1,0,NORMAL,0,0
0,tcp,imap4,RSTO,0,44,0,0,0,0,0,0,0,0,0,0,0,0,0,0,0,0,1,1,0.0,0.0,1.0,1.0,1.0,0.0,0.0,255,26,0.1,0.03,0.0,0.0,0.0,0.0,0.36,0.92,mscan,1,0,NORMAL,0,0
0,tcp,telnet,SF,123,174,0,0,0,0,1,0,0,0,0,0,0,0,0,0,0,0,1,1,0.0,0.0,0.0,0.0,1.0,0.0,0.0,255,97,0.38,0.02,0.0,0.0,0.0,0.0,0.01,0.03,guess_passwd,1,0,NORMAL,0,0
7454,tcp,telnet,SF,0,44,0,0,0,0,0,0,0,0,0,0,0,0,0,0,0,0,1,1,0.0,0.0,0.0,0.0,1.0,0.0,0.0,255,194,0.76,0.23,0.0,0.0,0.5,0.65,0.22,0.01,processtable,1,0,NORMAL,0,0
4,tcp,pop_3,SF,30,93,0,0,0,0,0,1,0,0,0,0,0,0,0,0,0,0,1,1,0.0,0.0,0.0,0.0,1.0,0.0,0.0,255,221,0.87,0.04,0.0,0.0,0.0,0.0,0.0,0.0,guess_passwd,1,0,NORMAL,0,0
0,udp,private,SF,42,0,0,0,0,0,0,0,0,0,0,0,0,0,0,0,0,0,3,3,0.0,0.0,0.0,0.0,1.0,0.0,0.0,255,253,0.99,0.01,0.0,0.0,0.0,0.0,0.0,0.0,snmpguess,1,0,NORMAL,0,0
280,tcp,ftp_data,SF,283618,0,0,0,0,0,0,0,0,0,0,0,0,0,0,0,0,0,2,2,0.0,0.0,0.0,0.0,1.0,0.0,0.0,11,10,0.91,0.18,0.91,0.0,0.0,0.0,0.0,0.0,warezmaster,1,0,NORMAL,0,0
1,tcp,smtp,SF,2599,293,0,0,0,0,0,1,0,0,0,0,0,0,0,0,0,0,4,3,0.0,0.0,0.25,0.0,0.75,0.5,0.0,255,180,0.71,0.13,0.0,0.0,0.0,0.0,0.28,0.0,mailbomb,1,0,NORMAL,0,0
8116,tcp,telnet,SF,0,15,0,0,0,0,0,0,0,0,0,0,0,0,0,0,0,0,1,1,0.0,0.0,0.0,0.0,1.0,0.0,0.0,255,82,0.32,0.02,0.0,0.0,0.67,0.56,0.01,0.02,processtable,1,0,NORMAL,0,0
0,tcp,ftp_data,SF,12,0,0,0,0,0,0,0,0,0,0,0,0,0,0,0,0,0,1,1,0.0,0.0,0.0,0.0,1.0,0.0,0.0,11,11,1.0,0.0,1.0,0.0,0.0,0.0,0.0,0.0,warezmaster,1,0,NORMAL,0,0
1,tcp,smtp,SF,2599,261,0,0,0,0,0,1,0,0,0,0,0,0,0,0,0,0,3,2,0.0,0.0,0.33,0.0,0.67,0.67,0.0,255,245,0.96,0.04,0.0,0.0,0.0,0.0,0.04,0.0,mailbomb,1,0,NORMAL,0,0
1,tcp,smtp,SF,2599,293,0,0,0,0,0,1,0,0,0,0,0,0,0,0,0,0,3,3,0.0,0.0,0.0,0.0,1.0,0.0,0.0,255,159,0.62,0.13,0.0,0.0,0.0,0.0,0.36,0.0,mailbomb,1,0,NORMAL,0,0
0,tcp,ftp_data,SF,12,0,0,0,0,0,0,0,0,0,0,0,0,0,0,0,0,0,2,2,0.0,0.0,0.0,0.0,1.0,0.0,0.0,4,16,1.0,0.0,1.0,0.12,0.0,0.0,0.0,0.0,warezmaster,1,0,NORMAL,0,0
0,tcp,telnet,SF,0,15,0,0,0,0,0,0,0,0,0,0,0,0,0,0,0,0,1,3,0.0,0.0,0.0,0.33,1.0,0.0,0.67,255,35,0.14,0.03,0.0,0.0,0.0,0.0,0.35,0.74,mscan,1,0,NORMAL,0,0
0,tcp,ftp_data,SF,12,0,0,0,0,0,0,0,0,0,0,0,0,0,0,0,0,0,2,2,0.0,0.0,0.0,0.0,1.0,0.0,0.0,7,4,0.57,0.29,0.57,0.0,0.0,0.0,0.0,0.0,warezmaster,1,0,NORMAL,0,0
4,tcp,pop_3,SF,28,93,0,0,0,0,0,1,0,0,0,0,0,0,0,0,0,0,1,1,0.0,0.0,0.0,0.0,1.0,0.0,0.0,59,57,0.95,0.03,0.02,0.04,0.0,0.0,0.0,0.0,guess_passwd,1,0,NORMAL,0,0
5,tcp,pop_3,SF,27,93,0,0,0,0,0,1,0,0,0,0,0,0,0,0,0,0,1,1,0.0,0.0,0.0,0.0,1.0,0.0,0.0,255,232,0.91,0.02,0.0,0.0,0.0,0.0,0.05,0.0,guess_passwd,1,0,NORMAL,0,0
0,tcp,http,SF,54540,8314,0,0,0,2,0,1,1,0,0,0,0,0,0,0,0,0,1,1,0.0,0.0,0.0,0.0,1.0,0.0,0.0,255,250,0.98,0.01,0.0,0.0,0.0,0.0,0.0,0.0,back,1,0,NORMAL,0,0
282,tcp,ftp,SF,162,601,0,0,0,2,0,1,0,0,0,0,0,0,0,0,0,1,1,1,0.0,0.0,0.0,0.0,1.0,0.0,0.0,255,50,0.2,0.03,0.0,0.0,0.16,0.0,0.02,0.0,warezmaster,1,0,NORMAL,0,0
0,tcp,telnet,SF,123,174,0,0,0,0,1,0,0,0,0,0,0,0,0,0,0,0,1,1,0.0,0.0,0.0,0.0,1.0,0.0,0.0,255,140,0.55,0.02,0.0,0.0,0.0,0.0,0.02,0.03,guess_passwd,1,0,NORMAL,0,0
7406,tcp,telnet,SF,0,44,0,0,0,0,0,0,0,0,0,0,0,0,0,0,0,0,1,1,0.0,0.0,0.0,0.0,1.0,0.0,0.0,255,213,0.84,0.02,0.0,0.0,0.27,0.32,0.01,0.01,processtable,1,0,NORMAL,0,0
0,tcp,telnet,S3,0,44,0,0,0,0,0,0,0,0,0,0,0,0,0,0,0,0,1,1,1.0,1.0,0.0,0.0,1.0,0.0,0.0,255,85,0.33,0.03,0.0,0.0,0.02,0.07,0.11,0.15,processtable,1,0,NORMAL,0,0
1,tcp,smtp,SF,2599,293,0,0,0,0,0,1,0,0,0,0,0,0,0,0,0,0,3,2,0.0,0.0,0.33,0.0,0.67,0.67,0.0,255,118,0.46,0.15,0.0,0.0,0.0,0.0,0.52,0.0,mailbomb,1,0,NORMAL,0,0
281,tcp,ftp,SF,160,597,0,0,0,2,0,1,0,0,0,0,0,0,0,0,0,1,1,1,0.0,0.0,0.0,0.0,1.0,0.0,0.0,87,36,0.41,0.07,0.01,0.0,0.0,0.0,0.0,0.0,warezmaster,1,0,NORMAL,0,0
0,udp,other,SF,516,0,0,0,0,0,0,0,0,0,0,0,0,0,0,0,0,0,1,1,0.0,0.0,0.0,0.0,1.0,0.0,0.0,3,1,0.33,0.67,0.33,0.0,0.0,0.0,0.0,0.0,multihop,1,0,NORMAL,0,0
282,tcp,ftp,SF,161,597,0,0,0,2,0,1,0,0,0,0,0,0,0,0,0,1,1,1,0.0,0.0,0.0,0.0,1.0,0.0,0.0,12,11,0.92,0.17,0.08,0.0,0.0,0.0,0.0,0.0,warezmaster,1,0,NORMAL,0,0
0,udp,private,SF,105,146,0,0,0,0,0,0,0,0,0,0,0,0,0,0,0,0,2,2,0.0,0.0,0.0,0.0,1.0,0.0,0.0,255,251,0.98,0.01,0.0,0.0,0.0,0.0,0.0,0.0,snmpgetattack,1,0,NORMAL,0,0
0,tcp,ftp,SF,25,157,0,0,0,0,1,0,0,0,0,0,0,0,0,0,0,1,1,1,0.0,0.0,0.0,0.0,1.0,0.0,0.0,35,14,0.4,0.11,0.03,0.0,0.0,0.0,0.0,0.0,guess_passwd,1,0,NORMAL,0,0
0,tcp,other,RSTR,0,0,0,0,0,0,0,0,0,0,0,0,0,0,0,0,0,0,1,1,0.0,0.0,1.0,1.0,1.0,0.0,0.0,255,1,0.0,0.73,0.71,0.0,0.0,0.0,0.71,1.0,normal,0,1,ATTACK,1,0
8125,tcp,telnet,S3,1,15,0,0,0,0,0,0,0,0,0,0,0,0,0,0,0,0,1,1,1.0,1.0,0.0,0.0,1.0,0.0,0.0,255,30,0.12,0.78,0.0,0.0,0.03,0.23,0.76,0.0,processtable,1,0,NORMAL,0,0
282,tcp,ftp,SF,158,595,0,0,0,2,0,1,0,0,0,0,0,0,0,0,0,1,1,1,0.0,0.0,0.0,0.0,1.0,0.0,0.0,23,20,0.87,0.09,0.04,0.0,0.0,0.0,0.0,0.0,warezmaster,1,0,NORMAL,0,0
0,tcp,telnet,SF,120,174,0,0,0,0,1,0,0,0,0,0,0,0,0,0,0,0,1,1,0.0,0.0,0.0,0.0,1.0,0.0,0.0,255,254,1.0,0.01,0.0,0.0,0.02,0.02,0.01,0.01,guess_passwd,1,0,NORMAL,0,0
282,tcp,ftp,SF,158,597,0,0,0,2,0,1,0,0,0,0,0,0,0,0,0,1,2,1,0.0,0.0,0.0,0.0,0.5,1.0,0.0,215,105,0.49,0.03,0.0,0.0,0.0,0.0,0.0,0.0,warezmaster,1,0,NORMAL,0,0
5,tcp,pop_3,SF,28,93,0,0,0,0,0,1,0,0,0,0,0,0,0,0,0,0,1,1,0.0,0.0,0.0,0.0,1.0,0.0,0.0,255,236,0.93,0.01,0.0,0.0,0.0,0.0,0.04,0.0,guess_passwd,1,0,NORMAL,0,0
0,tcp,imap4,REJ,0,0,0,0,0,0,0,0,0,0,0,0,0,0,0,0,0,0,1,7,0.0,0.0,1.0,0.86,1.0,0.0,1.0,52,60,0.25,0.1,0.02,0.03,0.0,0.0,0.88,0.97,mscan,1,0,NORMAL,0,0
1,tcp,telnet,SF,24,109,0,0,0,0,0,0,0,0,0,0,0,0,0,0,0,0,3,2,0.0,0.0,0.67,0.0,0.33,1.0,1.0,146,84,0.32,0.03,0.01,0.02,0.0,0.0,0.9,0.7,mscan,1,0,NORMAL,0,0
0,udp,private,SF,105,146,0,0,0,0,0,0,0,0,0,0,0,0,0,0,0,0,2,2,0.0,0.0,0.0,0.0,1.0,0.0,0.0,19,18,0.95,0.11,0.05,0.0,0.0,0.0,0.0,0.0,snmpgetattack,1,0,NORMAL,0,0
7481,tcp,telnet,SF,0,44,0,0,0,0,0,0,0,0,0,0,0,0,0,0,0,0,1,1,0.0,0.0,0.0,0.0,1.0,0.0,0.0,255,205,0.8,0.03,0.0,0.0,0.33,0.41,0.12,0.07,processtable,1,0,NORMAL,0,0
0,tcp,telnet,SF,123,174,0,0,0,0,1,0,0,0,0,0,0,0,0,0,0,0,1,1,0.0,0.0,0.0,0.0,1.0,0.0,0.0,255,210,0.82,0.02,0.0,0.0,0.0,0.0,0.02,0.03,guess_passwd,1,0,NORMAL,0,0
0,tcp,ftp_data,S1,71056,0,0,0,0,0,0,0,0,0,0,0,0,0,0,0,0,0,2,2,0.5,0.5,0.0,0.0,1.0,0.0,0.0,8,14,1.0,0.0,1.0,0.14,0.12,0.07,0.0,0.0,warezmaster,1,0,NORMAL,0,0
1,tcp,smtp,SF,2599,293,0,0,0,0,0,1,0,0,0,0,0,0,0,0,0,0,3,3,0.0,0.0,0.0,0.0,1.0,0.0,0.0,255,52,0.2,0.16,0.0,0.0,0.0,0.0,0.78,0.0,mailbomb,1,0,NORMAL,0,0
4,tcp,pop_3,SF,32,93,0,0,0,0,0,1,0,0,0,0,0,0,0,0,0,0,1,1,0.0,0.0,0.0,0.0,1.0,0.0,0.0,52,50,0.94,0.04,0.02,0.04,0.0,0.0,0.0,0.0,guess_passwd,1,0,NORMAL,0,0
0,tcp,telnet,RSTO,0,15,0,0,0,0,0,0,0,0,0,0,0,0,0,0,0,0,1,6,0.0,0.33,1.0,0.33,1.0,0.0,0.67,255,164,0.64,0.02,0.0,0.0,0.0,0.01,0.38,0.23,mscan,1,0,NORMAL,0,0
0,tcp,ftp_data,SF,12,0,0,0,0,0,0,0,0,0,0,0,0,0,0,0,0,0,1,1,0.0,0.0,0.0,0.0,1.0,0.0,0.0,3,11,1.0,0.0,1.0,0.18,0.0,0.0,0.0,0.0,warezmaster,1,0,NORMAL,0,0
7402,tcp,telnet,SF,0,44,0,0,0,0,0,0,0,0,0,0,0,0,0,0,0,0,1,1,0.0,0.0,0.0,0.0,1.0,0.0,0.0,255,214,0.84,0.02,0.0,0.0,0.27,0.32,0.01,0.01,processtable,1,0,NORMAL,0,0
0,icmp,ecr_i,SF,40008,0,0,0,0,0,0,0,0,0,0,0,0,0,0,0,0,0,3,3,0.0,0.0,0.0,0.0,1.0,0.0,0.0,37,37,1.0,0.0,1.0,0.0,0.0,0.0,0.0,0.0,normal,0,1,ATTACK,1,0
4,tcp,pop_3,SF,32,93,0,0,0,0,0,1,0,0,0,0,0,0,0,0,0,0,1,1,0.0,0.0,0.0,0.0,1.0,0.0,0.0,255,247,0.97,0.01,0.0,0.0,0.0,0.0,0.01,0.0,guess_passwd,1,0,NORMAL,0,0
0,tcp,telnet,S3,0,44,0,0,0,0,0,0,0,0,0,0,0,0,0,0,0,0,1,1,1.0,1.0,0.0,0.0,1.0,0.0,0.0,255,143,0.56,0.02,0.0,0.0,0.53,0.48,0.01,0.01,processtable,1,0,NORMAL,0,0
0,tcp,ftp,SF,26,157,0,0,0,0,1,0,0,0,0,0,0,0,0,0,0,1,1,1,0.0,0.0,0.0,0.0,1.0,0.0,0.0,230,116,0.5,0.03,0.0,0.0,0.0,0.0,0.0,0.0,guess_passwd,1,0,NORMAL,0,0
0,tcp,pop_3,SF,30,217,0,0,0,0,0,1,0,0,0,0,0,0,0,0,0,0,1,1,0.0,0.0,0.0,0.0,1.0,0.0,0.0,34,5,0.15,0.15,0.03,0.0,0.0,0.0,0.0,0.0,guess_passwd,1,0,NORMAL,0,0
4,tcp,pop_3,SF,32,93,0,0,0,0,0,1,0,0,0,0,0,0,0,0,0,0,1,1,0.0,0.0,0.0,0.0,1.0,0.0,0.0,255,181,0.71,0.02,0.0,0.0,0.0,0.0,0.11,0.0,guess_passwd,1,0,NORMAL,0,0
4,tcp,pop_3,SF,27,93,0,0,0,0,0,1,0,0,0,0,0,0,0,0,0,0,1,1,0.0,0.0,0.0,0.0,1.0,0.0,0.0,255,217,0.85,0.02,0.0,0.0,0.0,0.0,0.03,0.0,guess_passwd,1,0,NORMAL,0,0
281,tcp,ftp,SF,160,597,0,0,0,2,0,1,0,0,0,0,0,0,0,0,0,1,1,1,0.0,0.0,0.0,0.0,1.0,0.0,0.0,255,99,0.39,0.03,0.01,0.0,0.0,0.0,0.0,0.0,warezmaster,1,0,NORMAL,0,0
4,tcp,pop_3,SF,32,93,0,0,0,0,0,1,0,0,0,0,0,0,0,0,0,0,1,1,0.0,0.0,0.0,0.0,1.0,0.0,0.0,255,133,0.52,0.02,0.0,0.0,0.0,0.0,0.18,0.02,guess_passwd,1,0,NORMAL,0,0
4,tcp,pop_3,SF,28,103,0,0,0,0,0,1,0,0,0,0,0,0,0,0,0,0,1,1,0.0,0.0,0.0,0.0,1.0,0.0,0.0,255,218,0.85,0.02,0.0,0.0,0.0,0.0,0.04,0.01,guess_passwd,1,0,NORMAL,0,0
282,tcp,ftp,SF,156,595,0,0,0,2,0,1,0,0,0,0,0,0,0,0,0,1,1,1,0.0,0.0,0.0,0.0,1.0,0.0,0.0,255,17,0.07,0.75,0.0,0.0,0.0,0.06,0.73,0.0,warezmaster,1,0,NORMAL,0,0
0,tcp,telnet,SF,119,174,0,0,0,0,1,0,0,0,0,0,0,0,0,0,0,0,1,1,0.0,0.0,0.0,0.0,1.0,0.0,0.0,255,254,1.0,0.01,0.0,0.0,0.02,0.02,0.02,0.02,guess_passwd,1,0,NORMAL,0,0
2,tcp,telnet,SF,24,715,0,0,0,0,0,0,0,0,0,0,0,0,0,0,0,0,4,2,0.0,0.0,0.75,0.5,0.5,0.75,0.0,255,60,0.24,0.03,0.0,0.0,0.0,0.02,0.64,0.72,mscan,1,0,NORMAL,0,0
280,tcp,ftp_data,SF,283618,0,0,0,0,0,0,0,0,0,0,0,0,0,0,0,0,0,2,2,0.0,0.0,0.0,0.0,1.0,0.0,0.0,8,24,1.0,0.0,1.0,0.08,0.0,0.0,0.0,0.0,warezmaster,1,0,NORMAL,0,0
4,tcp,pop_3,SF,32,93,0,0,0,0,0,1,0,0,0,0,0,0,0,0,0,0,1,1,0.0,0.0,0.0,0.0,1.0,0.0,0.0,255,190,0.75,0.02,0.0,0.0,0.0,0.0,0.09,0.0,guess_passwd,1,0,NORMAL,0,0
282,tcp,ftp,SF,156,593,0,0,0,2,0,1,0,0,0,0,0,0,0,0,0,1,1,1,0.0,0.0,0.0,0.0,1.0,0.0,0.0,255,13,0.05,0.71,0.0,0.0,0.0,0.0,0.71,0.0,warezmaster,1,0,NORMAL,0,0
8019,tcp,telnet,SF,0,44,0,0,0,0,0,0,0,0,0,0,0,0,0,0,0,0,1,1,0.0,0.0,0.0,0.0,1.0,0.0,0.0,255,99,0.39,0.02,0.0,0.0,0.6,0.42,0.01,0.01,processtable,1,0,NORMAL,0,0
91,tcp,imap4,RSTO,1352,291,0,0,0,0,0,0,0,0,0,0,0,0,0,0,0,0,1,1,0.0,0.0,1.0,1.0,1.0,0.0,0.0,255,1,0.0,0.02,0.0,0.0,0.0,0.0,0.0,1.0,imap,1,0,NORMAL,0,0
7234,tcp,telnet,SF,0,44,0,0,0,0,0,0,0,0,0,0,0,0,0,0,0,0,1,1,0.0,0.0,0.0,0.0,1.0,0.0,0.0,255,229,0.9,0.1,0.0,0.0,0.5,0.55,0.1,0.01,processtable,1,0,NORMAL,0,0
4,tcp,pop_3,SF,28,93,0,0,0,0,0,1,0,0,0,0,0,0,0,0,0,0,1,1,0.0,0.0,0.0,0.0,1.0,0.0,0.0,255,219,0.86,0.04,0.0,0.0,0.0,0.0,0.0,0.0,guess_passwd,1,0,NORMAL,0,0
284,tcp,ftp,SF,156,595,0,0,0,2,0,1,0,0,0,0,0,0,0,0,0,1,1,1,0.0,0.0,0.0,0.0,1.0,0.0,0.0,255,17,0.07,0.94,0.0,0.0,0.0,0.0,0.93,0.0,warezmaster,1,0,NORMAL,0,0
0,tcp,telnet,RSTO,0,15,0,0,0,0,0,0,0,0,0,0,0,0,0,0,0,0,1,4,0.0,0.0,1.0,0.5,1.0,0.0,0.75,255,78,0.31,0.02,0.0,0.0,0.0,0.0,0.79,0.68,mscan,1,0,NORMAL,0,0
2,tcp,telnet,SF,24,574,0,0,0,0,0,0,0,0,0,0,0,0,0,0,0,0,3,6,0.0,0.0,0.67,0.33,0.33,1.0,0.67,184,85,0.34,0.03,0.01,0.02,0.0,0.0,0.89,0.68,mscan,1,0,NORMAL,0,0
0,udp,other,SF,173,173,0,0,0,0,0,0,0,0,0,0,0,0,0,0,0,0,17,17,0.0,0.0,0.0,0.0,1.0,0.0,0.0,19,17,0.89,0.11,0.89,0.0,0.0,0.0,0.0,0.0,multihop,1,0,NORMAL,0,0
7493,tcp,telnet,SF,0,44,0,0,0,0,0,0,0,0,0,0,0,0,0,0,0,0,2,1,0.0,0.0,0.0,0.0,0.5,1.0,0.0,255,202,0.79,0.03,0.0,0.0,0.33,0.42,0.12,0.07,processtable,1,0,NORMAL,0,0
7450,tcp,telnet,SF,0,44,0,0,0,0,0,0,0,0,0,0,0,0,0,0,0,0,1,1,0.0,0.0,0.0,0.0,1.0,0.0,0.0,255,202,0.79,0.02,0.0,0.0,0.32,0.34,0.01,0.01,processtable,1,0,NORMAL,0,0
0,tcp,telnet,SF,122,174,0,0,0,0,1,0,0,0,0,0,0,0,0,0,0,0,1,1,0.0,0.0,0.0,0.0,1.0,0.0,0.0,255,83,0.33,0.02,0.0,0.0,0.0,0.0,0.01,0.04,guess_passwd,1,0,NORMAL,0,0
0,udp,private,SF,1,0,0,0,0,0,0,0,0,0,0,0,0,0,0,0,0,0,120,29,0.0,0.0,0.0,0.0,0.24,0.59,0.0,255,30,0.12,0.79,1.0,0.0,0.0,0.0,0.0,0.0,normal,0,1,ATTACK,1,0
0,udp,private,SF,1,0,0,0,0,0,0,0,0,0,0,0,0,0,0,0,0,0,142,7,0.0,0.0,0.0,0.0,0.05,0.96,0.0,255,7,0.03,0.85,1.0,0.0,0.0,0.0,0.0,0.0,normal,0,1,ATTACK,1,0
2,tcp,telnet,RSTO,122,177,0,0,0,0,1,0,0,0,0,0,0,0,0,0,0,0,1,1,0.0,0.0,1.0,1.0,1.0,0.0,0.0,255,11,0.04,0.01,0.0,0.0,0.0,0.0,0.03,0.64,guess_passwd,1,0,NORMAL,0,0
0,tcp,ftp,SF,26,157,0,0,0,0,1,0,0,0,0,0,0,0,0,0,0,1,1,1,0.0,0.0,0.0,0.0,1.0,0.0,0.0,190,90,0.47,0.03,0.01,0.0,0.0,0.0,0.0,0.0,guess_passwd,1,0,NORMAL,0,0
0,tcp,telnet,SF,121,188,0,0,0,0,1,0,0,0,0,0,0,0,0,0,0,0,1,1,0.0,0.0,0.0,0.0,1.0,0.0,0.0,255,171,0.67,0.02,0.0,0.0,0.0,0.0,0.02,0.03,guess_passwd,1,0,NORMAL,0,0
4,tcp,pop_3,SF,30,93,0,0,0,0,0,1,0,0,0,0,0,0,0,0,0,0,1,1,0.0,0.0,0.0,0.0,1.0,0.0,0.0,255,247,0.97,0.01,0.0,0.0,0.0,0.0,0.0,0.0,guess_passwd,1,0,NORMAL,0,0
4,tcp,pop_3,SF,32,93,0,0,0,0,0,1,0,0,0,0,0,0,0,0,0,0,1,1,0.0,0.0,0.0,0.0,1.0,0.0,0.0,60,58,0.95,0.03,0.02,0.03,0.0,0.0,0.0,0.0,guess_passwd,1,0,NORMAL,0,0
0,tcp,telnet,S3,0,44,0,0,0,0,0,0,0,0,0,0,0,0,0,0,0,0,1,1,1.0,1.0,0.0,0.0,1.0,0.0,0.0,255,127,0.5,0.02,0.0,0.0,0.53,0.42,0.01,0.01,processtable,1,0,NORMAL,0,0
4,tcp,pop_3,SF,28,93,0,0,0,0,0,1,0,0,0,0,0,0,0,0,0,0,1,1,0.0,0.0,0.0,0.0,1.0,0.0,0.0,255,235,0.92,0.02,0.01,0.0,0.0,0.0,0.04,0.0,guess_passwd,1,0,NORMAL,0,0
283,tcp,ftp,SF,159,599,0,0,0,2,0,1,0,0,0,0,0,0,0,0,0,1,1,1,0.0,0.0,0.0,0.0,1.0,0.0,0.0,255,56,0.22,0.02,0.0,0.0,0.0,0.0,0.6,0.0,warezmaster,1,0,NORMAL,0,0
7,tcp,pop_3,SF,28,93,0,0,0,0,0,1,0,0,0,0,0,0,0,0,0,0,1,1,0.0,0.0,0.0,0.0,1.0,0.0,0.0,255,246,0.96,0.02,0.0,0.0,0.0,0.0,0.02,0.0,guess_passwd,1,0,NORMAL,0,0
0,udp,private,SF,41,0,0,0,0,0,0,0,0,0,0,0,0,0,0,0,0,0,3,3,0.0,0.0,0.0,0.0,1.0,0.0,0.0,255,255,1.0,0.0,0.01,0.0,0.0,0.0,0.0,0.0,snmpguess,1,0,NORMAL,0,0
4,tcp,pop_3,SF,28,93,0,0,0,0,0,1,0,0,0,0,0,0,0,0,0,0,1,1,0.0,0.0,0.0,0.0,1.0,0.0,0.0,255,233,0.91,0.04,0.0,0.0,0.0,0.0,0.0,0.0,guess_passwd,1,0,NORMAL,0,0
3,tcp,ftp,SF,26,157,0,0,0,0,1,0,0,0,0,0,0,0,0,0,0,1,1,1,0.0,0.0,0.0,0.0,1.0,0.0,0.0,48,22,0.46,0.08,0.02,0.0,0.0,0.0,0.0,0.0,guess_passwd,1,0,NORMAL,0,0
10,tcp,pop_3,SF,30,93,0,0,0,0,0,1,0,0,0,0,0,0,0,0,0,0,1,1,0.0,0.0,0.0,0.0,1.0,0.0,0.0,255,253,0.99,0.01,0.0,0.0,0.0,0.0,0.0,0.0,guess_passwd,1,0,NORMAL,0,0
0,tcp,ftp_data,SF,12,0,0,0,0,0,0,0,0,0,0,0,0,0,0,0,0,0,1,1,0.0,0.0,0.0,0.0,1.0,0.0,0.0,8,5,0.62,0.25,0.62,0.0,0.0,0.0,0.0,0.0,warezmaster,1,0,NORMAL,0,0
4,tcp,pop_3,SF,26,93,0,0,0,0,0,1,0,0,0,0,0,0,0,0,0,0,1,1,0.0,0.0,0.0,0.0,1.0,0.0,0.0,255,241,0.95,0.02,0.0,0.0,0.0,0.0,0.01,0.0,guess_passwd,1,0,NORMAL,0,0
0,tcp,telnet,SF,121,174,0,0,0,0,1,0,0,0,0,0,0,0,0,0,0,0,2,2,0.0,0.0,0.0,0.0,1.0,0.0,0.0,255,219,0.86,0.02,0.0,0.0,0.0,0.0,0.02,0.03,guess_passwd,1,0,NORMAL,0,0
0,tcp,ftp_data,SF,12,0,0,0,0,0,0,0,0,0,0,0,0,0,0,0,0,0,1,1,0.0,0.0,0.0,0.0,1.0,0.0,0.0,9,9,1.0,0.0,1.0,0.0,0.0,0.0,0.0,0.0,warezmaster,1,0,NORMAL,0,0
0,tcp,telnet,SF,21,97,0,0,0,0,0,0,0,0,0,0,0,0,0,0,0,0,4,15,0.0,0.13,0.75,0.73,0.5,0.75,0.8,255,38,0.15,0.02,0.0,0.0,0.0,0.0,0.22,0.5,mscan,1,0,NORMAL,0,0
0,tcp,telnet,SF,122,188,0,0,0,0,1,0,0,0,0,0,0,0,0,0,0,0,1,1,0.0,0.0,0.0,0.0,1.0,0.0,0.0,255,254,1.0,0.01,0.0,0.0,0.02,0.02,0.01,0.01,guess_passwd,1,0,NORMAL,0,0
4,tcp,pop_3,SF,32,93,0,0,0,0,0,1,0,0,0,0,0,0,0,0,0,0,1,1,0.0,0.0,0.0,0.0,1.0,0.0,0.0,255,243,0.95,0.02,0.0,0.0,0.0,0.0,0.01,0.0,guess_passwd,1,0,NORMAL,0,0
1,tcp,smtp,SF,2599,293,0,0,0,0,0,1,0,0,0,0,0,0,0,0,0,0,2,2,0.0,0.0,0.0,0.0,1.0,0.0,0.0,255,61,0.24,0.14,0.0,0.0,0.0,0.0,0.75,0.0,mailbomb,1,0,NORMAL,0,0
4,tcp,pop_3,SF,28,93,0,0,0,0,0,1,0,0,0,0,0,0,0,0,0,0,1,1,0.0,0.0,0.0,0.0,1.0,0.0,0.0,255,254,1.0,0.01,0.01,0.0,0.0,0.0,0.0,0.0,guess_passwd,1,0,NORMAL,0,0
0,udp,other,SF,146,146,0,0,0,0,0,0,0,0,0,0,0,0,0,0,0,0,1,1,0.0,0.0,0.0,0.0,1.0,0.0,0.0,74,8,0.11,0.09,0.99,0.0,0.0,0.0,0.0,0.0,snmpgetattack,1,0,NORMAL,0,0
7654,tcp,telnet,SF,0,44,0,0,0,0,0,0,0,0,0,0,0,0,0,0,0,0,1,1,0.0,0.0,0.0,0.0,1.0,0.0,0.0,255,166,0.65,0.02,0.0,0.0,0.5,0.48,0.01,0.01,processtable,1,0,NORMAL,0,0
0,tcp,http,S0,0,0,0,0,0,0,0,0,0,0,0,0,0,0,0,0,0,0,30,30,0.5,0.5,0.47,0.47,1.0,0.0,0.0,255,255,1.0,0.0,0.0,0.0,0.09,0.09,0.7,0.7,apache2,1,0,NORMAL,0,0
283,tcp,ftp,SF,158,597,0,0,0,2,0,1,0,0,0,0,0,0,0,0,0,1,1,1,0.0,0.0,0.0,0.0,1.0,0.0,0.0,255,75,0.29,0.03,0.0,0.0,0.04,0.0,0.02,0.0,warezmaster,1,0,NORMAL,0,0
7452,tcp,telnet,SF,0,44,0,0,0,0,0,0,0,0,0,0,0,0,0,0,0,0,1,1,0.0,0.0,0.0,0.0,1.0,0.0,0.0,255,211,0.83,0.03,0.0,0.0,0.33,0.4,0.12,0.07,processtable,1,0,NORMAL,0,0
282,tcp,ftp,SF,162,599,0,0,0,2,0,1,0,0,0,0,0,0,0,0,0,1,1,1,0.0,0.0,0.0,0.0,1.0,0.0,0.0,230,77,0.33,0.03,0.0,0.0,0.0,0.0,0.0,0.0,warezmaster,1,0,NORMAL,0,0
1,tcp,smtp,SF,2599,293,0,0,0,0,0,1,0,0,0,0,0,0,0,0,0,0,3,3,0.0,0.0,0.0,0.0,1.0,0.0,0.0,255,223,0.87,0.13,0.0,0.0,0.0,0.0,0.11,0.0,mailbomb,1,0,NORMAL,0,0
0,tcp,telnet,SF,127,174,0,0,0,0,1,0,0,0,0,0,0,0,0,0,0,0,1,1,0.0,0.0,0.0,0.0,1.0,0.0,0.0,255,251,0.98,0.01,0.0,0.0,0.0,0.0,0.02,0.02,guess_passwd,1,0,NORMAL,0,0
8136,tcp,telnet,SF,0,15,0,0,0,0,0,0,0,0,0,0,0,0,0,0,0,0,1,1,0.0,0.0,0.0,0.0,1.0,0.0,0.0,255,58,0.23,0.04,0.0,0.0,0.0,0.02,0.11,0.22,processtable,1,0,NORMAL,0,0
282,tcp,ftp,SF,161,599,0,0,0,2,0,1,0,0,0,0,0,0,0,0,0,1,1,1,0.0,0.0,0.0,0.0,1.0,0.0,0.0,255,39,0.15,0.02,0.0,0.0,0.0,0.0,0.47,0.0,warezmaster,1,0,NORMAL,0,0
8101,tcp,telnet,S3,1,15,0,0,0,0,0,0,0,0,0,0,0,0,0,0,0,0,1,1,1.0,1.0,0.0,0.0,1.0,0.0,0.0,255,36,0.14,0.76,0.0,0.0,0.04,0.31,0.74,0.0,processtable,1,0,NORMAL,0,0
0,tcp,pop_3,RSTO,0,36,0,0,0,0,0,1,0,0,0,0,0,0,0,0,0,0,1,1,0.0,0.0,1.0,1.0,1.0,0.0,0.0,255,42,0.16,0.03,0.0,0.0,0.0,0.0,0.6,0.98,mscan,1,0,NORMAL,0,0
1,tcp,telnet,RSTO,0,3,0,0,0,0,0,0,0,0,0,0,0,0,0,0,0,0,1,6,0.0,0.33,1.0,0.33,1.0,0.0,0.67,255,101,0.4,0.02,0.0,0.0,0.0,0.0,0.39,0.5,mscan,1,0,NORMAL,0,0
0,tcp,telnet,SF,125,174,0,0,0,0,1,0,0,0,0,0,0,0,0,0,0,0,1,1,0.0,0.0,0.0,0.0,1.0,0.0,0.0,255,237,0.93,0.02,0.0,0.0,0.0,0.0,0.02,0.03,guess_passwd,1,0,NORMAL,0,0
0,icmp,ecr_i,SF,1480,0,0,1,0,0,0,0,0,0,0,0,0,0,0,0,0,0,2,4,0.0,0.0,0.0,0.0,1.0,0.0,0.5,2,14,1.0,0.0,1.0,0.5,0.0,0.0,0.0,0.0,normal,0,1,ATTACK,1,0
1,tcp,smtp,SF,2599,293,0,0,0,0,0,1,0,0,0,0,0,0,0,0,0,0,3,2,0.0,0.0,0.0,0.0,0.67,0.67,0.0,255,246,0.96,0.04,0.0,0.0,0.0,0.0,0.03,0.0,mailbomb,1,0,NORMAL,0,0
7216,tcp,telnet,SF,0,44,0,0,0,0,0,0,0,0,0,0,0,0,0,0,0,0,1,1,0.0,0.0,0.0,0.0,1.0,0.0,0.0,255,248,0.97,0.02,0.0,0.0,0.33,0.34,0.04,0.02,processtable,1,0,NORMAL,0,0
1,tcp,smtp,SF,2599,293,0,0,0,0,0,1,0,0,0,0,0,0,0,0,0,0,3,3,0.0,0.0,0.0,0.0,1.0,0.0,0.0,255,151,0.59,0.13,0.0,0.0,0.0,0.0,0.4,0.0,mailbomb,1,0,NORMAL,0,0
0,tcp,http,S0,0,0,0,0,0,0,0,0,0,0,0,0,0,0,0,0,0,0,25,25,0.2,0.2,0.8,0.8,1.0,0.0,0.0,255,255,1.0,0.0,0.0,0.0,0.02,0.02,0.61,0.61,apache2,1,0,NORMAL,0,0
0,tcp,other,REJ,0,0,0,0,0,0,0,0,0,0,0,0,0,0,0,0,0,0,1,1,0.0,0.0,1.0,1.0,1.0,0.0,0.0,255,6,0.02,0.01,0.0,0.0,0.0,0.0,0.02,1.0,httptunnel,1,0,NORMAL,0,0
0,tcp,telnet,SF,125,174,0,0,0,0,1,0,0,0,0,0,0,0,0,0,0,0,1,1,0.0,0.0,0.0,0.0,1.0,0.0,0.0,255,65,0.25,0.02,0.0,0.0,0.0,0.0,0.01,0.05,guess_passwd,1,0,NORMAL,0,0
0,udp,private,SF,47,0,0,0,0,0,0,0,0,0,0,0,0,0,0,0,0,0,4,4,0.0,0.0,0.0,0.0,1.0,0.0,0.0,255,254,1.0,0.01,0.01,0.0,0.0,0.0,0.0,0.0,snmpguess,1,0,NORMAL,0,0
0,tcp,telnet,SF,120,174,0,0,0,0,1,0,0,0,0,0,0,0,0,0,0,0,1,1,0.0,0.0,0.0,0.0,1.0,0.0,0.0,255,70,0.27,0.02,0.0,0.0,0.0,0.0,0.01,0.04,guess_passwd,1,0,NORMAL,0,0
0,udp,other,SF,1,0,0,0,0,0,0,0,0,0,0,0,0,0,0,0,0,0,42,2,0.0,0.0,0.0,0.0,0.05,0.12,0.0,255,2,0.01,0.49,0.92,0.0,0.0,0.0,0.08,0.0,normal,0,1,ATTACK,1,0
1,tcp,smtp,SF,2599,293,0,0,0,0,0,1,0,0,0,0,0,0,0,0,0,0,3,3,0.0,0.0,0.0,0.0,1.0,0.0,0.0,255,228,0.89,0.11,0.0,0.0,0.0,0.0,0.09,0.0,mailbomb,1,0,NORMAL,0,0
0,tcp,ftp_data,SF,12,0,0,0,0,0,0,0,0,0,0,0,0,0,0,0,0,0,1,1,0.0,0.0,0.0,0.0,1.0,0.0,0.0,6,3,0.5,0.33,0.5,0.0,0.0,0.0,0.0,0.0,warezmaster,1,0,NORMAL,0,0
0,udp,private,SF,105,146,0,0,0,0,0,0,0,0,0,0,0,0,0,0,0,0,1,1,0.0,0.0,0.0,0.0,1.0,0.0,0.0,174,173,0.99,0.01,0.01,0.0,0.0,0.0,0.0,0.0,snmpgetattack,1,0,NORMAL,0,0
0,tcp,telnet,RSTO,0,15,0,0,0,0,0,0,0,0,0,0,0,0,0,0,0,0,1,5,0.0,0.0,1.0,0.6,1.0,0.0,0.6,212,84,0.33,0.02,0.0,0.02,0.0,0.0,0.89,0.69,mscan,1,0,NORMAL,0,0
0,tcp,ftp_data,SF,12,0,0,0,0,0,0,0,0,0,0,0,0,0,0,0,0,0,2,2,0.0,0.0,0.0,0.0,1.0,0.0,0.0,2,8,1.0,0.0,1.0,0.25,0.0,0.0,0.0,0.0,warezmaster,1,0,NORMAL,0,0
1,tcp,telnet,RSTO,0,15,0,0,0,0,0,0,0,0,0,0,0,0,0,0,0,0,1,6,0.0,0.17,1.0,0.5,1.0,0.0,0.67,255,78,0.31,0.02,0.0,0.0,0.0,0.0,0.79,0.69,mscan,1,0,NORMAL,0,0
0,udp,private,SF,47,47,0,0,0,0,0,0,0,0,0,0,0,0,0,0,0,0,4,4,0.0,0.0,0.0,0.0,1.0,0.0,0.0,255,255,1.0,0.0,0.01,0.0,0.0,0.0,0.0,0.0,snmpguess,1,0,NORMAL,0,0
282,tcp,ftp,SF,160,597,0,0,0,2,0,1,0,0,0,0,0,0,0,0,0,1,1,1,0.0,0.0,0.0,0.0,1.0,0.0,0.0,255,5,0.02,0.25,0.0,0.0,0.0,0.0,0.24,0.0,warezmaster,1,0,NORMAL,0,0
2,tcp,telnet,SF,24,109,0,0,0,0,0,0,0,0,0,0,0,0,0,0,0,0,4,4,0.0,0.0,0.75,0.5,0.5,0.75,0.5,151,85,0.33,0.03,0.01,0.02,0.01,0.01,0.89,0.68,mscan,1,0,NORMAL,0,0
282,tcp,ftp,SF,161,597,0,0,0,2,0,1,0,0,0,0,0,0,0,0,0,1,1,1,0.0,0.0,0.0,0.0,1.0,0.0,0.0,255,13,0.05,0.8,0.0,0.0,0.0,0.0,0.78,0.0,warezmaster,1,0,NORMAL,0,0
0,tcp,other,REJ,0,0,0,0,0,0,0,0,0,0,0,0,0,0,0,0,0,0,1,1,0.0,0.0,1.0,1.0,1.0,0.0,0.0,76,12,0.16,0.07,0.01,0.0,0.0,0.0,0.11,0.67,httptunnel,1,0,NORMAL,0,0
111,tcp,telnet,SF,336,152292,0,0,0,0,0,1,10,0,0,8,0,0,1,0,0,0,1,1,0.0,0.0,0.0,0.0,1.0,0.0,0.0,255,1,0.0,0.01,0.0,0.0,0.0,0.0,0.0,0.0,xlock,1,0,NORMAL,0,0
0,tcp,other,REJ,0,0,0,0,0,0,0,0,0,0,0,0,0,0,0,0,0,0,1,1,0.0,0.0,1.0,1.0,1.0,0.0,0.0,255,3,0.01,0.02,0.0,0.0,0.0,0.0,0.01,1.0,httptunnel,1,0,NORMAL,0,0
0,udp,private,SF,48,0,0,0,0,0,0,0,0,0,0,0,0,0,0,0,0,0,3,3,0.0,0.0,0.0,0.0,1.0,0.0,0.0,255,254,1.0,0.01,0.01,0.0,0.0,0.0,0.0,0.0,snmpguess,1,0,NORMAL,0,0
4,tcp,pop_3,SF,30,93,0,0,0,0,0,1,0,0,0,0,0,0,0,0,0,0,1,1,0.0,0.0,0.0,0.0,1.0,0.0,0.0,255,253,0.99,0.01,0.0,0.0,0.0,0.0,0.0,0.0,guess_passwd,1,0,NORMAL,0,0
0,udp,private,SF,50,0,0,0,0,0,0,0,0,0,0,0,0,0,0,0,0,0,4,4,0.0,0.0,0.0,0.0,1.0,0.0,0.0,255,254,1.0,0.01,0.01,0.0,0.0,0.0,0.0,0.0,snmpguess,1,0,NORMAL,0,0
0,udp,private,SF,44,44,0,0,0,0,0,0,0,0,0,0,0,0,0,0,0,0,3,3,0.0,0.0,0.0,0.0,1.0,0.0,0.0,255,254,1.0,0.01,0.01,0.0,0.0,0.0,0.0,0.0,snmpguess,1,0,NORMAL,0,0
0,tcp,telnet,S3,0,44,0,0,0,0,0,0,0,0,0,0,0,0,0,0,0,0,1,1,1.0,1.0,0.0,0.0,1.0,0.0,0.0,255,149,0.58,0.02,0.0,0.0,0.53,0.5,0.01,0.01,processtable,1,0,NORMAL,0,0
0,udp,private,SF,40,0,0,0,0,0,0,0,0,0,0,0,0,0,0,0,0,0,5,5,0.0,0.0,0.0,0.0,1.0,0.0,0.0,255,255,1.0,0.0,0.0,0.0,0.0,0.0,0.0,0.0,snmpguess,1,0,NORMAL,0,0
0,tcp,ftp_data,SF,12,0,0,0,0,0,0,0,0,0,0,0,0,0,0,0,0,0,2,1,0.0,0.0,0.0,0.0,0.5,1.0,0.0,255,16,0.06,0.03,0.06,0.0,0.0,0.0,0.0,0.0,warezmaster,1,0,NORMAL,0,0
7280,tcp,telnet,SF,0,44,0,0,0,0,0,0,0,0,0,0,0,0,0,0,0,0,1,1,0.0,0.0,0.0,0.0,1.0,0.0,0.0,255,244,0.96,0.02,0.0,0.0,0.33,0.35,0.05,0.02,processtable,1,0,NORMAL,0,0
0,tcp,telnet,SF,126,174,0,0,0,0,1,0,0,0,0,0,0,0,0,0,0,0,2,2,0.0,0.0,0.0,0.0,1.0,0.0,0.0,255,64,0.25,0.02,0.0,0.0,0.0,0.0,0.01,0.05,guess_passwd,1,0,NORMAL,0,0
7546,tcp,telnet,SF,0,44,0,0,0,0,0,0,0,0,0,0,0,0,0,0,0,0,1,1,0.0,0.0,0.0,0.0,1.0,0.0,0.0,255,184,0.72,0.02,0.0,0.0,0.41,0.41,0.01,0.01,processtable,1,0,NORMAL,0,0
0,tcp,pop_3,RSTO,0,137,0,0,0,0,0,1,0,0,0,0,0,0,0,0,0,0,2,12,0.0,0.0,0.5,0.92,0.5,1.0,1.0,255,6,0.02,0.02,0.0,0.0,0.0,0.0,0.06,1.0,mscan,1,0,NORMAL,0,0
0,tcp,ftp_data,SF,12,0,0,0,0,0,0,0,0,0,0,0,0,0,0,0,0,0,1,1,0.0,0.0,0.0,0.0,1.0,0.0,0.0,5,9,1.0,0.0,1.0,0.22,0.0,0.0,0.0,0.0,warezmaster,1,0,NORMAL,0,0
4,tcp,telnet,SF,24,109,0,0,0,0,0,0,0,0,0,0,0,0,0,0,0,0,4,10,0.0,0.0,0.75,0.5,0.5,0.75,0.5,21,85,0.33,0.24,0.05,0.02,0.0,0.01,0.81,0.71,mscan,1,0,NORMAL,0,0
8060,tcp,telnet,SF,0,15,0,0,0,0,0,0,0,0,0,0,0,0,0,0,0,0,1,1,0.0,0.0,0.0,0.0,1.0,0.0,0.0,255,73,0.29,0.03,0.0,0.0,0.01,0.03,0.11,0.18,processtable,1,0,NORMAL,0,0
4,tcp,pop_3,SF,28,93,0,0,0,0,0,1,0,0,0,0,0,0,0,0,0,0,1,1,0.0,0.0,0.0,0.0,1.0,0.0,0.0,100,85,0.84,0.03,0.01,0.02,0.0,0.0,0.1,0.0,guess_passwd,1,0,NORMAL,0,0
5,tcp,pop_3,SF,32,93,0,0,0,0,0,1,0,0,0,0,0,0,0,0,0,0,1,1,0.0,0.0,0.0,0.0,1.0,0.0,0.0,196,177,0.9,0.02,0.01,0.0,0.0,0.0,0.05,0.0,guess_passwd,1,0,NORMAL,0,0
1,tcp,finger,SF,6,25,0,0,0,0,0,0,0,0,0,0,0,0,0,0,0,0,2,2,0.0,0.0,0.0,0.0,1.0,0.0,0.0,16,11,0.12,0.75,0.06,0.18,0.0,0.0,0.19,0.0,saint,1,0,NORMAL,0,0
0,tcp,sunrpc,REJ,0,0,0,0,0,0,0,0,0,0,0,0,0,0,0,0,0,0,1,2,0.0,0.0,1.0,1.0,1.0,0.0,1.0,179,51,0.19,0.03,0.01,0.04,0.01,0.0,0.89,1.0,mscan,1,0,NORMAL,0,0
8,tcp,pop_3,SF,30,93,0,0,0,0,0,1,0,0,0,0,0,0,0,0,0,0,1,1,0.0,0.0,0.0,0.0,1.0,0.0,0.0,255,253,0.99,0.01,0.0,0.0,0.0,0.0,0.0,0.0,guess_passwd,1,0,NORMAL,0,0
41,tcp,telnet,SF,131,200,0,0,0,0,2,0,0,0,0,0,0,0,0,0,0,0,1,1,0.0,0.0,0.0,0.0,1.0,0.0,0.0,156,22,0.14,0.04,0.01,0.0,0.0,0.0,0.0,0.0,xlock,1,0,NORMAL,0,0
0,udp,private,SF,48,0,0,0,0,0,0,0,0,0,0,0,0,0,0,0,0,0,4,4,0.0,0.0,0.0,0.0,1.0,0.0,0.0,255,255,1.0,0.0,0.02,0.0,0.0,0.0,0.0,0.0,snmpguess,1,0,NORMAL,0,0
0,udp,other,SF,1,1,0,0,0,0,0,0,0,0,0,0,0,0,0,0,0,0,28,3,0.0,0.0,0.0,0.0,0.11,0.39,0.0,255,3,0.01,0.73,1.0,0.0,0.0,0.0,0.0,0.0,normal,0,1,ATTACK,1,0
0,udp,private,SF,42,0,0,0,0,0,0,0,0,0,0,0,0,0,0,0,0,0,3,3,0.0,0.0,0.0,0.0,1.0,0.0,0.0,255,252,0.99,0.01,0.0,0.0,0.0,0.0,0.0,0.0,snmpguess,1,0,NORMAL,0,0
0,tcp,pop_3,RSTO,0,36,0,0,0,0,0,1,0,0,0,0,0,0,0,0,0,0,1,3,0.0,0.0,1.0,1.0,1.0,0.0,1.0,211,57,0.24,0.02,0.0,0.04,0.0,0.0,0.88,0.98,mscan,1,0,NORMAL,0,0
0,tcp,telnet,REJ,0,0,0,0,0,0,0,0,0,0,0,0,0,0,0,0,0,0,3,13,0.0,0.08,0.67,0.62,0.67,0.67,0.69,62,88,0.32,0.08,0.02,0.02,0.03,0.0,0.87,0.67,mscan,1,0,NORMAL,0,0
4,tcp,pop_3,SF,32,93,0,0,0,0,0,1,0,0,0,0,0,0,0,0,0,0,1,1,0.0,0.0,0.0,0.0,1.0,0.0,0.0,255,174,0.68,0.02,0.0,0.0,0.0,0.0,0.11,0.0,guess_passwd,1,0,NORMAL,0,0
0,tcp,telnet,SF,121,174,0,0,0,0,1,0,0,0,0,0,0,0,0,0,0,0,2,2,0.0,0.0,0.0,0.0,1.0,0.0,0.0,255,214,0.84,0.02,0.0,0.0,0.0,0.0,0.02,0.03,guess_passwd,1,0,NORMAL,0,0
280,tcp,ftp_data,SF,283618,0,0,0,0,0,0,0,0,0,0,0,0,0,0,0,0,0,2,2,0.0,0.0,0.0,0.0,1.0,0.0,0.0,255,73,0.29,0.02,0.29,0.0,0.0,0.0,0.0,0.0,warezmaster,1,0,NORMAL,0,0
0,tcp,other,REJ,0,0,0,0,0,0,0,0,0,0,0,0,0,0,0,0,0,0,1,1,0.0,0.0,1.0,1.0,1.0,0.0,0.0,255,17,0.07,0.01,0.0,0.0,0.0,0.0,0.06,0.88,httptunnel,1,0,NORMAL,0,0
0,tcp,telnet,SF,120,174,0,0,0,0,1,0,0,0,0,0,0,0,0,0,0,0,1,1,0.0,0.0,0.0,0.0,1.0,0.0,0.0,255,254,1.0,0.01,0.0,0.0,0.02,0.02,0.02,0.02,guess_passwd,1,0,NORMAL,0,0
0,udp,private,SF,1,0,0,0,0,0,0,0,0,0,0,0,0,0,0,0,0,0,9,1,0.0,0.0,0.0,0.0,0.11,0.56,0.0,255,1,0.0,0.95,0.05,0.0,0.04,0.0,0.88,0.0,normal,0,1,ATTACK,1,0
0,tcp,ftp_data,SF,12,0,0,0,0,0,0,0,0,0,0,0,0,0,0,0,0,0,1,1,0.0,0.0,0.0,0.0,1.0,0.0,0.0,112,13,0.04,0.02,0.04,0.15,0.0,0.0,0.0,0.0,warezmaster,1,0,NORMAL,0,0
4,tcp,pop_3,SF,30,93,0,0,0,0,0,1,0,0,0,0,0,0,0,0,0,0,1,1,0.0,0.0,0.0,0.0,1.0,0.0,0.0,255,254,1.0,0.01,0.01,0.0,0.0,0.0,0.0,0.0,guess_passwd,1,0,NORMAL,0,0
9,tcp,telnet,SF,118,2380,0,0,0,0,0,1,0,0,0,0,0,0,0,0,0,0,1,1,0.0,0.0,0.0,0.0,1.0,0.0,0.0,32,14,0.44,0.09,0.03,0.0,0.0,0.0,0.12,0.29,guess_passwd,1,0,NORMAL,0,0
1,tcp,smtp,SF,2599,293,0,0,0,0,0,1,0,0,0,0,0,0,0,0,0,0,2,2,0.0,0.0,0.0,0.0,1.0,0.0,0.0,255,50,0.2,0.16,0.0,0.0,0.0,0.0,0.78,0.0,mailbomb,1,0,NORMAL,0,0
1,tcp,smtp,SF,2599,293,0,0,0,0,0,1,0,0,0,0,0,0,0,0,0,0,4,3,0.0,0.0,0.25,0.0,0.75,0.5,0.0,255,179,0.7,0.13,0.0,0.0,0.0,0.0,0.29,0.0,mailbomb,1,0,NORMAL,0,0
0,tcp,telnet,RSTO,0,15,0,0,0,0,0,0,0,0,0,0,0,0,0,0,0,0,1,5,0.0,0.2,1.0,0.6,1.0,0.0,0.8,255,42,0.16,0.03,0.0,0.0,0.02,0.0,0.41,0.74,mscan,1,0,NORMAL,0,0
0,tcp,other,RSTR,0,0,0,0,0,0,0,0,0,0,0,0,0,0,0,0,0,0,1,1,0.0,0.0,1.0,1.0,1.0,0.0,0.0,255,1,0.0,0.28,0.27,0.0,0.0,0.0,0.27,1.0,normal,0,1,ATTACK,1,0
281,tcp,ftp,SF,160,597,0,0,0,2,0,1,0,0,0,0,0,0,0,0,0,1,1,1,0.0,0.0,0.0,0.0,1.0,0.0,0.0,178,59,0.33,0.04,0.01,0.0,0.0,0.0,0.0,0.0,warezmaster,1,0,NORMAL,0,0
0,tcp,telnet,S3,0,44,0,0,0,0,0,0,0,0,0,0,0,0,0,0,0,0,1,1,1.0,1.0,0.0,0.0,1.0,0.0,0.0,255,129,0.51,0.02,0.0,0.0,0.53,0.43,0.01,0.01,processtable,1,0,NORMAL,0,0
0,udp,private,SF,1,0,0,0,0,0,0,0,0,0,0,0,0,0,0,0,0,0,101,16,0.0,0.0,0.0,0.0,0.16,0.58,0.0,255,16,0.06,0.55,0.9,0.0,0.0,0.0,0.1,0.0,normal,0,1,ATTACK,1,0
5,tcp,pop_3,SF,28,93,0,0,0,0,0,1,0,0,0,0,0,0,0,0,0,0,1,1,0.0,0.0,0.0,0.0,1.0,0.0,0.0,255,219,0.86,0.04,0.0,0.0,0.0,0.0,0.0,0.0,guess_passwd,1,0,NORMAL,0,0
0,tcp,telnet,SF,122,174,0,0,0,0,1,0,0,0,0,0,0,0,0,0,0,0,1,1,0.0,0.0,0.0,0.0,1.0,0.0,0.0,255,250,0.98,0.01,0.0,0.0,0.0,0.0,0.02,0.02,guess_passwd,1,0,NORMAL,0,0
0,tcp,telnet,SF,129,174,0,0,0,0,1,0,0,0,0,0,0,0,0,0,0,0,2,2,0.0,0.0,0.0,0.0,1.0,0.0,0.0,255,41,0.16,0.02,0.0,0.0,0.0,0.0,0.01,0.05,guess_passwd,1,0,NORMAL,0,0
7871,tcp,telnet,SF,0,44,0,0,0,0,0,0,0,0,0,0,0,0,0,0,0,0,1,1,0.0,0.0,0.0,0.0,1.0,0.0,0.0,255,117,0.46,0.03,0.0,0.0,0.16,0.34,0.11,0.11,processtable,1,0,NORMAL,0,0
0,tcp,http,REJ,0,0,0,0,0,0,0,0,0,0,0,0,0,0,0,0,0,0,1,1,0.0,0.0,1.0,1.0,1.0,0.0,0.0,255,23,0.09,0.54,0.0,0.0,0.0,0.0,0.09,1.0,normal,0,1,ATTACK,1,0
4,tcp,pop_3,SF,32,93,0,0,0,0,0,1,0,0,0,0,0,0,0,0,0,0,1,1,0.0,0.0,0.0,0.0,1.0,0.0,0.0,255,251,0.98,0.01,0.0,0.0,0.0,0.0,0.0,0.0,guess_passwd,1,0,NORMAL,0,0
0,tcp,ftp_data,SF,12,0,0,0,0,0,0,0,0,0,0,0,0,0,0,0,0,0,1,1,0.0,0.0,0.0,0.0,1.0,0.0,0.0,7,15,1.0,0.0,1.0,0.13,0.0,0.0,0.0,0.0,warezmaster,1,0,NORMAL,0,0
8052,tcp,telnet,SF,0,15,0,0,0,0,0,0,0,0,0,0,0,0,0,0,0,0,1,1,0.0,0.0,0.0,0.0,1.0,0.0,0.0,255,92,0.36,0.02,0.0,0.0,0.63,0.47,0.01,0.01,processtable,1,0,NORMAL,0,0
280,tcp,ftp_data,SF,283618,0,0,0,0,0,0,0,0,0,0,0,0,0,0,0,0,0,2,2,0.0,0.0,0.0,0.0,1.0,0.0,0.0,5,2,0.4,0.4,0.4,0.0,0.0,0.0,0.0,0.0,warezmaster,1,0,NORMAL,0,0
7244,tcp,telnet,SF,0,44,0,0,0,0,0,0,0,0,0,0,0,0,0,0,0,0,1,1,0.0,0.0,0.0,0.0,1.0,0.0,0.0,255,248,0.97,0.02,0.0,0.0,0.33,0.34,0.04,0.02,processtable,1,0,NORMAL,0,0
4,tcp,pop_3,SF,28,93,0,0,0,0,0,1,0,0,0,0,0,0,0,0,0,0,1,1,0.0,0.0,0.0,0.0,1.0,0.0,0.0,255,243,0.95,0.02,0.0,0.0,0.0,0.0,0.03,0.0,guess_passwd,1,0,NORMAL,0,0
282,tcp,ftp,SF,162,597,0,0,0,2,0,1,0,0,0,0,0,0,0,0,0,1,1,1,0.0,0.0,0.0,0.0,1.0,0.0,0.0,249,91,0.37,0.03,0.0,0.0,0.0,0.0,0.0,0.0,warezmaster,1,0,NORMAL,0,0
4,tcp,pop_3,SF,32,93,0,0,0,0,0,1,0,0,0,0,0,0,0,0,0,0,1,1,0.0,0.0,0.0,0.0,1.0,0.0,0.0,255,143,0.56,0.02,0.0,0.0,0.0,0.0,0.16,0.0,guess_passwd,1,0,NORMAL,0,0
5,tcp,pop_3,SF,26,93,0,0,0,0,0,1,0,0,0,0,0,0,0,0,0,0,1,1,0.0,0.0,0.0,0.0,1.0,0.0,0.0,255,226,0.89,0.02,0.0,0.0,0.0,0.0,0.08,0.0,guess_passwd,1,0,NORMAL,0,0
4,tcp,pop_3,SF,30,93,0,0,0,0,0,1,0,0,0,0,0,0,0,0,0,0,1,1,0.0,0.0,0.0,0.0,1.0,0.0,0.0,255,248,0.97,0.01,0.0,0.0,0.0,0.0,0.02,0.0,guess_passwd,1,0,NORMAL,0,0
281,tcp,ftp,SF,162,599,0,0,0,2,0,1,0,0,0,0,0,0,0,0,0,1,1,2,0.0,0.0,0.0,0.0,1.0,0.0,1.0,34,13,0.38,0.12,0.03,0.0,0.0,0.0,0.0,0.0,warezmaster,1,0,NORMAL,0,0
4,tcp,pop_3,SF,26,93,0,0,0,0,0,1,0,0,0,0,0,0,0,0,0,0,1,1,0.0,0.0,0.0,0.0,1.0,0.0,0.0,255,235,0.92,0.02,0.0,0.0,0.0,0.0,0.02,0.0,guess_passwd,1,0,NORMAL,0,0
0,tcp,http,S0,0,0,0,0,0,0,0,0,0,0,0,0,0,0,0,0,0,0,31,31,0.35,0.35,0.65,0.65,1.0,0.0,0.0,255,255,1.0,0.0,0.0,0.0,0.06,0.06,0.69,0.69,apache2,1,0,NORMAL,0,0
0,tcp,telnet,REJ,0,0,0,0,0,0,0,0,0,0,0,0,0,0,0,0,0,0,1,10,0.0,0.2,1.0,0.5,1.0,0.0,0.6,91,94,0.33,0.05,0.01,0.02,0.03,0.06,0.88,0.62,mscan,1,0,NORMAL,0,0
7378,tcp,telnet,SF,0,44,0,0,0,0,0,0,0,0,0,0,0,0,0,0,0,0,1,1,0.0,0.0,0.0,0.0,1.0,0.0,0.0,255,212,0.83,0.17,0.0,0.0,0.5,0.6,0.17,0.01,processtable,1,0,NORMAL,0,0
2,tcp,telnet,SF,24,109,0,0,0,0,0,0,0,0,0,0,0,0,0,0,0,0,4,5,0.0,0.0,0.75,0.4,0.5,0.75,0.6,170,84,0.33,0.03,0.01,0.02,0.0,0.0,0.89,0.68,mscan,1,0,NORMAL,0,0
4,tcp,pop_3,SF,26,93,0,0,0,0,0,1,0,0,0,0,0,0,0,0,0,0,1,1,0.0,0.0,0.0,0.0,1.0,0.0,0.0,255,242,0.95,0.02,0.0,0.0,0.0,0.0,0.01,0.0,guess_passwd,1,0,NORMAL,0,0
1,tcp,smtp,SF,2599,293,0,0,0,0,0,1,0,0,0,0,0,0,0,0,0,0,4,3,0.0,0.0,0.25,0.0,0.75,0.5,0.0,255,119,0.47,0.15,0.0,0.0,0.0,0.0,0.52,0.0,mailbomb,1,0,NORMAL,0,0
1,tcp,smtp,SF,2599,293,0,0,0,0,0,1,0,0,0,0,0,0,0,0,0,0,2,2,0.0,0.0,0.0,0.0,1.0,0.0,0.0,255,132,0.52,0.15,0.0,0.0,0.0,0.0,0.47,0.0,mailbomb,1,0,NORMAL,0,0
0,udp,private,SF,1,0,0,0,0,0,0,0,0,0,0,0,0,0,0,0,0,0,123,15,0.0,0.0,0.0,0.0,0.12,0.8,0.0,255,15,0.06,0.93,1.0,0.0,0.0,0.0,0.0,0.0,normal,0,1,ATTACK,1,0
5,tcp,pop_3,SF,32,93,0,0,0,0,0,1,0,0,0,0,0,0,0,0,0,0,1,1,0.0,0.0,0.0,0.0,1.0,0.0,0.0,255,148,0.58,0.02,0.0,0.0,0.0,0.0,0.15,0.0,guess_passwd,1,0,NORMAL,0,0
1,tcp,smtp,SF,2599,293,0,0,0,0,0,1,0,0,0,0,0,0,0,0,0,0,4,3,0.0,0.0,0.25,0.0,0.75,0.5,0.0,255,88,0.35,0.14,0.0,0.0,0.0,0.0,0.64,0.0,mailbomb,1,0,NORMAL,0,0
0,tcp,telnet,SF,119,174,0,0,0,0,1,0,0,0,0,0,0,0,0,0,0,0,1,1,0.0,0.0,0.0,0.0,1.0,0.0,0.0,255,254,1.0,0.01,0.0,0.0,0.01,0.01,0.02,0.02,guess_passwd,1,0,NORMAL,0,0
0,tcp,telnet,REJ,0,0,0,0,0,0,0,0,0,0,0,0,0,0,0,0,0,0,1,16,0.0,0.12,1.0,0.69,1.0,0.0,0.94,247,40,0.15,0.03,0.0,0.05,0.0,0.08,0.08,0.2,mscan,1,0,NORMAL,0,0
281,tcp,ftp,SF,162,599,0,0,0,2,0,1,0,0,0,0,0,0,0,0,0,1,1,1,0.0,0.0,0.0,0.0,1.0,0.0,0.0,225,74,0.33,0.03,0.0,0.0,0.0,0.0,0.0,0.0,warezmaster,1,0,NORMAL,0,0
4,tcp,pop_3,SF,28,93,0,0,0,0,0,1,0,0,0,0,0,0,0,0,0,0,1,1,0.0,0.0,0.0,0.0,1.0,0.0,0.0,255,134,0.53,0.02,0.0,0.0,0.0,0.0,0.17,0.0,guess_passwd,1,0,NORMAL,0,0
7424,tcp,telnet,SF,0,44,0,0,0,0,0,0,0,0,0,0,0,0,0,0,0,0,1,1,0.0,0.0,0.0,0.0,1.0,0.0,0.0,255,218,0.85,0.03,0.0,0.0,0.33,0.39,0.12,0.06,processtable,1,0,NORMAL,0,0
0,udp,private,SF,48,0,0,0,0,0,0,0,0,0,0,0,0,0,0,0,0,0,4,4,0.0,0.0,0.0,0.0,1.0,0.0,0.0,255,253,0.99,0.01,0.01,0.0,0.0,0.0,0.0,0.0,snmpguess,1,0,NORMAL,0,0
0,tcp,ftp_data,SF,12,0,0,0,0,0,0,0,0,0,0,0,0,0,0,0,0,0,1,1,0.0,0.0,0.0,0.0,1.0,0.0,0.0,7,19,1.0,0.0,1.0,0.16,0.0,0.0,0.0,0.0,warezmaster,1,0,NORMAL,0,0
1,tcp,telnet,SF,123,174,0,0,0,0,1,0,0,0,0,0,0,0,0,0,0,0,2,2,0.0,0.0,0.5,0.5,1.0,0.0,0.0,255,58,0.23,0.02,0.0,0.0,0.0,0.0,0.01,0.05,guess_passwd,1,0,NORMAL,0,0
0,tcp,ftp,SF,26,157,0,0,0,0,1,0,0,0,0,0,0,0,0,0,0,1,1,1,0.0,0.0,0.0,0.0,1.0,0.0,0.0,161,76,0.47,0.02,0.01,0.0,0.0,0.0,0.0,0.0,guess_passwd,1,0,NORMAL,0,0
0,udp,private,SF,53,0,0,0,0,0,0,0,0,0,0,0,0,0,0,0,0,0,3,3,0.0,0.0,0.0,0.0,1.0,0.0,0.0,255,254,1.0,0.01,0.0,0.0,0.0,0.0,0.0,0.0,snmpguess,1,0,NORMAL,0,0
0,tcp,telnet,SF,127,174,0,0,0,0,1,0,0,0,0,0,0,0,0,0,0,0,2,2,0.0,0.0,0.0,0.0,1.0,0.0,0.0,255,255,1.0,0.0,0.0,0.0,0.0,0.0,0.02,0.02,guess_passwd,1,0,NORMAL,0,0
4,tcp,pop_3,SF,32,93,0,0,0,0,0,1,0,0,0,0,0,0,0,0,0,0,1,1,0.0,0.0,0.0,0.0,1.0,0.0,0.0,255,168,0.66,0.02,0.0,0.0,0.0,0.0,0.12,0.0,guess_passwd,1,0,NORMAL,0,0
1,tcp,smtp,SF,2599,293,0,0,0,0,0,1,0,0,0,0,0,0,0,0,0,0,3,3,0.0,0.0,0.0,0.0,1.0,0.0,0.0,255,16,0.06,0.16,0.0,0.0,0.0,0.0,0.92,0.0,mailbomb,1,0,NORMAL,0,0
0,tcp,ftp,SF,26,157,0,0,0,0,1,0,0,0,0,0,0,0,0,0,0,1,1,1,0.0,0.0,0.0,0.0,1.0,0.0,0.0,240,120,0.5,0.03,0.0,0.0,0.0,0.0,0.0,0.0,guess_passwd,1,0,NORMAL,0,0
0,tcp,other,SF,263,0,0,0,0,0,0,0,0,0,0,0,0,0,0,0,0,0,2,2,0.0,0.0,0.0,0.0,1.0,0.0,0.0,115,14,0.12,0.06,0.01,0.0,0.0,0.0,0.07,0.57,httptunnel,1,0,NORMAL,0,0
0,tcp,telnet,S3,0,44,0,0,0,0,0,0,0,0,0,0,0,0,0,0,0,0,1,1,1.0,1.0,0.0,0.0,1.0,0.0,0.0,255,157,0.62,0.03,0.0,0.0,0.33,0.53,0.11,0.08,processtable,1,0,NORMAL,0,0
0,udp,private,SF,1,0,0,0,0,0,0,0,0,0,0,0,0,0,0,0,0,0,60,3,0.0,0.0,0.0,0.0,0.05,0.13,0.0,255,3,0.01,0.57,0.91,0.0,0.0,0.0,0.09,0.0,normal,0,1,ATTACK,1,0
8056,tcp,telnet,S3,1,15,0,0,0,0,0,0,0,0,0,0,0,0,0,0,0,0,1,1,1.0,1.0,0.0,0.0,1.0,0.0,0.0,255,45,0.18,0.73,0.0,0.0,0.08,0.44,0.71,0.0,processtable,1,0,NORMAL,0,0
0,tcp,telnet,SF,123,174,0,0,0,0,1,0,0,0,0,0,0,0,0,0,0,0,1,1,0.0,0.0,0.0,0.0,1.0,0.0,0.0,255,168,0.66,0.02,0.0,0.0,0.0,0.0,0.02,0.03,guess_passwd,1,0,NORMAL,0,0
0,tcp,ftp_data,SF,12,0,0,0,0,0,0,0,0,0,0,0,0,0,0,0,0,0,2,2,0.0,0.0,0.0,0.0,1.0,0.0,0.0,14,2,0.14,0.14,0.14,0.0,0.0,0.0,0.0,0.0,warezmaster,1,0,NORMAL,0,0
0,tcp,telnet,RSTO,0,15,0,0,0,0,0,0,0,0,0,0,0,0,0,0,0,0,3,2,0.0,0.0,0.67,0.5,0.67,0.67,0.0,213,89,0.34,0.02,0.0,0.02,0.0,0.0,0.87,0.63,mscan,1,0,NORMAL,0,0
5,tcp,pop_3,SF,32,93,0,0,0,0,0,1,0,0,0,0,0,0,0,0,0,0,1,1,0.0,0.0,0.0,0.0,1.0,0.0,0.0,255,136,0.53,0.02,0.0,0.0,0.0,0.0,0.17,0.02,guess_passwd,1,0,NORMAL,0,0
282,tcp,ftp,SF,162,599,0,0,0,2,0,1,0,0,0,0,0,0,0,0,0,1,1,1,0.0,0.0,0.0,0.0,1.0,0.0,0.0,255,14,0.05,0.79,0.0,0.0,0.0,0.0,0.78,0.0,warezmaster,1,0,NORMAL,0,0
283,tcp,ftp,SF,156,593,0,0,0,2,0,1,0,0,0,0,0,0,0,0,0,1,1,1,0.0,0.0,0.0,0.0,1.0,0.0,0.0,255,95,0.37,0.03,0.0,0.0,0.02,0.0,0.01,0.0,warezmaster,1,0,NORMAL,0,0
0,udp,private,SF,43,0,0,0,0,0,0,0,0,0,0,0,0,0,0,0,0,0,4,4,0.0,0.0,0.0,0.0,1.0,0.0,0.0,255,255,1.0,0.0,0.02,0.0,0.0,0.0,0.0,0.0,snmpguess,1,0,NORMAL,0,0
4,tcp,pop_3,SF,32,93,0,0,0,0,0,1,0,0,0,0,0,0,0,0,0,0,1,1,0.0,0.0,0.0,0.0,1.0,0.0,0.0,255,167,0.65,0.02,0.0,0.0,0.0,0.0,0.12,0.0,guess_passwd,1,0,NORMAL,0,0
0,udp,private,SF,105,146,0,0,0,0,0,0,0,0,0,0,0,0,0,0,0,0,2,2,0.0,0.0,0.0,0.0,1.0,0.0,0.0,29,28,0.97,0.07,0.03,0.0,0.0,0.0,0.0,0.0,snmpgetattack,1,0,NORMAL,0,0
0,udp,private,SF,47,0,0,0,0,0,0,0,0,0,0,0,0,0,0,0,0,0,5,5,0.0,0.0,0.0,0.0,1.0,0.0,0.0,255,255,1.0,0.0,0.01,0.0,0.0,0.0,0.0,0.0,snmpguess,1,0,NORMAL,0,0
0,tcp,telnet,SF,124,174,0,0,0,0,1,0,0,0,0,0,0,0,0,0,0,0,1,1,0.0,0.0,0.0,0.0,1.0,0.0,0.0,255,205,0.8,0.02,0.0,0.0,0.0,0.0,0.02,0.03,guess_passwd,1,0,NORMAL,0,0
4,tcp,pop_3,SF,26,93,0,0,0,0,0,1,0,0,0,0,0,0,0,0,0,0,1,1,0.0,0.0,0.0,0.0,1.0,0.0,0.0,255,242,0.95,0.01,0.0,0.0,0.0,0.0,0.03,0.0,guess_passwd,1,0,NORMAL,0,0
0,tcp,other,REJ,0,0,0,0,0,0,0,0,0,0,0,0,0,0,0,0,0,0,1,1,0.0,0.0,1.0,1.0,1.0,0.0,0.0,117,16,0.14,0.06,0.01,0.0,0.0,0.0,0.09,0.62,httptunnel,1,0,NORMAL,0,0
0,tcp,telnet,S3,0,44,0,0,0,0,0,0,0,0,0,0,0,0,0,0,0,0,1,1,1.0,1.0,0.0,0.0,1.0,0.0,0.0,255,153,0.6,0.02,0.0,0.0,0.55,0.52,0.01,0.01,processtable,1,0,NORMAL,0,0
8224,tcp,telnet,SF,0,15,0,0,0,0,0,0,0,0,0,0,0,0,0,0,0,0,1,1,0.0,0.0,0.0,0.0,1.0,0.0,0.0,255,62,0.24,0.02,0.0,0.0,0.77,0.82,0.01,0.03,processtable,1,0,NORMAL,0,0
0,udp,private,SF,1,0,0,0,0,0,0,0,0,0,0,0,0,0,0,0,0,0,96,11,0.0,0.0,0.0,0.0,0.11,0.61,0.0,255,11,0.04,0.56,0.9,0.0,0.0,0.0,0.1,0.0,normal,0,1,ATTACK,1,0
0,udp,private,SF,51,51,0,0,0,0,0,0,0,0,0,0,0,0,0,0,0,0,4,4,0.0,0.0,0.0,0.0,1.0,0.0,0.0,255,255,1.0,0.0,0.01,0.0,0.0,0.0,0.0,0.0,snmpguess,1,0,NORMAL,0,0
0,tcp,ftp_data,SF,12,0,0,0,0,0,0,0,0,0,0,0,0,0,0,0,0,0,2,2,0.0,0.0,0.0,0.0,1.0,0.0,0.0,8,24,1.0,0.0,1.0,0.12,0.0,0.0,0.0,0.0,warezmaster,1,0,NORMAL,0,0
0,udp,private,SF,43,0,0,0,0,0,0,0,0,0,0,0,0,0,0,0,0,0,2,2,0.0,0.0,0.0,0.0,1.0,0.0,0.0,255,255,1.0,0.0,0.0,0.0,0.0,0.0,0.0,0.0,snmpguess,1,0,NORMAL,0,0
281,tcp,ftp,SF,160,595,0,0,0,2,0,1,0,0,0,0,0,0,0,0,0,1,1,1,0.0,0.0,0.0,0.0,1.0,0.0,0.0,172,57,0.33,0.04,0.01,0.0,0.0,0.0,0.0,0.0,warezmaster,1,0,NORMAL,0,0
4,tcp,pop_3,SF,32,93,0,0,0,0,0,1,0,0,0,0,0,0,0,0,0,0,1,1,0.0,0.0,0.0,0.0,1.0,0.0,0.0,174,156,0.89,0.02,0.01,0.01,0.0,0.0,0.06,0.0,guess_passwd,1,0,NORMAL,0,0
0,tcp,telnet,S3,0,44,0,0,0,0,0,0,0,0,0,0,0,0,0,0,0,0,1,1,1.0,1.0,0.0,0.0,1.0,0.0,0.0,255,104,0.41,0.52,0.0,0.0,0.31,0.76,0.51,0.0,processtable,1,0,NORMAL,0,0
4,tcp,pop_3,SF,28,93,0,0,0,0,0,1,0,0,0,0,0,0,0,0,0,0,1,1,0.0,0.0,0.0,0.0,1.0,0.0,0.0,167,149,0.89,0.02,0.01,0.01,0.0,0.0,0.06,0.0,guess_passwd,1,0,NORMAL,0,0
5,tcp,pop_3,SF,26,93,0,0,0,0,0,1,0,0,0,0,0,0,0,0,0,0,1,1,0.0,0.0,0.0,0.0,1.0,0.0,0.0,255,230,0.9,0.02,0.0,0.0,0.0,0.0,0.06,0.0,guess_passwd,1,0,NORMAL,0,0
0,tcp,telnet,SF,21,104,0,0,0,0,0,0,0,0,0,0,0,0,0,0,0,0,4,2,0.0,0.0,0.25,0.5,0.5,0.75,0.0,214,103,0.41,0.02,0.0,0.02,0.0,0.0,0.17,0.43,mscan,1,0,NORMAL,0,0
280,tcp,ftp_data,SF,283618,0,0,0,0,0,0,0,0,0,0,0,0,0,0,0,0,0,2,2,0.0,0.0,0.0,0.0,1.0,0.0,0.0,11,12,0.91,0.18,0.91,0.17,0.0,0.0,0.0,0.0,warezmaster,1,0,NORMAL,0,0
0,udp,private,SF,51,0,0,0,0,0,0,0,0,0,0,0,0,0,0,0,0,0,5,5,0.0,0.0,0.0,0.0,1.0,0.0,0.0,255,255,1.0,0.0,0.0,0.0,0.0,0.0,0.0,0.0,snmpguess,1,0,NORMAL,0,0
0,udp,private,SF,46,0,0,0,0,0,0,0,0,0,0,0,0,0,0,0,0,0,3,3,0.0,0.0,0.0,0.0,1.0,0.0,0.0,255,254,1.0,0.01,0.0,0.0,0.0,0.0,0.0,0.0,snmpguess,1,0,NORMAL,0,0
0,udp,private,SF,48,0,0,0,0,0,0,0,0,0,0,0,0,0,0,0,0,0,5,5,0.0,0.0,0.0,0.0,1.0,0.0,0.0,255,253,0.99,0.01,0.0,0.0,0.0,0.0,0.0,0.0,snmpguess,1,0,NORMAL,0,0
0,tcp,ftp_data,SF,12,0,0,0,0,0,0,0,0,0,0,0,0,0,0,0,0,0,1,1,0.0,0.0,0.0,0.0,1.0,0.0,0.0,7,37,1.0,0.0,1.0,0.14,0.0,0.0,0.0,0.0,warezmaster,1,0,NORMAL,0,0
4,tcp,pop_3,SF,27,93,0,0,0,0,0,1,0,0,0,0,0,0,0,0,0,0,1,1,0.0,0.0,0.0,0.0,1.0,0.0,0.0,255,244,0.96,0.02,0.0,0.0,0.0,0.0,0.02,0.0,guess_passwd,1,0,NORMAL,0,0
281,tcp,ftp,SF,166,601,0,0,0,2,0,1,0,0,0,0,0,0,0,0,0,1,1,1,0.0,0.0,0.0,0.0,1.0,0.0,0.0,255,46,0.18,0.02,0.0,0.0,0.0,0.0,0.53,0.0,warezmaster,1,0,NORMAL,0,0
282,tcp,ftp,SF,159,597,0,0,0,2,0,1,0,0,0,0,0,0,0,0,0,1,1,1,0.0,0.0,0.0,0.0,1.0,0.0,0.0,255,18,0.07,0.93,0.0,0.0,0.0,0.06,0.91,0.0,warezmaster,1,0,NORMAL,0,0
7561,tcp,telnet,SF,0,44,0,0,0,0,0,0,0,0,0,0,0,0,0,0,0,0,1,1,0.0,0.0,0.0,0.0,1.0,0.0,0.0,255,186,0.73,0.03,0.0,0.0,0.33,0.46,0.12,0.08,processtable,1,0,NORMAL,0,0
3,tcp,pop_3,SF,32,93,0,0,0,0,0,1,0,0,0,0,0,0,0,0,0,0,1,1,0.0,0.0,0.0,0.0,1.0,0.0,0.0,255,159,0.62,0.02,0.0,0.0,0.0,0.0,0.13,0.0,guess_passwd,1,0,NORMAL,0,0
0,udp,private,SF,1,1,0,0,0,0,0,0,0,0,0,0,0,0,0,0,0,0,14,6,0.0,0.0,0.0,0.0,0.43,0.5,0.0,255,6,0.02,0.97,0.05,0.0,0.0,0.0,0.95,0.0,normal,0,1,ATTACK,1,0
0,tcp,ftp_data,SF,12,0,0,0,0,0,0,0,0,0,0,0,0,0,0,0,0,0,1,1,0.0,0.0,0.0,0.0,1.0,0.0,0.0,1,23,1.0,0.0,1.0,0.17,0.0,0.0,0.0,0.0,warezmaster,1,0,NORMAL,0,0
0,udp,private,SF,105,146,0,0,0,0,0,0,0,0,0,0,0,0,0,0,0,0,1,1,0.0,0.0,0.0,0.0,1.0,0.0,0.0,31,31,1.0,0.0,0.03,0.0,0.0,0.0,0.0,0.0,snmpgetattack,1,0,NORMAL,0,0
0,udp,private,SF,1,0,0,0,0,0,0,0,0,0,0,0,0,0,0,0,0,0,24,7,0.0,0.0,0.0,0.0,0.29,0.21,0.0,255,7,0.03,0.69,1.0,0.0,0.0,0.0,0.0,0.0,normal,0,1,ATTACK,1,0
4,tcp,pop_3,SF,31,93,0,0,0,0,0,1,0,0,0,0,0,0,0,0,0,0,1,1,0.0,0.0,0.0,0.0,1.0,0.0,0.0,255,236,0.93,0.01,0.0,0.0,0.0,0.0,0.04,0.0,guess_passwd,1,0,NORMAL,0,0
283,tcp,ftp,SF,160,599,0,0,0,2,0,1,0,0,0,0,0,0,0,0,0,1,1,1,0.0,0.0,0.0,0.0,1.0,0.0,0.0,255,40,0.16,0.02,0.0,0.0,0.0,0.0,0.49,0.0,warezmaster,1,0,NORMAL,0,0
3,tcp,http,SF,35,255,0,0,0,0,0,1,0,0,0,0,0,0,0,0,0,0,1,17,0.0,0.0,0.0,0.0,1.0,0.0,0.12,229,226,0.99,0.01,0.0,0.0,0.0,0.0,0.02,0.02,apache2,1,0,NORMAL,0,0
0,tcp,other,REJ,0,0,0,0,0,0,0,0,0,0,0,0,0,0,0,0,0,0,1,1,0.0,0.0,1.0,1.0,1.0,0.0,0.0,255,14,0.05,0.01,0.0,0.0,0.0,0.0,0.05,0.86,httptunnel,1,0,NORMAL,0,0
0,udp,private,SF,28,0,0,3,0,0,0,0,0,0,0,0,0,0,0,0,0,0,83,83,0.0,0.0,0.0,0.0,1.0,0.0,0.0,255,83,0.33,0.02,0.33,0.0,0.19,0.0,0.21,0.0,normal,0,1,ATTACK,1,0
0,tcp,telnet,SF,125,174,0,0,0,0,1,0,0,0,0,0,0,0,0,0,0,0,2,2,0.0,0.0,0.0,0.0,1.0,0.0,0.0,255,68,0.27,0.02,0.0,0.0,0.0,0.0,0.01,0.04,guess_passwd,1,0,NORMAL,0,0
4,tcp,pop_3,SF,28,93,0,0,0,0,0,1,0,0,0,0,0,0,0,0,0,0,1,1,0.0,0.0,0.0,0.0,1.0,0.0,0.0,255,218,0.85,0.04,0.0,0.0,0.0,0.0,0.0,0.0,guess_passwd,1,0,NORMAL,0,0
4,tcp,pop_3,SF,27,103,0,0,0,0,0,1,0,0,0,0,0,0,0,0,0,0,1,1,0.0,0.0,0.0,0.0,1.0,0.0,0.0,255,216,0.85,0.02,0.0,0.0,0.0,0.0,0.04,0.01,guess_passwd,1,0,NORMAL,0,0
0,tcp,telnet,SF,123,174,0,0,0,0,1,0,0,0,0,0,0,0,0,0,0,0,1,1,0.0,0.0,0.0,0.0,1.0,0.0,0.0,255,99,0.39,0.02,0.0,0.0,0.0,0.0,0.01,0.03,guess_passwd,1,0,NORMAL,0,0
0,udp,private,SF,1,0,0,0,0,0,0,0,0,0,0,0,0,0,0,0,0,0,159,79,0.0,0.0,0.0,0.0,0.5,0.26,0.0,255,83,0.33,0.49,1.0,0.0,0.0,0.0,0.0,0.0,normal,0,1,ATTACK,1,0
0,tcp,telnet,SF,125,174,0,0,0,0,1,0,0,0,0,0,0,0,0,0,0,0,1,1,0.0,0.0,0.0,0.0,1.0,0.0,0.0,255,101,0.4,0.02,0.0,0.0,0.0,0.0,0.01,0.03,guess_passwd,1,0,NORMAL,0,0
8093,tcp,telnet,S3,1,15,0,0,0,0,0,0,0,0,0,0,0,0,0,0,0,0,1,1,1.0,1.0,0.0,0.0,1.0,0.0,0.0,255,38,0.15,0.75,0.0,0.0,0.05,0.34,0.74,0.0,processtable,1,0,NORMAL,0,0
281,tcp,ftp,SF,160,597,0,0,0,2,0,1,0,0,0,0,0,0,0,0,0,1,1,1,0.0,0.0,0.0,0.0,1.0,0.0,0.0,255,43,0.17,0.02,0.0,0.0,0.0,0.0,0.51,0.0,warezmaster,1,0,NORMAL,0,0
0,tcp,ftp_data,SF,5470,0,0,0,0,0,0,0,0,0,0,0,0,0,0,0,0,0,1,1,0.0,0.0,0.0,0.0,1.0,0.0,0.0,10,13,0.1,0.3,0.1,0.23,0.0,0.0,0.2,0.0,named,1,0,NORMAL,0,0
0,tcp,sunrpc,REJ,0,0,0,0,0,0,0,0,0,0,0,0,0,0,0,0,0,0,1,2,0.0,0.0,1.0,1.0,1.0,0.0,1.0,130,52,0.18,0.04,0.01,0.04,0.0,0.0,0.89,1.0,mscan,1,0,NORMAL,0,0
0,tcp,telnet,SF,122,174,0,0,0,0,1,0,0,0,0,0,0,0,0,0,0,0,1,1,0.0,0.0,0.0,0.0,1.0,0.0,0.0,255,254,1.0,0.01,0.0,0.0,0.01,0.01,0.02,0.02,guess_passwd,1,0,NORMAL,0,0
0,udp,private,SF,44,0,0,0,0,0,0,0,0,0,0,0,0,0,0,0,0,0,4,4,0.0,0.0,0.0,0.0,1.0,0.0,0.0,255,254,1.0,0.01,0.0,0.0,0.0,0.0,0.0,0.0,snmpguess,1,0,NORMAL,0,0
0,tcp,telnet,REJ,0,0,0,0,0,0,0,0,0,0,0,0,0,0,0,0,0,0,1,5,0.0,0.0,1.0,0.8,1.0,0.0,1.0,122,84,0.33,0.04,0.01,0.02,0.0,0.0,0.89,0.69,mscan,1,0,NORMAL,0,0
282,tcp,ftp,SF,160,597,0,0,0,2,0,1,0,0,0,0,0,0,0,0,0,1,1,1,0.0,0.0,0.0,0.0,1.0,0.0,0.0,207,68,0.33,0.03,0.0,0.0,0.0,0.0,0.0,0.0,warezmaster,1,0,NORMAL,0,0
0,tcp,http,S0,0,0,0,0,0,0,0,0,0,0,0,0,0,0,0,0,0,0,36,36,0.58,0.58,0.39,0.39,1.0,0.0,0.0,255,255,1.0,0.0,0.0,0.0,0.11,0.11,0.7,0.7,apache2,1,0,NORMAL,0,0
282,tcp,ftp,SF,160,597,0,0,0,2,0,1,0,0,0,0,0,0,0,0,0,1,1,1,0.0,0.0,0.0,0.0,1.0,0.0,0.0,255,17,0.07,0.87,0.0,0.0,0.0,0.0,0.85,0.0,warezmaster,1,0,NORMAL,0,0
0,tcp,telnet,S3,0,44,0,0,0,0,0,0,0,0,0,0,0,0,0,0,0,0,1,1,1.0,1.0,0.0,0.0,1.0,0.0,0.0,255,114,0.45,0.02,0.0,0.0,0.53,0.35,0.01,0.01,processtable,1,0,NORMAL,0,0
4,tcp,pop_3,SF,30,93,0,0,0,0,0,1,0,0,0,0,0,0,0,0,0,0,2,1,0.0,0.0,0.0,0.0,0.5,1.0,0.0,255,251,0.98,0.02,0.0,0.0,0.0,0.0,0.0,0.0,guess_passwd,1,0,NORMAL,0,0
282,tcp,ftp,SF,164,599,0,0,0,2,0,1,0,0,0,0,0,0,0,0,0,1,1,1,0.0,0.0,0.0,0.0,1.0,0.0,0.0,253,94,0.37,0.03,0.0,0.0,0.0,0.0,0.0,0.0,warezmaster,1,0,NORMAL,0,0
281,tcp,ftp,SF,160,599,0,0,0,2,0,1,0,0,0,0,0,0,0,0,0,1,1,1,0.0,0.0,0.0,0.0,1.0,0.0,0.0,255,15,0.06,0.86,0.0,0.0,0.0,0.0,0.85,0.0,warezmaster,1,0,NORMAL,0,0
0,icmp,ecr_i,SF,6408,0,0,0,0,0,0,0,0,0,0,0,0,0,0,0,0,0,3,3,0.0,0.0,0.0,0.0,1.0,0.0,0.0,172,24,0.14,0.05,0.22,0.0,0.0,0.0,0.0,0.0,normal,0,1,ATTACK,1,0
0,tcp,sunrpc,REJ,0,0,0,0,0,0,0,0,0,0,0,0,0,0,0,0,0,0,1,2,0.0,0.0,1.0,1.0,1.0,0.0,1.0,255,7,0.03,0.03,0.0,0.0,0.0,0.0,0.19,1.0,mscan,1,0,NORMAL,0,0
1,tcp,smtp,SF,2599,293,0,0,0,0,0,1,0,0,0,0,0,0,0,0,0,0,3,3,0.0,0.0,0.0,0.0,1.0,0.0,0.0,255,36,0.14,0.16,0.0,0.0,0.0,0.0,0.84,0.0,mailbomb,1,0,NORMAL,0,0
283,tcp,ftp,SF,160,597,0,0,0,2,0,1,0,0,0,0,0,0,0,0,0,1,1,1,0.0,0.0,0.0,0.0,1.0,0.0,0.0,255,32,0.13,0.03,0.0,0.0,0.39,0.0,0.02,0.0,warezmaster,1,0,NORMAL,0,0
4,tcp,pop_3,SF,28,103,0,0,0,0,0,1,0,0,0,0,0,0,0,0,0,0,1,1,0.0,0.0,0.0,0.0,1.0,0.0,0.0,255,216,0.85,0.02,0.0,0.0,0.0,0.0,0.04,0.01,guess_passwd,1,0,NORMAL,0,0
281,tcp,ftp,SF,160,597,0,0,0,2,0,1,0,0,0,0,0,0,0,0,0,1,1,1,0.0,0.0,0.0,0.0,1.0,0.0,0.0,255,109,0.43,0.03,0.0,0.0,0.0,0.0,0.0,0.0,warezmaster,1,0,NORMAL,0,0
0,tcp,other,SF,240,614,0,0,0,0,0,0,0,0,0,0,0,0,0,0,0,0,1,1,0.0,0.0,0.0,0.0,1.0,0.0,0.0,255,23,0.09,0.02,0.0,0.0,0.0,0.0,0.09,0.83,httptunnel,1,0,NORMAL,0,0
0,udp,private,SF,28,0,0,3,0,0,0,0,0,0,0,0,0,0,0,0,0,0,29,29,0.0,0.0,0.0,0.0,1.0,0.0,0.0,49,29,0.59,0.06,0.59,0.0,0.0,0.0,0.0,0.0,normal,0,1,ATTACK,1,0
0,udp,private,SF,105,105,0,0,0,0,0,0,0,0,0,0,0,0,0,0,0,0,2,2,0.0,0.0,0.0,0.0,1.0,0.0,0.0,255,255,1.0,0.0,0.0,0.0,0.0,0.0,0.0,0.0,snmpgetattack,1,0,NORMAL,0,0
7306,tcp,telnet,SF,0,44,0,0,0,0,0,0,0,0,0,0,0,0,0,0,0,0,1,1,0.0,0.0,0.0,0.0,1.0,0.0,0.0,255,230,0.9,0.1,0.0,0.0,0.5,0.55,0.1,0.01,processtable,1,0,NORMAL,0,0
4,tcp,pop_3,SF,32,93,0,0,0,0,0,1,0,0,0,0,0,0,0,0,0,0,1,1,0.0,0.0,0.0,0.0,1.0,0.0,0.0,255,226,0.89,0.02,0.0,0.0,0.0,0.0,0.06,0.0,guess_passwd,1,0,NORMAL,0,0
4,tcp,pop_3,SF,28,93,0,0,0,0,0,1,0,0,0,0,0,0,0,0,0,0,1,1,0.0,0.0,0.0,0.0,1.0,0.0,0.0,255,142,0.56,0.02,0.0,0.0,0.0,0.0,0.16,0.0,guess_passwd,1,0,NORMAL,0,0
7695,tcp,telnet,SF,0,44,0,0,0,0,0,0,0,0,0,0,0,0,0,0,0,0,1,1,0.0,0.0,0.0,0.0,1.0,0.0,0.0,255,160,0.63,0.02,0.0,0.0,0.54,0.52,0.01,0.01,processtable,1,0,NORMAL,0,0
281,tcp,ftp,SF,158,593,0,0,0,2,0,1,0,0,0,0,0,0,0,0,0,1,1,1,0.0,0.0,0.0,0.0,1.0,0.0,0.0,255,104,0.41,0.03,0.0,0.0,0.0,0.0,0.0,0.0,warezmaster,1,0,NORMAL,0,0
0,tcp,telnet,SF,121,188,0,0,0,0,1,0,0,0,0,0,0,0,0,0,0,0,2,2,0.0,0.0,0.0,0.0,1.0,0.0,0.0,255,255,1.0,0.0,0.0,0.0,0.01,0.01,0.02,0.02,guess_passwd,1,0,NORMAL,0,0
0,udp,private,SF,105,105,0,0,0,0,0,0,0,0,0,0,0,0,0,0,0,0,1,1,0.0,0.0,0.0,0.0,1.0,0.0,0.0,255,252,0.99,0.01,0.0,0.0,0.0,0.0,0.0,0.0,snmpgetattack,1,0,NORMAL,0,0
0,tcp,other,SF,240,619,0,0,0,0,0,0,0,0,0,0,0,0,0,0,0,0,2,2,0.0,0.0,0.0,0.0,1.0,0.0,0.0,66,11,0.17,0.08,0.02,0.0,0.0,0.0,0.11,0.64,httptunnel,1,0,NORMAL,0,0
0,tcp,telnet,SF,119,174,0,0,0,0,1,0,0,0,0,0,0,0,0,0,0,0,1,1,0.0,0.0,0.0,0.0,1.0,0.0,0.0,255,44,0.17,0.02,0.0,0.0,0.0,0.0,0.01,0.05,guess_passwd,1,0,NORMAL,0,0
0,tcp,other,REJ,0,0,0,0,0,0,0,0,0,0,0,0,0,0,0,0,0,0,1,1,0.0,0.0,1.0,1.0,1.0,0.0,0.0,255,4,0.02,0.02,0.0,0.0,0.0,0.0,0.02,1.0,httptunnel,1,0,NORMAL,0,0
4,tcp,pop_3,SF,30,103,0,0,0,0,0,1,0,0,0,0,0,0,0,0,0,0,1,1,0.0,0.0,0.0,0.0,1.0,0.0,0.0,255,216,0.85,0.02,0.0,0.0,0.0,0.0,0.04,0.01,guess_passwd,1,0,NORMAL,0,0
0,tcp,telnet,S3,0,44,0,0,0,0,0,0,0,0,0,0,0,0,0,0,0,0,1,1,1.0,1.0,0.0,0.0,1.0,0.0,0.0,255,91,0.36,0.03,0.0,0.0,0.05,0.13,0.11,0.14,processtable,1,0,NORMAL,0,0
0,tcp,other,REJ,0,0,0,0,0,0,0,0,0,0,0,0,0,0,0,0,0,0,1,1,0.0,0.0,1.0,1.0,1.0,0.0,0.0,61,8,0.13,0.08,0.02,0.0,0.0,0.0,0.1,0.75,httptunnel,1,0,NORMAL,0,0
0,tcp,telnet,SF,126,188,0,0,0,0,1,0,0,0,0,0,0,0,0,0,0,0,2,2,0.0,0.0,0.0,0.0,1.0,0.0,0.0,255,228,0.89,0.02,0.0,0.0,0.0,0.0,0.02,0.03,guess_passwd,1,0,NORMAL,0,0
0,tcp,other,REJ,0,0,0,0,0,0,0,0,0,0,0,0,0,0,0,0,0,0,1,1,0.0,0.0,1.0,1.0,1.0,0.0,0.0,84,7,0.08,0.04,0.01,0.0,0.0,0.0,0.08,1.0,httptunnel,1,0,NORMAL,0,0
5,tcp,pop_3,SF,28,93,0,0,0,0,0,1,0,0,0,0,0,0,0,0,0,0,1,1,0.0,0.0,0.0,0.0,1.0,0.0,0.0,255,249,0.98,0.01,0.0,0.0,0.0,0.0,0.0,0.0,guess_passwd,1,0,NORMAL,0,0
0,udp,private,SF,105,147,0,0,0,0,0,0,0,0,0,0,0,0,0,0,0,0,1,1,0.0,0.0,0.0,0.0,1.0,0.0,0.0,67,66,0.99,0.03,0.01,0.0,0.0,0.0,0.0,0.0,snmpgetattack,1,0,NORMAL,0,0
283,tcp,ftp,SF,158,597,0,0,0,2,0,1,0,0,0,0,0,0,0,0,0,1,1,1,0.0,0.0,0.0,0.0,1.0,0.0,0.0,255,76,0.3,0.03,0.0,0.0,0.03,0.0,0.02,0.0,warezmaster,1,0,NORMAL,0,0
0,udp,private,SF,49,0,0,0,0,0,0,0,0,0,0,0,0,0,0,0,0,0,4,4,0.0,0.0,0.0,0.0,1.0,0.0,0.0,255,255,1.0,0.0,0.01,0.0,0.0,0.0,0.0,0.0,snmpguess,1,0,NORMAL,0,0
7382,tcp,telnet,SF,0,44,0,0,0,0,0,0,0,0,0,0,0,0,0,0,0,0,1,1,0.0,0.0,0.0,0.0,1.0,0.0,0.0,255,218,0.85,0.02,0.0,0.0,0.27,0.32,0.01,0.0,processtable,1,0,NORMAL,0,0
0,tcp,telnet,S3,0,44,0,0,0,0,0,0,0,0,0,0,0,0,0,0,0,0,1,1,1.0,1.0,0.0,0.0,1.0,0.0,0.0,255,145,0.57,0.4,0.0,0.0,0.46,0.81,0.39,0.01,processtable,1,0,NORMAL,0,0
0,udp,other,SF,516,4,0,0,0,0,0,0,0,0,0,0,0,0,0,0,0,0,10,10,0.0,0.0,0.0,0.0,1.0,0.0,0.0,12,10,0.83,0.17,0.75,0.0,0.0,0.0,0.0,0.0,multihop,1,0,NORMAL,0,0
0,tcp,telnet,SF,121,174,0,0,0,0,1,0,0,0,0,0,0,0,0,0,0,0,1,1,0.0,0.0,0.0,0.0,1.0,0.0,0.0,255,22,0.09,0.02,0.0,0.0,0.0,0.0,0.0,0.05,guess_passwd,1,0,NORMAL,0,0
0,tcp,telnet,S3,0,44,0,0,0,0,0,0,0,0,0,0,0,0,0,0,0,0,1,1,1.0,1.0,0.0,0.0,1.0,0.0,0.0,255,129,0.51,0.45,0.0,0.0,0.4,0.78,0.44,0.02,processtable,1,0,NORMAL,0,0
0,tcp,ftp,SF,26,157,0,0,0,0,1,0,0,0,0,0,0,0,0,0,0,1,1,1,0.0,0.0,0.0,0.0,1.0,0.0,0.0,183,86,0.47,0.03,0.01,0.0,0.0,0.0,0.0,0.0,guess_passwd,1,0,NORMAL,0,0
11,tcp,telnet,SF,151,2482,0,0,0,1,0,1,0,0,0,0,0,0,0,0,0,1,4,1,0.0,0.0,0.0,0.0,0.25,0.5,0.0,255,2,0.01,0.02,0.0,0.0,0.0,0.0,0.0,0.0,multihop,1,0,NORMAL,0,0
0,udp,private,SF,105,105,0,0,0,0,0,0,0,0,0,0,0,0,0,0,0,0,3,3,0.0,0.0,0.0,0.0,1.0,0.0,0.0,255,255,1.0,0.0,0.0,0.0,0.0,0.0,0.0,0.0,snmpgetattack,1,0,NORMAL,0,0
0,tcp,ftp_data,SF,12,0,0,0,0,0,0,0,0,0,0,0,0,0,0,0,0,0,1,1,0.0,0.0,0.0,0.0,1.0,0.0,0.0,8,9,0.88,0.25,0.88,0.22,0.0,0.0,0.0,0.0,warezmaster,1,0,NORMAL,0,0
5,tcp,pop_3,SF,30,93,0,0,0,0,0,1,0,0,0,0,0,0,0,0,0,0,1,1,0.0,0.0,0.0,0.0,1.0,0.0,0.0,255,247,0.97,0.01,0.0,0.0,0.0,0.0,0.02,0.0,guess_passwd,1,0,NORMAL,0,0
282,tcp,ftp,SF,160,597,0,0,0,2,0,1,0,0,0,0,0,0,0,0,0,1,1,1,0.0,0.0,0.0,0.0,1.0,0.0,0.0,11,10,0.91,0.18,0.09,0.0,0.0,0.0,0.0,0.0,warezmaster,1,0,NORMAL,0,0
0,tcp,http,S0,0,0,0,0,0,0,0,0,0,0,0,0,0,0,0,0,0,0,10,10,1.0,1.0,0.0,0.0,1.0,0.0,0.0,255,244,0.96,0.01,0.0,0.0,0.09,0.09,0.56,0.59,apache2,1,0,NORMAL,0,0
7601,tcp,telnet,SF,0,44,0,0,0,0,0,0,0,0,0,0,0,0,0,0,0,0,1,9,0.0,0.22,0.0,0.33,1.0,0.0,0.67,255,175,0.69,0.03,0.0,0.0,0.33,0.48,0.11,0.07,processtable,1,0,NORMAL,0,0
4,tcp,pop_3,SF,28,93,0,0,0,0,0,1,0,0,0,0,0,0,0,0,0,0,1,1,0.0,0.0,0.0,0.0,1.0,0.0,0.0,8,11,1.0,0.0,0.12,0.27,0.0,0.0,0.0,0.0,guess_passwd,1,0,NORMAL,0,0
1,tcp,smtp,SF,2599,293,0,0,0,0,0,1,0,0,0,0,0,0,0,0,0,0,2,2,0.0,0.0,0.0,0.0,1.0,0.0,0.0,255,53,0.21,0.16,0.0,0.0,0.0,0.0,0.77,0.0,mailbomb,1,0,NORMAL,0,0
0,tcp,telnet,S3,0,44,0,0,0,0,0,0,0,0,0,0,0,0,0,0,0,0,1,1,1.0,1.0,0.0,0.0,1.0,0.0,0.0,255,158,0.62,0.03,0.0,0.0,0.33,0.53,0.11,0.08,processtable,1,0,NORMAL,0,0
281,tcp,ftp,SF,158,597,0,0,0,2,0,1,0,0,0,0,0,0,0,0,0,1,2,1,0.0,0.0,0.5,0.0,0.5,1.0,0.0,255,14,0.05,0.8,0.0,0.0,0.0,0.0,0.78,0.0,warezmaster,1,0,NORMAL,0,0
0,tcp,telnet,S3,0,44,0,0,0,0,0,0,0,0,0,0,0,0,0,0,0,0,1,1,1.0,1.0,0.0,0.0,1.0,0.0,0.0,255,155,0.61,0.03,0.0,0.0,0.32,0.52,0.11,0.08,processtable,1,0,NORMAL,0,0
7269,tcp,telnet,SF,0,44,0,0,0,0,0,0,0,0,0,0,0,0,0,0,0,0,1,1,0.0,0.0,0.0,0.0,1.0,0.0,0.0,255,242,0.95,0.02,0.0,0.0,0.27,0.29,0.01,0.0,processtable,1,0,NORMAL,0,0
1,tcp,telnet,RSTO,0,15,0,0,0,0,0,0,0,0,0,0,0,0,0,0,0,0,1,7,0.0,0.14,1.0,0.57,1.0,0.0,0.71,177,96,0.37,0.03,0.01,0.02,0.05,0.08,0.85,0.58,mscan,1,0,NORMAL,0,0
0,tcp,telnet,S3,0,44,0,0,0,0,0,0,0,0,0,0,0,0,0,0,0,0,1,1,1.0,1.0,0.0,0.0,1.0,0.0,0.0,255,132,0.52,0.03,0.0,0.0,0.22,0.42,0.11,0.1,processtable,1,0,NORMAL,0,0
5,tcp,pop_3,SF,32,93,0,0,0,0,0,1,0,0,0,0,0,0,0,0,0,0,1,1,0.0,0.0,0.0,0.0,1.0,0.0,0.0,89,76,0.84,0.03,0.01,0.03,0.0,0.0,0.11,0.0,guess_passwd,1,0,NORMAL,0,0
0,tcp,pop_3,SF,30,217,0,0,0,0,0,1,0,0,0,0,0,0,0,0,0,0,8,1,0.0,0.0,0.0,0.0,0.12,0.25,0.0,161,14,0.09,0.03,0.01,0.0,0.0,0.0,0.0,0.0,guess_passwd,1,0,NORMAL,0,0
7995,tcp,telnet,SF,0,44,0,0,0,0,0,0,0,0,0,0,0,0,0,0,0,0,1,1,0.0,0.0,0.0,0.0,1.0,0.0,0.0,255,104,0.41,0.02,0.0,0.0,0.58,0.39,0.01,0.01,processtable,1,0,NORMAL,0,0
0,tcp,ftp,SF,26,157,0,0,0,0,1,0,0,0,0,0,0,0,0,0,0,1,1,1,0.0,0.0,0.0,0.0,1.0,0.0,0.0,226,114,0.5,0.03,0.0,0.0,0.0,0.0,0.0,0.0,guess_passwd,1,0,NORMAL,0,0
0,tcp,telnet,SF,120,174,0,0,0,0,1,0,0,0,0,0,0,0,0,0,0,0,1,1,0.0,0.0,0.0,0.0,1.0,0.0,0.0,255,185,0.73,0.02,0.0,0.0,0.0,0.0,0.02,0.03,guess_passwd,1,0,NORMAL,0,0
282,tcp,ftp,SF,162,599,0,0,0,2,0,1,0,0,0,0,0,0,0,0,0,1,1,1,0.0,0.0,0.0,0.0,1.0,0.0,0.0,255,38,0.15,0.03,0.0,0.0,0.32,0.0,0.02,0.0,warezmaster,1,0,NORMAL,0,0
0,tcp,telnet,S3,0,44,0,0,0,0,0,0,0,0,0,0,0,0,0,0,0,0,1,1,1.0,1.0,0.0,0.0,1.0,0.0,0.0,255,131,0.51,0.03,0.0,0.0,0.22,0.42,0.11,0.1,processtable,1,0,NORMAL,0,0
0,tcp,http,S0,0,0,0,0,0,0,0,0,0,0,0,0,0,0,0,0,0,0,15,15,0.27,0.27,0.73,0.73,1.0,0.0,0.0,255,244,0.96,0.01,0.0,0.0,0.04,0.04,0.56,0.58,apache2,1,0,NORMAL,0,0
0,tcp,telnet,S3,0,44,0,0,0,0,0,0,0,0,0,0,0,0,0,0,0,0,1,1,1.0,1.0,0.0,0.0,1.0,0.0,0.0,255,92,0.36,0.56,0.0,0.0,0.26,0.73,0.55,0.0,processtable,1,0,NORMAL,0,0
0,tcp,ftp,SF,26,157,0,0,0,0,1,0,0,0,0,0,0,0,0,0,0,1,1,1,0.0,0.0,0.0,0.0,1.0,0.0,0.0,66,36,0.55,0.06,0.02,0.0,0.0,0.0,0.0,0.0,guess_passwd,1,0,NORMAL,0,0
1,tcp,smtp,SF,2599,293,0,0,0,0,0,1,0,0,0,0,0,0,0,0,0,0,2,2,0.0,0.0,0.0,0.0,1.0,0.0,0.0,255,196,0.77,0.13,0.0,0.0,0.0,0.0,0.22,0.0,mailbomb,1,0,NORMAL,0,0
0,tcp,ftp_data,SF,12,0,0,0,0,0,0,0,0,0,0,0,0,0,0,0,0,0,2,2,0.0,0.0,0.0,0.0,1.0,0.0,0.0,5,2,0.4,0.4,0.4,0.0,0.0,0.0,0.0,0.0,warezmaster,1,0,NORMAL,0,0
90,tcp,ftp,SF,110,351,0,0,0,1,0,1,0,0,0,0,0,0,0,0,0,0,1,1,0.0,0.0,0.0,0.0,1.0,0.0,0.0,148,1,0.01,0.05,0.01,0.0,0.01,0.0,0.0,0.0,httptunnel,1,0,NORMAL,0,0
0,tcp,ftp_data,SF,12,0,0,0,0,0,0,0,0,0,0,0,0,0,0,0,0,0,2,2,0.0,0.0,0.0,0.0,1.0,0.0,0.0,2,12,1.0,0.0,1.0,0.17,0.0,0.0,0.0,0.0,warezmaster,1,0,NORMAL,0,0
4,tcp,pop_3,SF,32,93,0,0,0,0,0,1,0,0,0,0,0,0,0,0,0,0,1,1,0.0,0.0,0.0,0.0,1.0,0.0,0.0,255,196,0.77,0.02,0.0,0.0,0.0,0.0,0.07,0.0,guess_passwd,1,0,NORMAL,0,0
283,tcp,ftp,SF,160,595,0,0,0,2,0,1,0,0,0,0,0,0,0,0,0,1,1,1,0.0,0.0,0.0,0.0,1.0,0.0,0.0,255,101,0.4,0.03,0.0,0.0,0.02,0.0,0.01,0.0,warezmaster,1,0,NORMAL,0,0
5,tcp,pop_3,SF,30,93,0,0,0,0,0,1,0,0,0,0,0,0,0,0,0,0,1,1,0.0,0.0,0.0,0.0,1.0,0.0,0.0,255,255,1.0,0.0,0.0,0.0,0.0,0.0,0.0,0.0,guess_passwd,1,0,NORMAL,0,0
280,tcp,ftp_data,SF,283618,0,0,0,0,0,0,0,0,0,0,0,0,0,0,0,0,0,1,1,0.0,0.0,0.0,0.0,1.0,0.0,0.0,4,29,0.75,0.5,0.75,0.17,0.0,0.0,0.0,0.0,warezmaster,1,0,NORMAL,0,0
0,udp,private,SF,47,0,0,0,0,0,0,0,0,0,0,0,0,0,0,0,0,0,2,2,0.0,0.0,0.0,0.0,1.0,0.0,0.0,255,254,1.0,0.01,0.01,0.0,0.0,0.0,0.0,0.0,snmpguess,1,0,NORMAL,0,0
0,udp,private,SF,105,147,0,0,0,0,0,0,0,0,0,0,0,0,0,0,0,0,2,2,0.0,0.0,0.0,0.0,1.0,0.0,0.0,255,255,1.0,0.0,0.01,0.0,0.0,0.0,0.0,0.0,snmpgetattack,1,0,NORMAL,0,0
283,tcp,ftp,SF,160,595,0,0,0,2,0,1,0,0,0,0,0,0,0,0,0,1,1,1,0.0,0.0,0.0,0.0,1.0,0.0,0.0,13,11,0.85,0.15,0.08,0.0,0.0,0.0,0.0,0.0,warezmaster,1,0,NORMAL,0,0
0,tcp,telnet,SF,120,174,0,0,0,0,1,0,0,0,0,0,0,0,0,0,0,0,1,1,0.0,0.0,0.0,0.0,1.0,0.0,0.0,255,209,0.82,0.02,0.0,0.0,0.0,0.0,0.02,0.03,guess_passwd,1,0,NORMAL,0,0
0,icmp,ecr_i,SF,20008,0,0,0,0,0,0,0,0,0,0,0,0,0,0,0,0,0,3,3,0.0,0.0,0.0,0.0,1.0,0.0,0.0,192,44,0.23,0.05,0.3,0.0,0.0,0.0,0.0,0.0,normal,0,1,ATTACK,1,0
1,tcp,telnet,SF,191,10965,0,0,0,0,0,1,0,1,0,3,0,0,0,0,0,0,1,1,0.0,0.0,0.0,0.0,1.0,0.0,0.0,255,1,0.0,0.02,0.0,0.0,0.0,0.0,0.0,0.0,sendmail,1,0,NORMAL,0,0
11,tcp,telnet,SF,118,2427,0,0,0,0,0,1,0,0,0,0,0,0,0,0,0,0,1,1,0.0,0.0,0.0,0.0,1.0,0.0,0.0,255,7,0.03,0.01,0.0,0.0,0.0,0.0,0.02,0.57,guess_passwd,1,0,NORMAL,0,0
0,tcp,telnet,SF,126,174,0,0,0,0,1,0,0,0,0,0,0,0,0,0,0,0,1,1,0.0,0.0,0.0,0.0,1.0,0.0,0.0,255,254,1.0,0.01,0.0,0.0,0.01,0.01,0.02,0.02,guess_passwd,1,0,NORMAL,0,0
7360,tcp,telnet,SF,0,44,0,0,0,0,0,0,0,0,0,0,0,0,0,0,0,0,1,1,0.0,0.0,0.0,0.0,1.0,0.0,0.0,255,231,0.91,0.02,0.0,0.0,0.33,0.37,0.1,0.05,processtable,1,0,NORMAL,0,0
1,tcp,smtp,SF,2599,293,0,0,0,0,0,1,0,0,0,0,0,0,0,0,0,0,2,2,0.0,0.0,0.0,0.0,1.0,0.0,0.0,255,221,0.87,0.13,0.0,0.0,0.0,0.0,0.12,0.0,mailbomb,1,0,NORMAL,0,0
280,tcp,ftp_data,SF,283618,0,0,0,0,0,0,0,0,0,0,0,0,0,0,0,0,0,1,1,0.0,0.0,0.0,0.0,1.0,0.0,0.0,3,1,0.33,0.67,0.33,0.0,0.0,0.0,0.0,0.0,warezmaster,1,0,NORMAL,0,0
0,udp,private,SF,105,147,0,0,0,0,0,0,0,0,0,0,0,0,0,0,0,0,1,1,0.0,0.0,0.0,0.0,1.0,0.0,0.0,255,255,1.0,0.0,0.01,0.0,0.0,0.0,0.0,0.0,snmpgetattack,1,0,NORMAL,0,0
8172,tcp,telnet,SF,0,15,0,0,0,0,0,0,0,0,0,0,0,0,0,0,0,0,1,1,0.0,0.0,0.0,0.0,1.0,0.0,0.0,255,72,0.28,0.02,0.0,0.0,0.73,0.68,0.01,0.03,processtable,1,0,NORMAL,0,0
0,tcp,telnet,S3,0,44,0,0,0,0,0,0,0,0,0,0,0,0,0,0,0,0,1,1,1.0,1.0,0.0,0.0,1.0,0.0,0.0,255,121,0.47,0.47,0.0,0.0,0.36,0.77,0.47,0.02,processtable,1,0,NORMAL,0,0
1019,tcp,http,RSTR,3944,0,0,0,0,0,0,1,0,0,0,0,0,0,0,0,0,0,86,86,0.01,0.01,0.98,0.98,1.0,0.0,0.0,255,255,1.0,0.0,0.0,0.0,0.0,0.0,0.33,0.33,apache2,1,0,NORMAL,0,0
4,tcp,pop_3,SF,28,93,0,0,0,0,0,1,0,0,0,0,0,0,0,0,0,0,1,1,0.0,0.0,0.0,0.0,1.0,0.0,0.0,255,134,0.53,0.02,0.0,0.0,0.0,0.0,0.17,0.02,guess_passwd,1,0,NORMAL,0,0
0,tcp,ftp,SF,26,157,0,0,0,0,1,0,0,0,0,0,0,0,0,0,0,1,2,1,0.0,0.0,0.0,0.0,0.5,1.0,0.0,91,48,0.53,0.04,0.01,0.0,0.0,0.0,0.0,0.0,guess_passwd,1,0,NORMAL,0,0
154,tcp,telnet,SF,1510,3349,0,0,0,3,0,1,2,1,0,0,1,0,0,0,0,0,1,1,0.0,0.0,0.0,0.0,1.0,0.0,0.0,255,35,0.14,0.03,0.0,0.0,0.0,0.0,0.0,0.0,buffer_overflow,1,0,NORMAL,0,0
4,tcp,pop_3,SF,30,93,0,0,0,0,0,1,0,0,0,0,0,0,0,0,0,0,2,1,0.0,0.0,0.0,0.0,0.5,1.0,0.0,255,217,0.85,0.04,0.0,0.0,0.0,0.0,0.0,0.0,guess_passwd,1,0,NORMAL,0,0
4,tcp,pop_3,SF,28,93,0,0,0,0,0,1,0,0,0,0,0,0,0,0,0,0,1,1,0.0,0.0,0.0,0.0,1.0,0.0,0.0,255,227,0.89,0.04,0.0,0.0,0.0,0.0,0.0,0.0,guess_passwd,1,0,NORMAL,0,0
0,udp,private,SF,1,0,0,0,0,0,0,0,0,0,0,0,0,0,0,0,0,0,9,1,0.0,0.0,0.0,0.0,0.11,0.56,0.0,255,1,0.0,0.36,0.73,0.0,0.0,0.0,0.24,0.0,normal,0,1,ATTACK,1,0
0,udp,private,SF,45,0,0,0,0,0,0,0,0,0,0,0,0,0,0,0,0,0,4,4,0.0,0.0,0.0,0.0,1.0,0.0,0.0,255,255,1.0,0.0,0.0,0.0,0.0,0.0,0.0,0.0,snmpguess,1,0,NORMAL,0,0
0,udp,private,SF,105,145,0,0,0,0,0,0,0,0,0,0,0,0,0,0,0,0,1,1,0.0,0.0,0.0,0.0,1.0,0.0,0.0,255,253,0.99,0.01,0.0,0.0,0.0,0.0,0.0,0.0,snmpgetattack,1,0,NORMAL,0,0
0,udp,private,SF,43,0,0,0,0,0,0,0,0,0,0,0,0,0,0,0,0,0,5,5,0.0,0.0,0.0,0.0,1.0,0.0,0.0,255,254,1.0,0.01,0.01,0.0,0.0,0.0,0.0,0.0,snmpguess,1,0,NORMAL,0,0
0,udp,private,SF,49,0,0,0,0,0,0,0,0,0,0,0,0,0,0,0,0,0,2,2,0.0,0.0,0.0,0.0,1.0,0.0,0.0,255,255,1.0,0.0,0.0,0.0,0.0,0.0,0.0,0.0,snmpguess,1,0,NORMAL,0,0
280,tcp,ftp_data,SF,283618,0,0,0,0,0,0,0,0,0,0,0,0,0,0,0,0,0,2,2,0.0,0.0,0.0,0.0,1.0,0.0,0.0,23,6,0.26,0.09,0.26,0.0,0.0,0.0,0.0,0.0,warezmaster,1,0,NORMAL,0,0
283,tcp,ftp,SF,158,597,0,0,0,2,0,1,0,0,0,0,0,0,0,0,0,1,1,1,0.0,0.0,0.0,0.0,1.0,0.0,0.0,255,18,0.07,0.93,0.0,0.0,0.0,0.0,0.92,0.0,warezmaster,1,0,NORMAL,0,0
1,tcp,telnet,RSTO,122,177,0,0,0,0,1,0,0,0,0,0,0,0,0,0,0,0,1,1,0.0,0.0,1.0,1.0,1.0,0.0,0.0,255,8,0.03,0.01,0.0,0.0,0.0,0.0,0.02,0.62,guess_passwd,1,0,NORMAL,0,0
280,tcp,ftp_data,SF,283618,0,0,0,0,0,0,0,0,0,0,0,0,0,0,0,0,0,3,2,0.0,0.0,0.0,0.0,0.67,0.67,0.0,255,16,0.06,0.03,0.06,0.0,0.0,0.0,0.0,0.0,warezmaster,1,0,NORMAL,0,0
7574,tcp,telnet,SF,0,44,0,0,0,0,0,0,0,0,0,0,0,0,0,0,0,0,1,1,0.0,0.0,0.0,0.0,1.0,0.0,0.0,255,179,0.7,0.02,0.0,0.0,0.43,0.42,0.01,0.01,processtable,1,0,NORMAL,0,0
0,tcp,telnet,SF,21,104,0,0,0,0,0,0,0,0,0,0,0,0,0,0,0,0,4,16,0.0,0.38,0.25,0.31,0.5,0.75,0.69,13,90,0.46,0.38,0.08,0.02,0.0,0.01,0.15,0.62,mscan,1,0,NORMAL,0,0
0,udp,private,SF,105,146,0,0,0,0,0,0,0,0,0,0,0,0,0,0,0,0,2,1,0.0,0.0,0.0,0.0,0.5,1.0,0.0,218,217,1.0,0.01,0.0,0.0,0.0,0.0,0.0,0.0,snmpgetattack,1,0,NORMAL,0,0
7478,tcp,telnet,SF,0,44,0,0,0,0,0,0,0,0,0,0,0,0,0,0,0,0,1,1,0.0,0.0,0.0,0.0,1.0,0.0,0.0,255,195,0.76,0.02,0.0,0.0,0.35,0.35,0.01,0.01,processtable,1,0,NORMAL,0,0
282,tcp,ftp,SF,164,601,0,0,0,2,0,1,0,0,0,0,0,0,0,0,0,1,1,1,0.0,0.0,0.0,0.0,1.0,0.0,0.0,55,30,0.55,0.05,0.02,0.0,0.0,0.0,0.0,0.0,warezmaster,1,0,NORMAL,0,0
1,tcp,smtp,SF,2599,293,0,0,0,0,0,1,0,0,0,0,0,0,0,0,0,0,2,2,0.0,0.0,0.0,0.0,1.0,0.0,0.0,255,25,0.1,0.16,0.0,0.0,0.0,0.0,0.88,0.0,mailbomb,1,0,NORMAL,0,0
283,tcp,ftp,SF,160,599,0,0,0,2,0,1,0,0,0,0,0,0,0,0,0,1,1,1,0.0,0.0,0.0,0.0,1.0,0.0,0.0,255,53,0.21,0.02,0.0,0.0,0.0,0.0,0.58,0.0,warezmaster,1,0,NORMAL,0,0
0,tcp,pop_3,REJ,0,0,0,0,0,0,0,0,0,0,0,0,0,0,0,0,0,0,1,23,0.0,0.04,1.0,0.65,1.0,0.0,1.0,229,2,0.01,0.03,0.0,0.0,0.0,0.0,0.02,1.0,mscan,1,0,NORMAL,0,0
0,tcp,telnet,SF,0,15,0,0,0,0,0,0,0,0,0,0,0,0,0,0,0,0,1,3,0.0,0.0,0.0,0.33,1.0,0.0,0.67,255,51,0.2,0.03,0.0,0.0,0.0,0.0,0.57,0.76,mscan,1,0,NORMAL,0,0
280,tcp,ftp_data,SF,283618,0,0,0,0,0,0,0,0,0,0,0,0,0,0,0,0,0,1,1,0.0,0.0,0.0,0.0,1.0,0.0,0.0,108,9,0.01,0.02,0.01,0.22,0.0,0.0,0.0,0.0,warezmaster,1,0,NORMAL,0,0
7699,tcp,telnet,SF,0,44,0,0,0,0,0,0,0,0,0,0,0,0,0,0,0,0,1,1,0.0,0.0,0.0,0.0,1.0,0.0,0.0,255,160,0.63,0.02,0.0,0.0,0.55,0.53,0.01,0.01,processtable,1,0,NORMAL,0,0
0,tcp,http,REJ,0,0,0,0,0,0,0,0,0,0,0,0,0,0,0,0,0,0,1,1,0.0,0.0,1.0,1.0,1.0,0.0,0.0,255,5,0.02,0.5,0.0,0.0,0.0,0.0,0.02,1.0,normal,0,1,ATTACK,1,0
0,tcp,telnet,S3,0,44,0,0,0,0,0,0,0,0,0,0,0,0,0,0,0,0,1,1,1.0,1.0,0.0,0.0,1.0,0.0,0.0,255,151,0.59,0.03,0.0,0.0,0.31,0.52,0.11,0.09,processtable,1,0,NORMAL,0,0
73,tcp,telnet,SF,3222,4004,0,0,2,1,0,1,1,1,0,0,0,0,0,0,0,0,1,1,0.0,0.0,0.0,0.0,1.0,0.0,0.0,9,6,0.67,0.33,0.11,0.0,0.0,0.0,0.0,0.0,xterm,1,0,NORMAL,0,0
0,tcp,http,REJ,0,0,0,0,0,0,0,0,0,0,0,0,0,0,0,0,0,0,1,2,0.0,0.0,1.0,0.5,1.0,0.0,1.0,255,23,0.09,0.91,0.0,0.0,0.13,0.0,0.87,1.0,normal,0,1,ATTACK,1,0
0,tcp,http,S0,0,0,0,0,0,0,0,0,0,0,0,0,0,0,0,0,0,0,35,35,0.57,0.57,0.4,0.4,1.0,0.0,0.0,255,255,1.0,0.0,0.0,0.0,0.11,0.11,0.7,0.7,apache2,1,0,NORMAL,0,0
0,udp,private,SF,1,74,0,0,0,0,0,0,0,0,0,0,0,0,0,0,0,0,13,11,0.0,0.0,0.0,0.0,0.85,0.15,0.0,255,24,0.09,0.45,0.61,0.0,0.0,0.0,0.36,0.0,normal,0,1,ATTACK,1,0
7398,tcp,telnet,SF,0,44,0,0,0,0,0,0,0,0,0,0,0,0,0,0,0,0,1,1,0.0,0.0,0.0,0.0,1.0,0.0,0.0,255,215,0.84,0.02,0.0,0.0,0.27,0.32,0.01,0.01,processtable,1,0,NORMAL,0,0
0,icmp,ecr_i,SF,1480,0,0,1,0,0,0,0,0,0,0,0,0,0,0,0,0,0,2,2,0.0,0.0,0.0,0.0,1.0,0.0,0.0,2,26,1.0,0.0,1.0,0.5,0.0,0.0,0.0,0.0,normal,0,1,ATTACK,1,0
0,udp,private,SF,46,0,0,0,0,0,0,0,0,0,0,0,0,0,0,0,0,0,3,3,0.0,0.0,0.0,0.0,1.0,0.0,0.0,255,255,1.0,0.0,0.01,0.0,0.0,0.0,0.0,0.0,snmpguess,1,0,NORMAL,0,0
0,udp,private,SF,45,45,0,0,0,0,0,0,0,0,0,0,0,0,0,0,0,0,3,3,0.0,0.0,0.0,0.0,1.0,0.0,0.0,255,254,1.0,0.01,0.01,0.0,0.0,0.0,0.0,0.0,snmpguess,1,0,NORMAL,0,0
0,tcp,telnet,S3,0,44,0,0,0,0,0,0,0,0,0,0,0,0,0,0,0,0,1,1,1.0,1.0,0.0,0.0,1.0,0.0,0.0,255,144,0.56,0.03,0.0,0.0,0.27,0.47,0.11,0.09,processtable,1,0,NORMAL,0,0
7265,tcp,telnet,SF,0,44,0,0,0,0,0,0,0,0,0,0,0,0,0,0,0,0,1,1,0.0,0.0,0.0,0.0,1.0,0.0,0.0,255,243,0.95,0.02,0.0,0.0,0.27,0.28,0.01,0.0,processtable,1,0,NORMAL,0,0
0,tcp,ftp_data,SF,12,0,0,0,0,0,0,0,0,0,0,0,0,0,0,0,0,0,1,1,0.0,0.0,0.0,0.0,1.0,0.0,0.0,11,37,1.0,0.0,1.0,0.11,0.0,0.0,0.0,0.0,warezmaster,1,0,NORMAL,0,0
0,tcp,telnet,SF,123,174,0,0,0,0,1,0,0,0,0,0,0,0,0,0,0,0,1,1,0.0,0.0,0.0,0.0,1.0,0.0,0.0,255,104,0.41,0.02,0.0,0.0,0.0,0.0,0.01,0.03,guess_passwd,1,0,NORMAL,0,0
0,tcp,telnet,S3,0,44,0,0,0,0,0,0,0,0,0,0,0,0,0,0,0,0,1,1,1.0,1.0,0.0,0.0,1.0,0.0,0.0,255,109,0.43,0.51,0.0,0.0,0.33,0.77,0.49,0.0,processtable,1,0,NORMAL,0,0
0,udp,private,SF,1,0,0,0,0,0,0,0,0,0,0,0,0,0,0,0,0,0,8,1,0.0,0.0,0.0,0.0,0.12,0.38,0.0,10,1,0.1,0.4,0.9,0.0,0.0,0.0,0.0,0.0,normal,0,1,ATTACK,1,0
0,tcp,telnet,SF,124,174,0,0,0,0,1,0,0,0,0,0,0,0,0,0,0,0,1,1,0.0,0.0,0.0,0.0,1.0,0.0,0.0,255,32,0.13,0.02,0.0,0.0,0.0,0.0,0.0,0.03,guess_passwd,1,0,NORMAL,0,0
282,tcp,ftp,SF,155,593,0,0,0,2,0,1,0,0,0,0,0,0,0,0,0,1,1,1,0.0,0.0,0.0,0.0,1.0,0.0,0.0,255,13,0.05,0.83,0.0,0.0,0.0,0.0,0.82,0.0,warezmaster,1,0,NORMAL,0,0
1,tcp,smtp,SF,2599,293,0,0,0,0,0,1,0,0,0,0,0,0,0,0,0,0,3,3,0.0,0.0,0.0,0.0,1.0,0.0,0.0,255,10,0.04,0.16,0.0,0.0,0.0,0.0,0.94,0.0,mailbomb,1,0,NORMAL,0,0
1,tcp,smtp,SF,2599,293,0,0,0,0,0,1,0,0,0,0,0,0,0,0,0,0,3,3,0.0,0.0,0.0,0.0,1.0,0.0,0.0,255,139,0.55,0.15,0.0,0.0,0.0,0.0,0.44,0.0,mailbomb,1,0,NORMAL,0,0
7509,tcp,telnet,SF,0,44,0,0,0,0,0,0,0,0,0,0,0,0,0,0,0,0,1,1,0.0,0.0,0.0,0.0,1.0,0.0,0.0,255,199,0.78,0.03,0.0,0.0,0.33,0.43,0.12,0.07,processtable,1,0,NORMAL,0,0
5,tcp,pop_3,SF,28,93,0,0,0,0,0,1,0,0,0,0,0,0,0,0,0,0,1,1,0.0,0.0,0.0,0.0,1.0,0.0,0.0,255,250,0.98,0.01,0.0,0.0,0.0,0.0,0.0,0.0,guess_passwd,1,0,NORMAL,0,0
1,tcp,smtp,SF,2599,293,0,0,0,0,0,1,0,0,0,0,0,0,0,0,0,0,3,2,0.0,0.0,0.33,0.0,0.67,0.67,0.0,255,149,0.58,0.13,0.0,0.0,0.0,0.0,0.4,0.0,mailbomb,1,0,NORMAL,0,0
0,tcp,telnet,REJ,0,0,0,0,0,0,0,0,0,0,0,0,0,0,0,0,0,0,1,8,0.0,0.12,1.0,0.62,1.0,0.0,0.88,161,86,0.34,0.03,0.01,0.02,0.01,0.0,0.86,0.69,mscan,1,0,NORMAL,0,0
0,udp,private,SF,105,147,0,0,0,0,0,0,0,0,0,0,0,0,0,0,0,0,1,1,0.0,0.0,0.0,0.0,1.0,0.0,0.0,10,10,1.0,0.0,0.1,0.0,0.0,0.0,0.0,0.0,snmpgetattack,1,0,NORMAL,0,0
0,udp,private,SF,42,0,0,0,0,0,0,0,0,0,0,0,0,0,0,0,0,0,6,6,0.0,0.0,0.0,0.0,1.0,0.0,0.0,255,255,1.0,0.0,0.01,0.0,0.0,0.0,0.0,0.0,snmpguess,1,0,NORMAL,0,0
0,udp,private,SF,42,0,0,0,0,0,0,0,0,0,0,0,0,0,0,0,0,0,4,4,0.0,0.0,0.0,0.0,1.0,0.0,0.0,255,254,1.0,0.01,0.01,0.0,0.0,0.0,0.0,0.0,snmpguess,1,0,NORMAL,0,0
2,tcp,telnet,RSTO,0,15,0,0,0,0,0,0,0,0,0,0,0,0,0,0,0,0,1,7,0.0,0.0,1.0,0.57,1.0,0.0,0.57,173,86,0.34,0.03,0.01,0.02,0.0,0.0,0.89,0.7,mscan,1,0,NORMAL,0,0
0,icmp,ecr_i,SF,40008,0,0,0,0,0,0,0,0,0,0,0,0,0,0,0,0,0,3,3,0.0,0.0,0.0,0.0,1.0,0.0,0.0,92,92,1.0,0.0,1.0,0.0,0.0,0.0,0.0,0.0,normal,0,1,ATTACK,1,0
0,udp,private,SF,105,147,0,0,0,0,0,0,0,0,0,0,0,0,0,0,0,0,1,1,0.0,0.0,0.0,0.0,1.0,0.0,0.0,255,251,0.98,0.01,0.0,0.0,0.0,0.0,0.0,0.0,snmpgetattack,1,0,NORMAL,0,0
0,tcp,telnet,REJ,0,0,0,0,0,0,0,0,0,0,0,0,0,0,0,0,0,0,1,11,0.0,0.09,1.0,0.82,1.0,0.0,1.0,121,83,0.32,0.04,0.01,0.02,0.0,0.0,0.91,0.71,mscan,1,0,NORMAL,0,0
4,tcp,pop_3,SF,28,93,0,0,0,0,0,1,0,0,0,0,0,0,0,0,0,0,2,1,0.0,0.0,0.0,0.0,0.5,1.0,0.0,255,211,0.83,0.02,0.0,0.0,0.0,0.0,0.04,0.0,guess_passwd,1,0,NORMAL,0,0
0,tcp,telnet,REJ,0,0,0,0,0,0,0,0,0,0,0,0,0,0,0,0,0,0,1,7,0.0,0.0,1.0,0.86,1.0,0.0,0.86,140,85,0.33,0.04,0.01,0.02,0.0,0.0,0.89,0.69,mscan,1,0,NORMAL,0,0
1,tcp,smtp,SF,2599,293,0,0,0,0,0,1,0,0,0,0,0,0,0,0,0,0,3,3,0.0,0.0,0.0,0.0,1.0,0.0,0.0,255,138,0.54,0.15,0.0,0.0,0.0,0.0,0.44,0.0,mailbomb,1,0,NORMAL,0,0
0,udp,private,SF,41,41,0,0,0,0,0,0,0,0,0,0,0,0,0,0,0,0,3,3,0.0,0.0,0.0,0.0,1.0,0.0,0.0,255,254,1.0,0.01,0.01,0.0,0.0,0.0,0.0,0.0,snmpguess,1,0,NORMAL,0,0
0,tcp,telnet,SF,122,174,0,0,0,0,1,0,0,0,0,0,0,0,0,0,0,0,1,1,0.0,0.0,0.0,0.0,1.0,0.0,0.0,255,254,1.0,0.01,0.0,0.0,0.0,0.0,0.02,0.02,guess_passwd,1,0,NORMAL,0,0
4,tcp,pop_3,SF,31,93,0,0,0,0,0,1,0,0,0,0,0,0,0,0,0,0,1,1,0.0,0.0,0.0,0.0,1.0,0.0,0.0,255,205,0.8,0.02,0.0,0.0,0.0,0.0,0.07,0.0,guess_passwd,1,0,NORMAL,0,0
0,tcp,telnet,REJ,0,0,0,0,0,0,0,0,0,0,0,0,0,0,0,0,0,0,1,13,0.0,0.0,1.0,0.85,1.0,0.0,0.92,255,9,0.04,0.03,0.0,0.0,0.01,0.0,0.08,0.78,mscan,1,0,NORMAL,0,0
0,tcp,telnet,SF,126,174,0,0,0,0,1,0,0,0,0,0,0,0,0,0,0,0,1,1,0.0,0.0,0.0,0.0,1.0,0.0,0.0,255,217,0.85,0.02,0.0,0.0,0.0,0.0,0.02,0.03,guess_passwd,1,0,NORMAL,0,0
4,tcp,pop_3,SF,32,93,0,0,0,0,0,1,0,0,0,0,0,0,0,0,0,0,1,1,0.0,0.0,0.0,0.0,1.0,0.0,0.0,143,126,0.87,0.02,0.01,0.02,0.0,0.0,0.07,0.0,guess_passwd,1,0,NORMAL,0,0
1,tcp,smtp,SF,2599,293,0,0,0,0,0,1,0,0,0,0,0,0,0,0,0,0,3,3,0.0,0.0,0.0,0.0,1.0,0.0,0.0,255,63,0.25,0.14,0.0,0.0,0.0,0.0,0.74,0.0,mailbomb,1,0,NORMAL,0,0
282,tcp,ftp,SF,159,597,0,0,0,2,0,1,0,0,0,0,0,0,0,0,0,1,1,1,0.0,0.0,0.0,0.0,1.0,0.0,0.0,3,3,1.0,0.0,0.33,0.0,0.0,0.0,0.0,0.0,warezmaster,1,0,NORMAL,0,0
0,tcp,other,REJ,0,0,0,0,0,0,0,0,0,0,0,0,0,0,0,0,0,0,1,1,0.0,0.0,1.0,1.0,1.0,0.0,0.0,255,42,0.16,0.02,0.0,0.0,0.0,0.0,0.15,0.81,httptunnel,1,0,NORMAL,0,0
0,tcp,telnet,S3,0,44,0,0,0,0,0,0,0,0,0,0,0,0,0,0,0,0,1,1,1.0,1.0,0.0,0.0,1.0,0.0,0.0,255,90,0.35,0.57,0.0,0.0,0.25,0.72,0.56,0.0,processtable,1,0,NORMAL,0,0
281,tcp,ftp,SF,160,597,0,0,0,2,0,1,0,0,0,0,0,0,0,0,0,1,1,1,0.0,0.0,0.0,0.0,1.0,0.0,0.0,255,119,0.47,0.03,0.0,0.0,0.0,0.0,0.0,0.0,warezmaster,1,0,NORMAL,0,0
7557,tcp,telnet,SF,0,44,0,0,0,0,0,0,0,0,0,0,0,0,0,0,0,0,1,1,0.0,0.0,0.0,0.0,1.0,0.0,0.0,255,187,0.73,0.03,0.0,0.0,0.33,0.45,0.12,0.07,processtable,1,0,NORMAL,0,0
0,tcp,sunrpc,REJ,0,0,0,0,0,0,0,0,0,0,0,0,0,0,0,0,0,0,1,8,0.0,0.0,1.0,1.0,1.0,0.0,1.0,255,20,0.08,0.03,0.0,0.0,0.0,0.0,0.42,1.0,mscan,1,0,NORMAL,0,0
0,udp,private,SF,105,105,0,0,0,0,0,0,0,0,0,0,0,0,0,0,0,0,2,2,0.0,0.0,0.0,0.0,1.0,0.0,0.0,162,161,0.99,0.01,0.01,0.0,0.0,0.0,0.0,0.0,snmpgetattack,1,0,NORMAL,0,0
283,tcp,ftp,SF,162,597,0,0,0,2,0,1,0,0,0,0,0,0,0,0,0,1,1,1,0.0,0.0,0.0,0.0,1.0,0.0,0.0,7,5,0.71,0.29,0.14,0.0,0.0,0.0,0.0,0.0,warezmaster,1,0,NORMAL,0,0
0,tcp,telnet,SF,126,174,0,0,0,0,1,0,0,0,0,0,0,0,0,0,0,0,1,1,0.0,0.0,0.0,0.0,1.0,0.0,0.0,255,254,1.0,0.01,0.0,0.0,0.01,0.01,0.01,0.01,guess_passwd,1,0,NORMAL,0,0
1,tcp,smtp,SF,2599,293,0,0,0,0,0,1,0,0,0,0,0,0,0,0,0,0,2,2,0.0,0.0,0.0,0.0,1.0,0.0,0.0,255,181,0.71,0.13,0.0,0.0,0.0,0.0,0.28,0.0,mailbomb,1,0,NORMAL,0,0
282,tcp,ftp,SF,164,599,0,0,0,2,0,1,0,0,0,0,0,0,0,0,0,1,1,1,0.0,0.0,0.0,0.0,1.0,0.0,0.0,255,29,0.11,0.02,0.0,0.0,0.0,0.0,0.4,0.0,warezmaster,1,0,NORMAL,0,0
0,udp,private,SF,43,0,0,0,0,0,0,0,0,0,0,0,0,0,0,0,0,0,3,3,0.0,0.0,0.0,0.0,1.0,0.0,0.0,255,254,1.0,0.01,0.0,0.0,0.0,0.0,0.0,0.0,snmpguess,1,0,NORMAL,0,0
1,tcp,smtp,SF,2599,293,0,0,0,0,0,1,0,0,0,0,0,0,0,0,0,0,3,3,0.0,0.0,0.0,0.0,1.0,0.0,0.0,255,48,0.19,0.16,0.0,0.0,0.0,0.0,0.79,0.0,mailbomb,1,0,NORMAL,0,0
0,tcp,telnet,SF,121,174,0,0,0,0,1,0,0,0,0,0,0,0,0,0,0,0,1,1,0.0,0.0,0.0,0.0,1.0,0.0,0.0,255,181,0.71,0.02,0.0,0.0,0.0,0.0,0.02,0.03,guess_passwd,1,0,NORMAL,0,0
0,tcp,http,S0,0,0,0,0,0,0,0,0,0,0,0,0,0,0,0,0,0,0,47,47,0.04,0.04,0.96,0.96,1.0,0.0,0.0,255,253,0.99,0.01,0.0,0.0,0.02,0.02,0.73,0.73,apache2,1,0,NORMAL,0,0
72,tcp,telnet,SF,2783,15142,0,0,0,10,0,1,2,1,0,0,0,0,0,0,0,0,1,1,0.0,0.0,0.0,0.0,1.0,0.0,0.0,255,56,0.22,0.15,0.0,0.0,0.0,0.0,0.98,0.98,buffer_overflow,1,0,NORMAL,0,0
0,udp,private,SF,43,0,0,0,0,0,0,0,0,0,0,0,0,0,0,0,0,0,3,3,0.0,0.0,0.0,0.0,1.0,0.0,0.0,255,255,1.0,0.0,0.02,0.0,0.0,0.0,0.0,0.0,snmpguess,1,0,NORMAL,0,0
4,tcp,pop_3,SF,28,93,0,0,0,0,0,1,0,0,0,0,0,0,0,0,0,0,1,1,0.0,0.0,0.0,0.0,1.0,0.0,0.0,255,251,0.98,0.01,0.0,0.0,0.0,0.0,0.0,0.0,guess_passwd,1,0,NORMAL,0,0
0,tcp,telnet,SF,125,174,0,0,0,0,1,0,0,0,0,0,0,0,0,0,0,0,1,1,0.0,0.0,0.0,0.0,1.0,0.0,0.0,255,147,0.58,0.02,0.0,0.0,0.0,0.0,0.02,0.03,guess_passwd,1,0,NORMAL,0,0
54,tcp,telnet,SF,3256,36458,0,0,2,1,0,1,25,1,0,2,0,0,1,0,0,0,1,1,0.0,0.0,0.0,0.0,1.0,0.0,0.0,95,96,0.41,0.05,0.01,0.02,0.0,0.0,0.17,0.52,xterm,1,0,NORMAL,0,0
0,tcp,http,S0,0,0,0,0,0,0,0,0,0,0,0,0,0,0,0,0,0,0,9,9,1.0,1.0,0.0,0.0,1.0,0.0,0.0,255,245,0.96,0.01,0.0,0.0,0.1,0.11,0.56,0.59,apache2,1,0,NORMAL,0,0
7,tcp,pop_3,SF,32,93,0,0,0,0,0,1,0,0,0,0,0,0,0,0,0,0,1,1,0.0,0.0,0.0,0.0,1.0,0.0,0.0,255,136,0.53,0.02,0.0,0.0,0.0,0.0,0.17,0.02,guess_passwd,1,0,NORMAL,0,0
280,tcp,ftp_data,SF,283618,0,0,0,0,0,0,0,0,0,0,0,0,0,0,0,0,0,2,2,0.0,0.0,0.0,0.0,1.0,0.0,0.0,113,14,0.05,0.02,0.05,0.14,0.0,0.0,0.0,0.0,warezmaster,1,0,NORMAL,0,0
280,tcp,ftp_data,SF,283618,0,0,0,0,0,0,0,0,0,0,0,0,0,0,0,0,0,1,1,0.0,0.0,0.0,0.0,1.0,0.0,0.0,69,24,0.19,0.1,0.19,0.08,0.0,0.0,0.0,0.0,warezmaster,1,0,NORMAL,0,0
1,tcp,smtp,SF,2599,293,0,0,0,0,0,1,0,0,0,0,0,0,0,0,0,0,2,2,0.0,0.0,0.0,0.0,1.0,0.0,0.0,255,3,0.01,0.16,0.0,0.0,0.0,0.0,0.97,0.0,mailbomb,1,0,NORMAL,0,0
0,tcp,telnet,RSTO,123,188,0,0,0,0,1,0,0,0,0,0,0,0,0,0,0,0,1,1,0.0,0.0,1.0,1.0,1.0,0.0,0.0,255,252,0.99,0.01,0.0,0.0,0.0,0.0,0.03,0.03,guess_passwd,1,0,NORMAL,0,0
7513,tcp,telnet,SF,0,44,0,0,0,0,0,0,0,0,0,0,0,0,0,0,0,0,1,1,0.0,0.0,0.0,0.0,1.0,0.0,0.0,255,198,0.78,0.03,0.0,0.0,0.33,0.43,0.12,0.07,processtable,1,0,NORMAL,0,0
0,udp,private,SF,105,146,0,0,0,0,0,0,0,0,0,0,0,0,0,0,0,0,1,1,0.0,0.0,0.0,0.0,1.0,0.0,0.0,161,161,1.0,0.0,0.01,0.0,0.0,0.0,0.0,0.0,snmpgetattack,1,0,NORMAL,0,0
0,tcp,http,S0,0,0,0,0,0,0,0,0,0,0,0,0,0,0,0,0,0,0,35,35,0.83,0.83,0.14,0.14,1.0,0.0,0.0,255,255,1.0,0.0,0.0,0.0,0.16,0.16,0.7,0.7,apache2,1,0,NORMAL,0,0
0,tcp,ftp_data,SF,116,0,0,0,0,0,0,0,0,0,0,0,0,0,0,0,0,0,1,1,0.0,0.0,0.0,0.0,1.0,0.0,0.0,255,52,0.2,0.03,0.2,0.0,0.2,0.0,0.02,0.0,rootkit,1,0,NORMAL,0,0
4,tcp,pop_3,SF,32,93,0,0,0,0,0,1,0,0,0,0,0,0,0,0,0,0,1,1,0.0,0.0,0.0,0.0,1.0,0.0,0.0,255,182,0.71,0.02,0.0,0.0,0.0,0.0,0.11,0.0,guess_passwd,1,0,NORMAL,0,0
0,udp,private,SF,45,0,0,0,0,0,0,0,0,0,0,0,0,0,0,0,0,0,66,66,0.0,0.0,0.0,0.0,1.0,0.0,0.0,255,255,1.0,0.0,0.0,0.0,0.0,0.0,0.0,0.0,snmpguess,1,0,NORMAL,0,0
10,tcp,telnet,SF,118,2425,0,0,0,0,0,1,0,0,0,0,0,0,0,0,0,0,1,1,0.0,0.0,0.0,0.0,1.0,0.0,0.0,255,13,0.05,0.01,0.0,0.0,0.0,0.0,0.03,0.62,guess_passwd,1,0,NORMAL,0,0
4,tcp,pop_3,SF,28,93,0,0,0,0,0,1,0,0,0,0,0,0,0,0,0,0,2,1,0.0,0.0,0.0,0.0,0.5,1.0,0.0,51,49,0.94,0.04,0.02,0.04,0.0,0.0,0.0,0.0,guess_passwd,1,0,NORMAL,0,0
7498,tcp,telnet,SF,0,44,0,0,0,0,0,0,0,0,0,0,0,0,0,0,0,0,1,1,0.0,0.0,0.0,0.0,1.0,0.0,0.0,255,183,0.72,0.26,0.0,0.0,0.5,0.69,0.26,0.01,processtable,1,0,NORMAL,0,0
0,tcp,pop_3,SF,36,237,0,0,0,0,0,1,0,0,0,0,0,0,0,0,0,0,1,1,0.0,0.0,0.0,0.0,1.0,0.0,0.0,255,9,0.04,0.02,0.0,0.0,0.0,0.0,0.0,0.0,guess_passwd,1,0,NORMAL,0,0
8,tcp,telnet,SF,24,109,0,0,0,0,0,0,0,0,0,0,0,0,0,0,0,0,4,7,0.0,0.14,0.75,0.43,0.5,0.75,0.57,75,85,0.33,0.07,0.01,0.02,0.0,0.0,0.91,0.71,mscan,1,0,NORMAL,0,0
0,tcp,ftp_data,SF,12,0,0,0,0,0,0,0,0,0,0,0,0,0,0,0,0,0,2,2,0.0,0.0,0.0,0.0,1.0,0.0,0.0,4,14,1.0,0.0,1.0,0.14,0.0,0.0,0.0,0.0,warezmaster,1,0,NORMAL,0,0
0,tcp,imap4,RSTO,0,138,0,0,0,0,0,0,0,0,0,0,0,0,0,0,0,0,1,4,0.0,0.0,1.0,1.0,1.0,0.0,1.0,255,22,0.09,0.03,0.0,0.0,0.0,0.0,0.25,1.0,mscan,1,0,NORMAL,0,0
0,tcp,telnet,SF,123,174,0,0,0,0,1,0,0,0,0,0,0,0,0,0,0,0,1,1,0.0,0.0,0.0,0.0,1.0,0.0,0.0,255,40,0.16,0.02,0.0,0.0,0.0,0.0,0.01,0.05,guess_passwd,1,0,NORMAL,0,0
1,tcp,smtp,SF,2599,293,0,0,0,0,0,1,0,0,0,0,0,0,0,0,0,0,3,3,0.0,0.0,0.0,0.0,1.0,0.0,0.0,255,55,0.22,0.16,0.0,0.0,0.0,0.0,0.76,0.0,mailbomb,1,0,NORMAL,0,0
1,tcp,smtp,SF,2599,293,0,0,0,0,0,1,0,0,0,0,0,0,0,0,0,0,3,3,0.0,0.0,0.0,0.0,1.0,0.0,0.0,255,130,0.51,0.15,0.0,0.0,0.0,0.0,0.47,0.0,mailbomb,1,0,NORMAL,0,0
280,tcp,ftp_data,SF,283618,0,0,0,0,0,0,0,0,0,0,0,0,0,0,0,0,0,2,2,0.0,0.0,0.0,0.0,1.0,0.0,0.0,117,18,0.09,0.02,0.09,0.11,0.0,0.0,0.0,0.0,warezmaster,1,0,NORMAL,0,0
0,tcp,private,REJ,0,0,0,0,0,0,0,0,0,0,0,0,0,0,0,0,0,0,56,3,0.02,0.33,0.98,0.67,0.05,0.82,0.0,65,3,0.05,0.74,0.86,0.0,0.02,0.33,0.85,0.67,normal,0,1,ATTACK,1,1
1,tcp,smtp,SF,2599,293,0,0,0,0,0,1,0,0,0,0,0,0,0,0,0,0,3,2,0.0,0.0,0.33,0.0,0.67,0.67,0.0,255,246,0.96,0.04,0.0,0.0,0.0,0.0,0.03,0.0,mailbomb,1,0,NORMAL,0,0
0,tcp,telnet,RSTO,0,15,0,0,0,0,0,0,0,0,0,0,0,0,0,0,0,0,1,1,0.0,0.0,1.0,1.0,1.0,0.0,0.0,201,88,0.33,0.02,0.0,0.02,0.0,0.0,0.88,0.64,mscan,1,0,NORMAL,0,0
1,tcp,smtp,SF,2599,293,0,0,0,0,0,1,0,0,0,0,0,0,0,0,0,0,3,3,0.0,0.0,0.0,0.0,1.0,0.0,0.0,255,83,0.33,0.14,0.0,0.0,0.0,0.0,0.66,0.0,mailbomb,1,0,NORMAL,0,0
0,tcp,telnet,S3,0,44,0,0,0,0,0,0,0,0,0,0,0,0,0,0,0,0,1,1,1.0,1.0,0.0,0.0,1.0,0.0,0.0,255,137,0.54,0.03,0.0,0.0,0.24,0.45,0.11,0.09,processtable,1,0,NORMAL,0,0
4,tcp,pop_3,SF,30,93,0,0,0,0,0,1,0,0,0,0,0,0,0,0,0,0,1,1,0.0,0.0,0.0,0.0,1.0,0.0,0.0,255,248,0.97,0.01,0.0,0.0,0.0,0.0,0.0,0.0,guess_passwd,1,0,NORMAL,0,0
4,tcp,pop_3,SF,32,93,0,0,0,0,0,1,0,0,0,0,0,0,0,0,0,0,1,1,0.0,0.0,0.0,0.0,1.0,0.0,0.0,216,197,0.91,0.01,0.0,0.0,0.0,0.0,0.05,0.0,guess_passwd,1,0,NORMAL,0,0
284,tcp,ftp,SF,158,595,0,0,0,2,0,1,0,0,0,0,0,0,0,0,0,1,1,1,0.0,0.0,0.0,0.0,1.0,0.0,0.0,255,17,0.07,0.94,0.0,0.0,0.0,0.0,0.93,0.0,warezmaster,1,0,NORMAL,0,0
2075,tcp,http,S3,72564,0,0,0,0,0,0,1,0,0,0,0,0,0,0,0,0,0,10,10,0.3,0.3,0.7,0.7,1.0,0.0,0.0,255,241,0.95,0.01,0.0,0.0,0.02,0.02,0.22,0.23,apache2,1,0,NORMAL,0,0
1,tcp,telnet,RSTO,0,15,0,0,0,0,0,0,0,0,0,0,0,0,0,0,0,0,1,5,0.0,0.0,1.0,0.6,1.0,0.0,0.6,148,84,0.32,0.03,0.01,0.02,0.0,0.0,0.91,0.7,mscan,1,0,NORMAL,0,0
1,tcp,smtp,SF,2599,293,0,0,0,0,0,1,0,0,0,0,0,0,0,0,0,0,2,2,0.0,0.0,0.0,0.0,1.0,0.0,0.0,255,65,0.25,0.14,0.0,0.0,0.0,0.0,0.73,0.0,mailbomb,1,0,NORMAL,0,0
282,tcp,ftp,SF,160,597,0,0,0,2,0,1,0,0,0,0,0,0,0,0,0,1,1,1,0.0,0.0,0.0,0.0,1.0,0.0,0.0,255,121,0.47,0.03,0.0,0.0,0.0,0.0,0.0,0.0,warezmaster,1,0,NORMAL,0,0
0,udp,private,SF,105,147,0,0,0,0,0,0,0,0,0,0,0,0,0,0,0,0,3,3,0.0,0.0,0.0,0.0,1.0,0.0,0.0,255,255,1.0,0.0,0.0,0.0,0.0,0.0,0.0,0.0,snmpgetattack,1,0,NORMAL,0,0
280,tcp,ftp_data,SF,283618,0,0,0,0,0,0,0,0,0,0,0,0,0,0,0,0,0,1,1,0.0,0.0,0.0,0.0,1.0,0.0,0.0,28,7,0.25,0.07,0.25,0.0,0.0,0.0,0.0,0.0,warezmaster,1,0,NORMAL,0,0
4,tcp,pop_3,SF,28,93,0,0,0,0,0,1,0,0,0,0,0,0,0,0,0,0,1,1,0.0,0.0,0.0,0.0,1.0,0.0,0.0,96,81,0.83,0.03,0.01,0.02,0.0,0.0,0.1,0.0,guess_passwd,1,0,NORMAL,0,0
281,tcp,ftp,SF,162,597,0,0,0,2,0,1,0,0,0,0,0,0,0,0,0,1,1,1,0.0,0.0,0.0,0.0,1.0,0.0,0.0,255,96,0.38,0.03,0.0,0.0,0.0,0.0,0.0,0.0,warezmaster,1,0,NORMAL,0,0
0,tcp,pop_3,SF,30,217,0,0,0,0,0,1,0,0,0,0,0,0,0,0,0,0,1,1,0.0,0.0,0.0,0.0,1.0,0.0,0.0,255,7,0.03,0.02,0.0,0.0,0.0,0.0,0.0,0.0,guess_passwd,1,0,NORMAL,0,0
7529,tcp,telnet,SF,0,44,0,0,0,0,0,0,0,0,0,0,0,0,0,0,0,0,1,1,0.0,0.0,0.0,0.0,1.0,0.0,0.0,255,194,0.76,0.03,0.0,0.0,0.33,0.44,0.12,0.07,processtable,1,0,NORMAL,0,0
3,tcp,telnet,SF,0,48,0,0,0,0,0,0,0,0,0,0,0,0,0,0,0,0,4,11,0.0,0.09,0.5,0.73,0.5,0.75,0.91,112,56,0.5,0.03,0.01,0.0,0.0,0.0,0.63,0.27,mscan,1,0,NORMAL,0,0
0,tcp,telnet,RSTO,0,15,0,0,0,0,0,0,0,0,0,0,0,0,0,0,0,0,1,8,0.0,0.12,1.0,0.38,1.0,0.0,0.75,190,128,0.5,0.02,0.01,0.02,0.0,0.0,0.85,0.59,mscan,1,0,NORMAL,0,0
281,tcp,ftp,SF,158,595,0,0,0,2,0,1,0,0,0,0,0,0,0,0,0,1,1,1,0.0,0.0,0.0,0.0,1.0,0.0,0.0,141,49,0.35,0.04,0.01,0.0,0.0,0.0,0.0,0.0,warezmaster,1,0,NORMAL,0,0
4,tcp,pop_3,SF,28,93,0,0,0,0,0,1,0,0,0,0,0,0,0,0,0,0,1,1,0.0,0.0,0.0,0.0,1.0,0.0,0.0,255,248,0.97,0.01,0.0,0.0,0.0,0.0,0.02,0.0,guess_passwd,1,0,NORMAL,0,0
0,tcp,telnet,S3,0,44,0,0,0,0,0,0,0,0,0,0,0,0,0,0,0,0,1,1,1.0,1.0,0.0,0.0,1.0,0.0,0.0,255,156,0.61,0.02,0.0,0.0,0.55,0.53,0.01,0.01,processtable,1,0,NORMAL,0,0
0,tcp,ftp_data,SF,12,0,0,0,0,0,0,0,0,0,0,0,0,0,0,0,0,0,1,1,0.0,0.0,0.0,0.0,1.0,0.0,0.0,10,11,0.9,0.2,0.9,0.18,0.0,0.0,0.0,0.0,warezmaster,1,0,NORMAL,0,0
0,tcp,telnet,SF,122,174,0,0,0,0,1,0,0,0,0,0,0,0,0,0,0,0,1,1,0.0,0.0,0.0,0.0,1.0,0.0,0.0,255,88,0.35,0.02,0.0,0.0,0.0,0.0,0.01,0.03,guess_passwd,1,0,NORMAL,0,0
7394,tcp,telnet,SF,0,44,0,0,0,0,0,0,0,0,0,0,0,0,0,0,0,0,1,1,0.0,0.0,0.0,0.0,1.0,0.0,0.0,255,208,0.82,0.18,0.0,0.0,0.5,0.61,0.18,0.01,processtable,1,0,NORMAL,0,0
3,tcp,telnet,SF,24,109,0,0,0,0,0,0,0,0,0,0,0,0,0,0,0,0,3,4,0.0,0.0,0.67,0.5,0.33,1.0,1.0,224,84,0.33,0.02,0.0,0.02,0.0,0.0,0.89,0.68,mscan,1,0,NORMAL,0,0
0,udp,private,SF,42,42,0,0,0,0,0,0,0,0,0,0,0,0,0,0,0,0,2,2,0.0,0.0,0.0,0.0,1.0,0.0,0.0,255,255,1.0,0.0,0.01,0.0,0.0,0.0,0.0,0.0,snmpguess,1,0,NORMAL,0,0
1,tcp,smtp,SF,2599,293,0,0,0,0,0,1,0,0,0,0,0,0,0,0,0,0,3,3,0.0,0.0,0.0,0.0,1.0,0.0,0.0,255,75,0.29,0.14,0.0,0.0,0.0,0.0,0.69,0.0,mailbomb,1,0,NORMAL,0,0
282,tcp,ftp,SF,157,593,0,0,0,2,0,1,0,0,0,0,0,0,0,0,0,1,1,1,0.0,0.0,0.0,0.0,1.0,0.0,0.0,95,39,0.41,0.06,0.01,0.0,0.0,0.0,0.0,0.0,warezmaster,1,0,NORMAL,0,0
3,tcp,pop_3,SF,26,93,0,0,0,0,0,1,0,0,0,0,0,0,0,0,0,0,1,1,0.0,0.0,0.0,0.0,1.0,0.0,0.0,255,229,0.9,0.02,0.0,0.0,0.0,0.0,0.07,0.0,guess_passwd,1,0,NORMAL,0,0
281,tcp,ftp,SF,160,597,0,0,0,2,0,1,0,0,0,0,0,0,0,0,0,1,2,1,0.0,0.0,0.0,0.0,0.5,1.0,0.0,255,35,0.14,0.02,0.0,0.0,0.0,0.0,0.42,0.0,warezmaster,1,0,NORMAL,0,0
3,tcp,private,RSTR,0,0,0,0,0,0,0,0,0,0,0,0,0,0,0,0,0,0,73,2,0.0,0.0,1.0,1.0,0.03,0.56,0.0,77,2,0.03,0.53,0.95,0.0,0.0,0.0,0.95,1.0,normal,0,1,ATTACK,1,1
1,tcp,smtp,SF,2599,293,0,0,0,0,0,1,0,0,0,0,0,0,0,0,0,0,2,2,0.0,0.0,0.0,0.0,1.0,0.0,0.0,255,177,0.69,0.13,0.0,0.0,0.0,0.0,0.29,0.0,mailbomb,1,0,NORMAL,0,0
0,tcp,http,REJ,0,0,0,0,0,0,0,0,0,0,0,0,0,0,0,0,0,0,1,1,0.0,0.0,1.0,1.0,1.0,0.0,0.0,255,19,0.07,0.92,0.0,0.0,0.13,0.0,0.87,1.0,normal,0,1,ATTACK,1,0
0,tcp,telnet,S3,0,44,0,0,0,0,0,0,0,0,0,0,0,0,0,0,0,0,1,1,1.0,1.0,0.0,0.0,1.0,0.0,0.0,255,112,0.44,0.5,0.0,0.0,0.34,0.78,0.48,0.0,processtable,1,0,NORMAL,0,0
19,tcp,ftp,SF,127,649,0,0,0,1,0,1,0,0,0,0,0,0,0,0,1,0,1,1,0.0,0.0,0.0,0.0,1.0,0.0,0.0,3,1,0.33,0.67,0.33,0.0,0.0,0.0,0.0,0.0,xterm,1,0,NORMAL,0,0
0,tcp,ftp_data,SF,12,0,0,0,0,0,0,0,0,0,0,0,0,0,0,0,0,0,2,2,0.0,0.0,0.0,0.0,1.0,0.0,0.0,141,42,0.18,0.04,0.18,0.05,0.0,0.0,0.0,0.0,warezmaster,1,0,NORMAL,0,0
281,tcp,ftp,SF,158,593,0,0,0,2,0,1,0,0,0,0,0,0,0,0,0,1,1,1,0.0,0.0,0.0,0.0,1.0,0.0,0.0,255,12,0.05,0.8,0.0,0.0,0.0,0.0,0.79,0.0,warezmaster,1,0,NORMAL,0,0
0,udp,private,SF,105,0,0,0,0,0,0,0,0,0,0,0,0,0,0,0,0,0,1,1,0.0,0.0,0.0,0.0,1.0,0.0,0.0,255,251,0.98,0.01,0.0,0.0,0.0,0.0,0.0,0.0,snmpgetattack,1,0,NORMAL,0,0
4,tcp,pop_3,SF,26,93,0,0,0,0,0,1,0,0,0,0,0,0,0,0,0,0,1,1,0.0,0.0,0.0,0.0,1.0,0.0,0.0,48,47,0.96,0.04,0.02,0.04,0.0,0.0,0.0,0.0,guess_passwd,1,0,NORMAL,0,0
0,tcp,telnet,RSTO,0,12,0,0,0,0,0,0,0,0,0,0,0,0,0,0,0,0,1,1,0.0,0.0,1.0,1.0,1.0,0.0,0.0,255,52,0.2,0.03,0.0,0.0,0.0,0.0,0.3,0.48,mscan,1,0,NORMAL,0,0
4,tcp,pop_3,SF,28,93,0,0,0,0,0,1,0,0,0,0,0,0,0,0,0,0,2,1,0.0,0.0,0.5,0.0,0.5,1.0,0.0,255,230,0.9,0.02,0.0,0.0,0.0,0.0,0.02,0.0,guess_passwd,1,0,NORMAL,0,0
1,tcp,smtp,SF,2599,293,0,0,0,0,0,1,0,0,0,0,0,0,0,0,0,0,3,3,0.0,0.0,0.0,0.0,1.0,0.0,0.0,255,142,0.56,0.14,0.0,0.0,0.0,0.0,0.43,0.0,mailbomb,1,0,NORMAL,0,0
282,tcp,ftp,SF,153,593,0,0,0,2,0,1,0,0,0,0,0,0,0,0,0,1,1,1,0.0,0.0,0.0,0.0,1.0,0.0,0.0,255,14,0.05,0.72,0.0,0.0,0.0,0.0,0.73,0.07,warezmaster,1,0,NORMAL,0,0
281,tcp,ftp,SF,162,597,0,0,0,2,0,1,0,0,0,0,0,0,0,0,0,1,1,1,0.0,0.0,0.0,0.0,1.0,0.0,0.0,255,13,0.05,0.64,0.0,0.0,0.0,0.0,0.63,0.0,warezmaster,1,0,NORMAL,0,0
0,tcp,telnet,SF,122,188,0,0,0,0,1,0,0,0,0,0,0,0,0,0,0,0,1,1,0.0,0.0,0.0,0.0,1.0,0.0,0.0,255,254,1.0,0.01,0.0,0.0,0.01,0.01,0.02,0.02,guess_passwd,1,0,NORMAL,0,0
0,tcp,ftp_data,SF,12,0,0,0,0,0,0,0,0,0,0,0,0,0,0,0,0,0,2,2,0.0,0.0,0.0,0.0,1.0,0.0,0.0,4,20,1.0,0.0,1.0,0.15,0.0,0.0,0.0,0.0,warezmaster,1,0,NORMAL,0,0
2,tcp,smtp,SF,4485,1125,0,0,0,0,0,1,0,0,0,1,0,0,1,0,0,0,1,1,0.0,0.0,0.0,0.0,1.0,0.0,0.0,255,4,0.02,0.01,0.0,0.0,0.0,0.0,0.0,0.0,sendmail,1,0,NORMAL,0,0
283,tcp,ftp,SF,164,599,0,0,0,2,0,1,0,0,0,0,0,0,0,0,0,1,1,1,0.0,0.0,0.0,0.0,1.0,0.0,0.0,255,63,0.25,0.03,0.0,0.0,0.09,0.0,0.02,0.0,warezmaster,1,0,NORMAL,0,0
0,tcp,sunrpc,REJ,0,0,0,0,0,0,0,0,0,0,0,0,0,0,0,0,0,0,1,3,0.0,0.0,1.0,1.0,1.0,0.0,1.0,255,35,0.14,0.03,0.0,0.0,0.01,0.0,0.62,1.0,mscan,1,0,NORMAL,0,0
0,udp,other,SF,1,0,0,0,0,0,0,0,0,0,0,0,0,0,0,0,0,0,141,6,0.0,0.0,0.0,0.0,0.04,0.82,0.0,255,6,0.02,0.9,1.0,0.0,0.0,0.0,0.0,0.0,normal,0,1,ATTACK,1,0
0,udp,private,SF,42,0,0,0,0,0,0,0,0,0,0,0,0,0,0,0,0,0,2,2,0.0,0.0,0.0,0.0,1.0,0.0,0.0,255,255,1.0,0.0,0.01,0.0,0.0,0.0,0.0,0.0,snmpguess,1,0,NORMAL,0,0
0,udp,private,SF,45,0,0,0,0,0,0,0,0,0,0,0,0,0,0,0,0,0,3,3,0.0,0.0,0.0,0.0,1.0,0.0,0.0,255,253,0.99,0.01,0.01,0.0,0.0,0.0,0.0,0.0,snmpguess,1,0,NORMAL,0,0
1,tcp,smtp,SF,2599,293,0,0,0,0,0,1,0,0,0,0,0,0,0,0,0,0,2,2,0.0,0.0,0.0,0.0,1.0,0.0,0.0,255,217,0.85,0.13,0.0,0.0,0.0,0.0,0.14,0.0,mailbomb,1,0,NORMAL,0,0
0,tcp,sunrpc,REJ,0,0,0,0,0,0,0,0,0,0,0,0,0,0,0,0,0,0,1,3,0.0,0.0,1.0,1.0,1.0,0.0,1.0,160,49,0.18,0.03,0.01,0.04,0.0,0.0,0.9,1.0,mscan,1,0,NORMAL,0,0
3,tcp,pop_3,SF,32,93,0,0,0,0,0,1,0,0,0,0,0,0,0,0,0,0,1,1,0.0,0.0,0.0,0.0,1.0,0.0,0.0,255,177,0.69,0.02,0.0,0.0,0.0,0.0,0.11,0.0,guess_passwd,1,0,NORMAL,0,0
4,tcp,pop_3,SF,28,93,0,0,0,0,0,1,0,0,0,0,0,0,0,0,0,0,1,1,0.0,0.0,0.0,0.0,1.0,0.0,0.0,199,180,0.9,0.02,0.01,0.0,0.0,0.0,0.05,0.0,guess_passwd,1,0,NORMAL,0,0
902,tcp,http,RSTR,3944,0,0,0,0,0,0,1,0,0,0,0,0,0,0,0,0,0,60,60,0.02,0.02,0.97,0.97,1.0,0.0,0.0,255,255,1.0,0.0,0.0,0.0,0.0,0.0,0.23,0.23,apache2,1,0,NORMAL,0,0
0,tcp,other,RSTR,0,0,0,0,0,0,0,0,0,0,0,0,0,0,0,0,0,0,1,1,0.0,0.0,1.0,1.0,1.0,0.0,0.0,255,1,0.0,0.63,0.62,0.0,0.0,0.0,0.61,1.0,normal,0,1,ATTACK,1,0
4,tcp,pop_3,SF,31,93,0,0,0,0,0,1,0,0,0,0,0,0,0,0,0,0,1,1,0.0,0.0,0.0,0.0,1.0,0.0,0.0,68,66,0.96,0.03,0.01,0.03,0.0,0.0,0.0,0.0,guess_passwd,1,0,NORMAL,0,0
2,tcp,telnet,SF,24,715,0,0,0,0,0,0,0,0,0,0,0,0,0,0,0,0,4,6,0.0,0.0,0.75,0.5,0.5,0.75,0.5,255,60,0.24,0.03,0.0,0.0,0.0,0.0,0.64,0.73,mscan,1,0,NORMAL,0,0
0,udp,private,SF,28,0,0,3,0,0,0,0,0,0,0,0,0,0,0,0,0,0,93,93,0.0,0.0,0.0,0.0,1.0,0.0,0.0,255,93,0.36,0.02,0.36,0.0,0.19,0.0,0.17,0.0,normal,0,1,ATTACK,1,0
280,tcp,ftp_data,SF,283618,0,0,0,0,1,0,0,0,0,0,0,0,0,0,0,0,0,2,2,0.0,0.0,0.0,0.0,1.0,0.0,0.0,7,14,0.86,0.29,0.86,0.14,0.0,0.0,0.0,0.0,warezmaster,1,0,NORMAL,0,0
4,tcp,pop_3,SF,26,93,0,0,0,0,0,1,0,0,0,0,0,0,0,0,0,0,1,1,0.0,0.0,0.0,0.0,1.0,0.0,0.0,102,87,0.84,0.03,0.01,0.02,0.0,0.0,0.1,0.0,guess_passwd,1,0,NORMAL,0,0
0,tcp,http,S0,0,0,0,0,0,0,0,0,0,0,0,0,0,0,0,0,0,0,54,54,1.0,1.0,0.0,0.0,1.0,0.0,0.0,255,255,1.0,0.0,0.0,0.0,0.29,0.29,0.7,0.7,apache2,1,0,NORMAL,0,0
281,tcp,ftp,SF,160,597,0,0,0,2,0,1,0,0,0,0,0,0,0,0,0,1,1,1,0.0,0.0,0.0,0.0,1.0,0.0,0.0,48,28,0.58,0.06,0.02,0.0,0.0,0.0,0.0,0.0,warezmaster,1,0,NORMAL,0,0
0,tcp,ftp,SF,26,157,0,0,0,0,1,0,0,0,0,0,0,0,0,0,0,1,1,1,0.0,0.0,0.0,0.0,1.0,0.0,0.0,57,30,0.53,0.07,0.02,0.0,0.0,0.0,0.0,0.0,guess_passwd,1,0,NORMAL,0,0
1,tcp,smtp,SF,2599,293,0,0,0,0,0,1,0,0,0,0,0,0,0,0,0,0,3,3,0.0,0.0,0.0,0.0,1.0,0.0,0.0,255,72,0.28,0.14,0.0,0.0,0.0,0.0,0.7,0.0,mailbomb,1,0,NORMAL,0,0
280,tcp,ftp_data,SF,283618,0,0,0,0,0,0,0,0,0,0,0,0,0,0,0,0,0,2,2,0.0,0.0,0.0,0.0,1.0,0.0,0.0,3,2,0.67,0.67,0.67,0.0,0.0,0.0,0.0,0.0,warezmaster,1,0,NORMAL,0,0
280,tcp,ftp_data,SF,283618,0,0,0,0,0,0,0,0,0,0,0,0,0,0,0,0,0,2,2,0.0,0.0,0.0,0.0,1.0,0.0,0.0,207,48,0.23,0.04,0.23,0.0,0.0,0.0,0.0,0.0,warezmaster,1,0,NORMAL,0,0
7609,tcp,telnet,SF,0,44,0,0,0,0,0,0,0,0,0,0,0,0,0,0,0,0,1,8,0.0,0.12,0.0,0.38,1.0,0.0,0.62,255,173,0.68,0.03,0.0,0.0,0.33,0.49,0.11,0.08,processtable,1,0,NORMAL,0,0
0,tcp,ftp,SF,26,157,0,0,0,0,1,0,0,0,0,0,0,0,0,0,0,1,1,1,0.0,0.0,0.0,0.0,1.0,0.0,0.0,154,70,0.45,0.03,0.01,0.0,0.0,0.0,0.0,0.0,guess_passwd,1,0,NORMAL,0,0
4,tcp,pop_3,SF,30,93,0,0,0,0,0,1,0,0,0,0,0,0,0,0,0,0,2,1,0.0,0.0,0.0,0.0,0.5,1.0,0.0,255,241,0.95,0.02,0.0,0.0,0.0,0.0,0.0,0.0,guess_passwd,1,0,NORMAL,0,0
7494,tcp,telnet,SF,0,44,0,0,0,0,0,0,0,0,0,0,0,0,0,0,0,0,1,1,0.0,0.0,0.0,0.0,1.0,0.0,0.0,255,184,0.72,0.26,0.0,0.0,0.5,0.69,0.26,0.01,processtable,1,0,NORMAL,0,0
0,udp,private,SF,105,146,0,0,0,0,0,0,0,0,0,0,0,0,0,0,0,0,1,1,0.0,0.0,0.0,0.0,1.0,0.0,0.0,255,247,0.97,0.01,0.01,0.0,0.0,0.0,0.0,0.0,snmpgetattack,1,0,NORMAL,0,0
0,tcp,other,REJ,0,0,0,0,0,0,0,0,0,0,0,0,0,0,0,0,0,0,1,1,0.0,0.0,1.0,1.0,1.0,0.0,0.0,120,18,0.15,0.06,0.01,0.0,0.0,0.0,0.1,0.67,httptunnel,1,0,NORMAL,0,0
61,tcp,telnet,SF,195,2051,0,0,0,1,0,1,0,0,0,0,2,1,0,0,0,0,1,1,0.0,0.0,0.0,0.0,1.0,0.0,0.0,97,29,0.3,0.03,0.01,0.0,0.01,0.03,0.0,0.0,ps,1,0,NORMAL,0,0
4,tcp,pop_3,SF,30,93,0,0,0,0,0,1,0,0,0,0,0,0,0,0,0,0,1,1,0.0,0.0,0.0,0.0,1.0,0.0,0.0,255,249,0.98,0.01,0.0,0.0,0.0,0.0,0.01,0.0,guess_passwd,1,0,NORMAL,0,0
281,tcp,ftp,SF,162,597,0,0,0,2,0,1,0,0,0,0,0,0,0,0,0,1,1,1,0.0,0.0,0.0,0.0,1.0,0.0,0.0,255,15,0.06,0.8,0.0,0.0,0.0,0.07,0.76,0.0,warezmaster,1,0,NORMAL,0,0
3,tcp,pop_3,SF,30,93,0,0,0,0,0,1,0,0,0,0,0,0,0,0,0,0,1,1,0.0,0.0,0.0,0.0,1.0,0.0,0.0,255,219,0.86,0.04,0.0,0.0,0.0,0.0,0.0,0.0,guess_passwd,1,0,NORMAL,0,0
282,tcp,ftp,SF,160,597,0,0,0,2,0,1,0,0,0,0,0,0,0,0,0,1,1,1,0.0,0.0,0.0,0.0,1.0,0.0,0.0,103,42,0.41,0.06,0.01,0.0,0.0,0.0,0.0,0.0,warezmaster,1,0,NORMAL,0,0
7338,tcp,telnet,SF,0,44,0,0,0,0,0,0,0,0,0,0,0,0,0,0,0,0,1,1,0.0,0.0,0.0,0.0,1.0,0.0,0.0,255,222,0.87,0.13,0.0,0.0,0.5,0.57,0.13,0.01,processtable,1,0,NORMAL,0,0
0,udp,private,SF,28,0,0,3,0,0,0,0,0,0,0,0,0,0,0,0,0,0,91,91,0.0,0.0,0.0,0.0,1.0,0.0,0.0,116,91,0.78,0.03,0.78,0.0,0.0,0.0,0.0,0.0,normal,0,1,ATTACK,1,0
0,tcp,ftp_data,SF,12,0,0,0,0,0,0,0,0,0,0,0,0,0,0,0,0,0,1,1,0.0,0.0,0.0,0.0,1.0,0.0,0.0,5,35,1.0,0.0,1.0,0.14,0.0,0.0,0.0,0.0,warezmaster,1,0,NORMAL,0,0
0,tcp,telnet,S3,0,44,0,0,0,0,0,0,0,0,0,0,0,0,0,0,0,0,1,1,1.0,1.0,0.0,0.0,1.0,0.0,0.0,255,59,0.23,0.68,0.0,0.0,0.13,0.58,0.67,0.0,processtable,1,0,NORMAL,0,0
0,udp,private,SF,105,146,0,0,0,0,0,0,0,0,0,0,0,0,0,0,0,0,1,1,0.0,0.0,0.0,0.0,1.0,0.0,0.0,239,238,1.0,0.01,0.0,0.0,0.0,0.0,0.0,0.0,snmpgetattack,1,0,NORMAL,0,0
1,tcp,smtp,SF,2599,293,0,0,0,0,0,1,0,0,0,0,0,0,0,0,0,0,2,2,0.0,0.0,0.0,0.0,1.0,0.0,0.0,255,245,0.96,0.04,0.0,0.0,0.0,0.0,0.03,0.0,mailbomb,1,0,NORMAL,0,0
0,tcp,http,S0,0,0,0,0,0,0,0,0,0,0,0,0,0,0,0,0,0,0,39,39,0.62,0.62,0.36,0.36,1.0,0.0,0.0,255,255,1.0,0.0,0.0,0.0,0.13,0.13,0.7,0.7,apache2,1,0,NORMAL,0,0
0,icmp,ecr_i,SF,1480,0,0,1,0,0,0,0,0,0,0,0,0,0,0,0,0,0,2,4,0.0,0.0,0.0,0.0,1.0,0.0,0.5,3,10,0.67,0.67,0.67,0.5,0.33,0.0,0.0,0.0,normal,0,1,ATTACK,1,0
0,tcp,telnet,S3,0,44,0,0,0,0,0,0,0,0,0,0,0,0,0,0,0,0,1,1,1.0,1.0,0.0,0.0,1.0,0.0,0.0,255,158,0.62,0.02,0.0,0.0,0.55,0.53,0.01,0.01,processtable,1,0,NORMAL,0,0
0,udp,private,SF,28,0,0,3,0,0,0,0,0,0,0,0,0,0,0,0,0,0,90,90,0.0,0.0,0.0,0.0,1.0,0.0,0.0,255,90,0.35,0.02,0.35,0.0,0.0,0.0,0.0,0.0,normal,0,1,ATTACK,1,0
0,tcp,other,REJ,0,0,0,0,0,0,0,0,0,0,0,0,0,0,0,0,0,0,1,1,0.0,0.0,1.0,1.0,1.0,0.0,0.0,255,10,0.04,0.02,0.0,0.0,0.0,0.0,0.05,1.0,httptunnel,1,0,NORMAL,0,0
4,tcp,pop_3,SF,28,93,0,0,0,0,0,1,0,0,0,0,0,0,0,0,0,0,1,1,0.0,0.0,0.0,0.0,1.0,0.0,0.0,255,176,0.69,0.02,0.0,0.0,0.0,0.0,0.11,0.0,guess_passwd,1,0,NORMAL,0,0
0,tcp,http,S0,0,0,0,0,0,0,0,0,0,0,0,0,0,0,0,0,0,0,30,30,0.33,0.33,0.67,0.67,1.0,0.0,0.0,255,255,1.0,0.0,0.0,0.0,0.06,0.06,0.69,0.69,apache2,1,0,NORMAL,0,0
4,tcp,pop_3,SF,27,93,0,0,0,0,0,1,0,0,0,0,0,0,0,0,0,0,1,1,0.0,0.0,0.0,0.0,1.0,0.0,0.0,255,237,0.93,0.01,0.0,0.0,0.0,0.0,0.04,0.0,guess_passwd,1,0,NORMAL,0,0
7867,tcp,telnet,SF,0,44,0,0,0,0,0,0,0,0,0,0,0,0,0,0,0,0,1,1,0.0,0.0,0.0,0.0,1.0,0.0,0.0,255,118,0.46,0.03,0.0,0.0,0.16,0.34,0.11,0.11,processtable,1,0,NORMAL,0,0
0,tcp,telnet,SF,120,174,0,0,0,0,1,0,0,0,0,0,0,0,0,0,0,0,1,1,0.0,0.0,0.0,0.0,1.0,0.0,0.0,255,81,0.32,0.02,0.0,0.0,0.0,0.0,0.01,0.04,guess_passwd,1,0,NORMAL,0,0
4,tcp,pop_3,SF,30,103,0,0,0,0,0,1,0,0,0,0,0,0,0,0,0,0,1,1,0.0,0.0,0.0,0.0,1.0,0.0,0.0,255,218,0.85,0.02,0.0,0.0,0.0,0.0,0.04,0.01,guess_passwd,1,0,NORMAL,0,0
1,tcp,smtp,SF,2599,293,0,0,0,0,0,1,0,0,0,0,0,0,0,0,0,0,4,3,0.0,0.0,0.25,0.0,0.75,0.5,0.0,255,243,0.95,0.05,0.0,0.0,0.0,0.0,0.04,0.0,mailbomb,1,0,NORMAL,0,0
4,tcp,pop_3,SF,32,93,0,0,0,0,0,1,0,0,0,0,0,0,0,0,0,0,1,1,0.0,0.0,0.0,0.0,1.0,0.0,0.0,220,201,0.91,0.01,0.0,0.0,0.0,0.0,0.05,0.0,guess_passwd,1,0,NORMAL,0,0
6,tcp,pop_3,SF,32,93,0,0,0,0,0,1,0,0,0,0,0,0,0,0,0,0,1,1,0.0,0.0,0.0,0.0,1.0,0.0,0.0,255,242,0.95,0.02,0.0,0.0,0.0,0.0,0.01,0.0,guess_passwd,1,0,NORMAL,0,0
4,tcp,pop_3,SF,30,93,0,0,0,0,0,1,0,0,0,0,0,0,0,0,0,0,1,1,0.0,0.0,0.0,0.0,1.0,0.0,0.0,255,247,0.97,0.02,0.0,0.0,0.0,0.0,0.0,0.0,guess_passwd,1,0,NORMAL,0,0
0,tcp,telnet,SF,126,174,0,0,0,0,1,0,0,0,0,0,0,0,0,0,0,0,1,1,0.0,0.0,0.0,0.0,1.0,0.0,0.0,255,189,0.74,0.02,0.0,0.0,0.0,0.0,0.02,0.03,guess_passwd,1,0,NORMAL,0,0
7490,tcp,telnet,SF,0,44,0,0,0,0,0,0,0,0,0,0,0,0,0,0,0,0,1,1,0.0,0.0,0.0,0.0,1.0,0.0,0.0,255,185,0.73,0.26,0.0,0.0,0.5,0.69,0.25,0.01,processtable,1,0,NORMAL,0,0
4,tcp,pop_3,SF,32,93,0,0,0,0,0,1,0,0,0,0,0,0,0,0,0,0,1,1,0.0,0.0,0.0,0.0,1.0,0.0,0.0,255,225,0.88,0.02,0.0,0.0,0.0,0.0,0.06,0.0,guess_passwd,1,0,NORMAL,0,0
5,tcp,pop_3,SF,30,93,0,0,0,0,0,1,0,0,0,0,0,0,0,0,0,0,1,1,0.0,0.0,0.0,0.0,1.0,0.0,0.0,255,230,0.9,0.04,0.0,0.0,0.0,0.0,0.0,0.0,guess_passwd,1,0,NORMAL,0,0
0,tcp,telnet,SF,121,174,0,0,0,0,1,0,0,0,0,0,0,0,0,0,0,0,1,1,0.0,0.0,0.0,0.0,1.0,0.0,0.0,255,51,0.2,0.02,0.0,0.0,0.0,0.0,0.01,0.04,guess_passwd,1,0,NORMAL,0,0
0,udp,private,SF,105,146,0,0,0,0,0,0,0,0,0,0,0,0,0,0,0,0,2,2,0.0,0.0,0.0,0.0,1.0,0.0,0.0,97,97,1.0,0.0,0.01,0.0,0.0,0.0,0.0,0.0,snmpgetattack,1,0,NORMAL,0,0
0,tcp,ftp,SF,26,157,0,0,0,0,1,0,0,0,0,0,0,0,0,0,0,1,1,1,0.0,0.0,0.0,0.0,1.0,0.0,0.0,73,41,0.56,0.05,0.01,0.0,0.0,0.0,0.0,0.0,guess_passwd,1,0,NORMAL,0,0
0,tcp,other,REJ,0,0,0,0,0,0,0,0,0,0,0,0,0,0,0,0,0,0,1,1,0.0,0.0,1.0,1.0,1.0,0.0,0.0,255,10,0.04,0.02,0.0,0.0,0.0,0.0,0.04,1.0,httptunnel,1,0,NORMAL,0,0
1,tcp,smtp,SF,2599,293,0,0,0,0,0,1,0,0,0,0,0,0,0,0,0,0,2,2,0.0,0.0,0.0,0.0,1.0,0.0,0.0,255,94,0.37,0.14,0.0,0.0,0.0,0.0,0.62,0.0,mailbomb,1,0,NORMAL,0,0
0,udp,private,SF,105,146,0,0,0,0,0,0,0,0,0,0,0,0,0,0,0,0,1,1,0.0,0.0,0.0,0.0,1.0,0.0,0.0,255,253,0.99,0.01,0.01,0.0,0.0,0.0,0.0,0.0,snmpgetattack,1,0,NORMAL,0,0
0,udp,private,SF,105,147,0,0,0,0,0,0,0,0,0,0,0,0,0,0,0,0,1,1,0.0,0.0,0.0,0.0,1.0,0.0,0.0,151,150,0.99,0.01,0.01,0.0,0.0,0.0,0.0,0.0,snmpgetattack,1,0,NORMAL,0,0
0,tcp,ftp_data,SF,12,0,0,0,0,0,0,0,0,0,0,0,0,0,0,0,0,0,1,1,0.0,0.0,0.0,0.0,1.0,0.0,0.0,5,21,1.0,0.0,1.0,0.14,0.0,0.0,0.0,0.0,warezmaster,1,0,NORMAL,0,0
0,tcp,http,S0,0,0,0,0,0,0,0,0,0,0,0,0,0,0,0,0,0,0,30,30,0.8,0.8,0.17,0.17,1.0,0.0,0.0,255,255,1.0,0.0,0.0,0.0,0.15,0.15,0.7,0.7,apache2,1,0,NORMAL,0,0
0,udp,private,SF,105,105,0,0,0,0,0,0,0,0,0,0,0,0,0,0,0,0,2,2,0.0,0.0,0.0,0.0,1.0,0.0,0.0,255,254,1.0,0.01,0.0,0.0,0.0,0.0,0.0,0.0,snmpgetattack,1,0,NORMAL,0,0
0,tcp,telnet,S3,0,44,0,0,0,0,0,0,0,0,0,0,0,0,0,0,0,0,1,1,1.0,1.0,0.0,0.0,1.0,0.0,0.0,255,56,0.22,0.69,0.0,0.0,0.12,0.55,0.68,0.0,processtable,1,0,NORMAL,0,0
0,tcp,telnet,S3,0,44,0,0,0,0,0,0,0,0,0,0,0,0,0,0,0,0,1,1,1.0,1.0,0.0,0.0,1.0,0.0,0.0,255,128,0.5,0.03,0.0,0.0,0.2,0.41,0.11,0.1,processtable,1,0,NORMAL,0,0
0,udp,private,SF,105,147,0,0,0,0,0,0,0,0,0,0,0,0,0,0,0,0,2,2,0.0,0.0,0.0,0.0,1.0,0.0,0.0,255,253,0.99,0.01,0.01,0.0,0.0,0.0,0.0,0.0,snmpgetattack,1,0,NORMAL,0,0
7284,tcp,telnet,SF,0,44,0,0,0,0,0,0,0,0,0,0,0,0,0,0,0,0,1,1,0.0,0.0,0.0,0.0,1.0,0.0,0.0,255,244,0.96,0.02,0.0,0.0,0.33,0.35,0.06,0.03,processtable,1,0,NORMAL,0,0
0,tcp,other,RSTR,0,0,0,0,0,0,0,0,0,0,0,0,0,0,0,0,0,0,1,1,0.0,0.0,1.0,1.0,1.0,0.0,0.0,255,1,0.0,0.29,0.28,0.0,0.0,0.0,0.28,1.0,normal,0,1,ATTACK,1,0
0,udp,private,SF,49,49,0,0,0,0,0,0,0,0,0,0,0,0,0,0,0,0,3,3,0.0,0.0,0.0,0.0,1.0,0.0,0.0,255,255,1.0,0.0,0.01,0.0,0.0,0.0,0.0,0.0,snmpguess,1,0,NORMAL,0,0
7506,tcp,telnet,SF,0,44,0,0,0,0,0,0,0,0,0,0,0,0,0,0,0,0,1,1,0.0,0.0,0.0,0.0,1.0,0.0,0.0,255,191,0.75,0.02,0.0,0.0,0.37,0.38,0.01,0.01,processtable,1,0,NORMAL,0,0
7506,tcp,telnet,SF,0,44,0,0,0,0,0,0,0,0,0,0,0,0,0,0,0,0,1,1,0.0,0.0,0.0,0.0,1.0,0.0,0.0,255,181,0.71,0.27,0.0,0.0,0.5,0.7,0.27,0.01,processtable,1,0,NORMAL,0,0
1,tcp,smtp,SF,2599,293,0,0,0,0,0,1,0,0,0,0,0,0,0,0,0,0,4,3,0.0,0.0,0.25,0.0,0.75,0.5,0.0,255,241,0.95,0.06,0.0,0.0,0.0,0.0,0.05,0.0,mailbomb,1,0,NORMAL,0,0
1,tcp,smtp,SF,2599,293,0,0,0,0,0,1,0,0,0,0,0,0,0,0,0,0,3,3,0.0,0.0,0.0,0.0,1.0,0.0,0.0,255,91,0.36,0.14,0.0,0.0,0.0,0.0,0.63,0.0,mailbomb,1,0,NORMAL,0,0
0,tcp,telnet,S3,0,44,0,0,0,0,0,0,0,0,0,0,0,0,0,0,0,0,1,1,1.0,1.0,0.0,0.0,1.0,0.0,0.0,255,48,0.19,0.72,0.0,0.0,0.09,0.48,0.71,0.0,processtable,1,0,NORMAL,0,0
0,tcp,telnet,S3,0,44,0,0,0,0,0,0,0,0,0,0,0,0,0,0,0,0,1,1,1.0,1.0,0.0,0.0,1.0,0.0,0.0,255,103,0.4,0.52,0.0,0.0,0.31,0.76,0.51,0.0,processtable,1,0,NORMAL,0,0
0,tcp,telnet,SF,122,174,0,0,0,0,1,0,0,0,0,0,0,0,0,0,0,0,1,1,0.0,0.0,0.0,0.0,1.0,0.0,0.0,255,30,0.12,0.02,0.0,0.0,0.0,0.0,0.0,0.03,guess_passwd,1,0,NORMAL,0,0
0,tcp,ftp_data,SF,12,0,0,0,0,0,0,0,0,0,0,0,0,0,0,0,0,0,1,1,0.0,0.0,0.0,0.0,1.0,0.0,0.0,5,27,1.0,0.0,1.0,0.19,0.0,0.0,0.0,0.0,warezmaster,1,0,NORMAL,0,0
1,tcp,smtp,SF,2599,293,0,0,0,0,0,1,0,0,0,0,0,0,0,0,0,0,4,3,0.0,0.0,0.25,0.0,0.75,0.5,0.0,255,244,0.96,0.05,0.0,0.0,0.0,0.0,0.03,0.0,mailbomb,1,0,NORMAL,0,0
903,tcp,http,RSTR,2484,0,0,0,0,0,0,1,0,0,0,0,0,0,0,0,0,0,54,54,0.02,0.02,0.96,0.96,1.0,0.0,0.0,255,255,1.0,0.0,0.0,0.0,0.0,0.0,0.2,0.2,apache2,1,0,NORMAL,0,0
7274,tcp,telnet,SF,0,44,0,0,0,0,0,0,0,0,0,0,0,0,0,0,0,0,1,1,0.0,0.0,0.0,0.0,1.0,0.0,0.0,255,230,0.9,0.1,0.0,0.0,0.5,0.55,0.1,0.01,processtable,1,0,NORMAL,0,0
7386,tcp,telnet,SF,0,44,0,0,0,0,0,0,0,0,0,0,0,0,0,0,0,0,1,1,0.0,0.0,0.0,0.0,1.0,0.0,0.0,255,217,0.85,0.02,0.0,0.0,0.27,0.32,0.01,0.0,processtable,1,0,NORMAL,0,0
4,tcp,pop_3,SF,32,93,0,0,0,0,0,1,0,0,0,0,0,0,0,0,0,0,1,1,0.0,0.0,0.0,0.0,1.0,0.0,0.0,246,227,0.92,0.01,0.0,0.0,0.0,0.0,0.04,0.0,guess_passwd,1,0,NORMAL,0,0
282,tcp,ftp,SF,156,591,0,0,0,2,0,1,0,0,0,0,0,0,0,0,0,1,1,1,0.0,0.0,0.0,0.0,1.0,0.0,0.0,236,79,0.33,0.03,0.0,0.0,0.0,0.0,0.0,0.0,warezmaster,1,0,NORMAL,0,0
0,tcp,telnet,S3,0,44,0,0,0,0,0,0,0,0,0,0,0,0,0,0,0,0,1,1,1.0,1.0,0.0,0.0,1.0,0.0,0.0,255,52,0.2,0.71,0.0,0.0,0.11,0.52,0.69,0.0,processtable,1,0,NORMAL,0,0
4,tcp,pop_3,SF,28,93,0,0,0,0,0,1,0,0,0,0,0,0,0,0,0,0,1,1,0.0,0.0,0.0,0.0,1.0,0.0,0.0,255,199,0.78,0.02,0.0,0.0,0.0,0.0,0.07,0.0,guess_passwd,1,0,NORMAL,0,0
0,tcp,telnet,SF,125,174,0,0,0,0,1,0,0,0,0,0,0,0,0,0,0,0,2,2,0.0,0.0,0.0,0.0,1.0,0.0,0.0,255,114,0.45,0.02,0.0,0.0,0.0,0.0,0.01,0.03,guess_passwd,1,0,NORMAL,0,0
0,tcp,ftp_data,SF,12,0,0,0,0,0,0,0,0,0,0,0,0,0,0,0,0,0,1,1,0.0,0.0,0.0,0.0,1.0,0.0,0.0,255,72,0.28,0.02,0.28,0.0,0.0,0.0,0.0,0.0,warezmaster,1,0,NORMAL,0,0
282,tcp,ftp,SF,155,595,0,0,0,2,0,1,0,0,0,0,0,0,0,0,0,1,1,1,0.0,0.0,0.0,0.0,1.0,0.0,0.0,169,56,0.33,0.04,0.01,0.0,0.0,0.0,0.0,0.0,warezmaster,1,0,NORMAL,0,0
0,udp,private,SF,49,0,0,0,0,0,0,0,0,0,0,0,0,0,0,0,0,0,4,4,0.0,0.0,0.0,0.0,1.0,0.0,0.0,255,254,1.0,0.01,0.0,0.0,0.0,0.0,0.0,0.0,snmpguess,1,0,NORMAL,0,0
0,udp,private,SF,45,0,0,0,0,0,0,0,0,0,0,0,0,0,0,0,0,0,4,4,0.0,0.0,0.0,0.0,1.0,0.0,0.0,255,253,0.99,0.01,0.01,0.0,0.0,0.0,0.0,0.0,snmpguess,1,0,NORMAL,0,0
0,tcp,http,S0,0,0,0,0,0,0,0,0,0,0,0,0,0,0,0,0,0,0,34,34,0.24,0.24,0.76,0.76,1.0,0.0,0.0,255,255,1.0,0.0,0.0,0.0,0.04,0.04,0.68,0.68,apache2,1,0,NORMAL,0,0
0,udp,private,SF,44,0,0,0,0,0,0,0,0,0,0,0,0,0,0,0,0,0,4,4,0.0,0.0,0.0,0.0,1.0,0.0,0.0,255,254,1.0,0.01,0.02,0.0,0.0,0.0,0.0,0.0,snmpguess,1,0,NORMAL,0,0
0,tcp,smtp,REJ,0,0,0,0,0,0,0,0,0,0,0,0,0,0,0,0,0,0,1,1,0.0,0.0,1.0,1.0,1.0,0.0,0.0,255,4,0.02,0.94,0.0,0.0,0.14,0.0,0.85,0.75,normal,0,1,ATTACK,1,0
8140,tcp,telnet,SF,0,15,0,0,0,0,0,0,0,0,0,0,0,0,0,0,0,0,1,1,0.0,0.0,0.0,0.0,1.0,0.0,0.0,255,78,0.31,0.02,0.0,0.0,0.7,0.62,0.01,0.03,processtable,1,0,NORMAL,0,0
3,tcp,telnet,SF,24,668,0,0,0,0,0,0,0,0,0,0,0,0,0,0,0,0,4,9,0.0,0.11,0.75,0.44,0.5,0.75,0.56,169,89,0.34,0.03,0.01,0.02,0.01,0.01,0.87,0.62,mscan,1,0,NORMAL,0,0
6,tcp,pop_3,SF,28,93,0,0,0,0,0,1,0,0,0,0,0,0,0,0,0,0,1,1,0.0,0.0,0.0,0.0,1.0,0.0,0.0,255,253,0.99,0.01,0.0,0.0,0.0,0.0,0.0,0.0,guess_passwd,1,0,NORMAL,0,0
5,tcp,pop_3,SF,26,93,0,0,0,0,0,1,0,0,0,0,0,0,0,0,0,0,1,1,0.0,0.0,0.0,0.0,1.0,0.0,0.0,39,39,0.97,0.05,0.03,0.05,0.0,0.0,0.0,0.0,guess_passwd,1,0,NORMAL,0,0
282,tcp,ftp,SF,160,597,0,0,0,2,0,1,0,0,0,0,0,0,0,0,0,1,1,1,0.0,0.0,0.0,0.0,1.0,0.0,0.0,255,18,0.07,0.93,0.0,0.0,0.0,0.0,0.93,0.0,warezmaster,1,0,NORMAL,0,0
0,udp,private,SF,105,146,0,0,0,0,0,0,0,0,0,0,0,0,0,0,0,0,1,1,0.0,0.0,0.0,0.0,1.0,0.0,0.0,247,246,1.0,0.01,0.0,0.0,0.0,0.0,0.0,0.0,snmpgetattack,1,0,NORMAL,0,0
281,tcp,ftp,SF,162,597,0,0,0,2,0,1,0,0,0,0,0,0,0,0,0,1,1,1,0.0,0.0,0.0,0.0,1.0,0.0,0.0,255,94,0.37,0.03,0.0,0.0,0.0,0.0,0.0,0.0,warezmaster,1,0,NORMAL,0,0
7605,tcp,telnet,SF,0,44,0,0,0,0,0,0,0,0,0,0,0,0,0,0,0,0,1,7,0.0,0.14,0.0,0.43,1.0,0.0,0.71,255,174,0.68,0.03,0.0,0.0,0.33,0.48,0.11,0.07,processtable,1,0,NORMAL,0,0
280,tcp,ftp_data,SF,283618,0,0,0,0,0,0,0,0,0,0,0,0,0,0,0,0,0,2,2,0.0,0.0,0.0,0.0,1.0,0.0,0.0,13,4,0.31,0.15,0.31,0.0,0.0,0.0,0.0,0.0,warezmaster,1,0,NORMAL,0,0
902,tcp,http,RSTR,3944,0,0,0,0,0,0,1,0,0,0,0,0,0,0,0,0,0,58,58,0.02,0.02,0.97,0.97,1.0,0.0,0.0,255,255,1.0,0.0,0.0,0.0,0.0,0.0,0.22,0.22,apache2,1,0,NORMAL,0,0
5,tcp,pop_3,SF,28,93,0,0,0,0,0,1,0,0,0,0,0,0,0,0,0,0,1,1,0.0,0.0,0.0,0.0,1.0,0.0,0.0,255,254,1.0,0.01,0.01,0.0,0.0,0.0,0.0,0.0,guess_passwd,1,0,NORMAL,0,0
0,tcp,telnet,RSTO,0,15,0,0,0,0,0,0,0,0,0,0,0,0,0,0,0,0,1,2,0.0,0.5,1.0,0.5,1.0,0.0,1.0,255,48,0.19,0.03,0.0,0.0,0.0,0.02,0.54,0.77,mscan,1,0,NORMAL,0,0
4,tcp,pop_3,SF,32,93,0,0,0,0,0,1,0,0,0,0,0,0,0,0,0,0,1,1,0.0,0.0,0.0,0.0,1.0,0.0,0.0,141,124,0.87,0.02,0.01,0.02,0.0,0.0,0.07,0.0,guess_passwd,1,0,NORMAL,0,0
7346,tcp,telnet,SF,0,44,0,0,0,0,0,0,0,0,0,0,0,0,0,0,0,0,1,1,0.0,0.0,0.0,0.0,1.0,0.0,0.0,255,220,0.86,0.14,0.0,0.0,0.5,0.58,0.14,0.01,processtable,1,0,NORMAL,0,0
282,tcp,ftp,SF,164,599,0,0,0,2,0,1,0,0,0,0,0,0,0,0,0,1,1,1,0.0,0.0,0.0,0.0,1.0,0.0,0.0,255,61,0.24,0.03,0.0,0.0,0.1,0.0,0.02,0.0,warezmaster,1,0,NORMAL,0,0
4,tcp,pop_3,SF,26,93,0,0,0,0,0,1,0,0,0,0,0,0,0,0,0,0,1,1,0.0,0.0,0.0,0.0,1.0,0.0,0.0,255,250,0.98,0.01,0.0,0.0,0.0,0.0,0.0,0.0,guess_passwd,1,0,NORMAL,0,0
281,tcp,ftp_data,SF,283618,0,0,0,0,0,0,0,0,0,0,0,0,0,0,0,0,0,2,2,0.0,0.0,0.0,0.0,1.0,0.0,0.0,47,63,0.04,0.11,0.04,0.03,0.0,0.0,0.0,0.0,warezmaster,1,0,NORMAL,0,0
280,tcp,ftp_data,SF,283618,0,0,0,0,0,0,0,0,0,0,0,0,0,0,0,0,0,2,2,0.0,0.0,0.0,0.0,1.0,0.0,0.0,3,10,0.67,0.67,0.67,0.2,0.0,0.0,0.0,0.0,warezmaster,1,0,NORMAL,0,0
0,udp,private,SF,41,0,0,0,0,0,0,0,0,0,0,0,0,0,0,0,0,0,6,6,0.0,0.0,0.0,0.0,1.0,0.0,0.0,255,255,1.0,0.0,0.0,0.0,0.0,0.0,0.0,0.0,snmpguess,1,0,NORMAL,0,0
0,tcp,pop_3,SF,30,217,0,0,0,0,0,1,0,0,0,0,0,0,0,0,0,0,1,1,0.0,0.0,0.0,0.0,1.0,0.0,0.0,23,2,0.09,0.22,0.04,0.0,0.0,0.0,0.0,0.0,guess_passwd,1,0,NORMAL,0,0
280,tcp,ftp_data,SF,283618,0,0,0,0,0,0,0,0,0,0,0,0,0,0,0,0,0,1,1,0.0,0.0,0.0,0.0,1.0,0.0,0.0,3,3,1.0,0.0,1.0,0.0,0.0,0.0,0.0,0.0,warezmaster,1,0,NORMAL,0,0
0,tcp,http,S0,0,0,0,0,0,0,0,0,0,0,0,0,0,0,0,0,0,0,11,11,1.0,1.0,0.0,0.0,1.0,0.0,0.0,255,245,0.96,0.01,0.0,0.0,0.14,0.14,0.56,0.59,apache2,1,0,NORMAL,0,0
0,tcp,telnet,S3,0,44,0,0,0,0,0,0,0,0,0,0,0,0,0,0,0,0,1,1,1.0,1.0,0.0,0.0,1.0,0.0,0.0,255,98,0.38,0.55,0.0,0.0,0.29,0.74,0.53,0.0,processtable,1,0,NORMAL,0,0
282,tcp,ftp,SF,162,599,0,0,0,2,0,1,0,0,0,0,0,0,0,0,0,1,1,1,0.0,0.0,0.0,0.0,1.0,0.0,0.0,30,24,0.8,0.1,0.03,0.0,0.0,0.0,0.0,0.0,warezmaster,1,0,NORMAL,0,0
0,tcp,ftp,SF,25,157,0,0,0,0,1,0,0,0,0,0,0,0,0,0,0,1,1,1,0.0,0.0,0.0,0.0,1.0,0.0,0.0,42,18,0.43,0.1,0.02,0.0,0.0,0.0,0.0,0.0,guess_passwd,1,0,NORMAL,0,0
8112,tcp,telnet,SF,0,15,0,0,0,0,0,0,0,0,0,0,0,0,0,0,0,0,1,1,0.0,0.0,0.0,0.0,1.0,0.0,0.0,255,83,0.33,0.02,0.0,0.0,0.67,0.55,0.01,0.02,processtable,1,0,NORMAL,0,0
0,tcp,pop_3,SF,30,217,0,0,0,0,0,1,0,0,0,0,0,0,0,0,0,0,1,1,0.0,0.0,0.0,0.0,1.0,0.0,0.0,40,8,0.2,0.12,0.03,0.0,0.0,0.0,0.0,0.0,guess_passwd,1,0,NORMAL,0,0
4,tcp,pop_3,SF,28,93,0,0,0,0,0,1,0,0,0,0,0,0,0,0,0,0,1,1,0.0,0.0,0.0,0.0,1.0,0.0,0.0,255,191,0.75,0.02,0.0,0.0,0.0,0.0,0.09,0.0,guess_passwd,1,0,NORMAL,0,0
0,tcp,ftp_data,SF,12,0,0,0,0,0,0,0,0,0,0,0,0,0,0,0,0,0,1,1,0.0,0.0,0.0,0.0,1.0,0.0,0.0,4,3,0.75,0.5,0.75,0.0,0.0,0.0,0.0,0.0,warezmaster,1,0,NORMAL,0,0
4,tcp,pop_3,SF,32,93,0,0,0,0,0,1,0,0,0,0,0,0,0,0,0,0,1,1,0.0,0.0,0.0,0.0,1.0,0.0,0.0,255,135,0.53,0.02,0.0,0.0,0.0,0.0,0.17,0.0,guess_passwd,1,0,NORMAL,0,0
902,tcp,http,SF,35,0,0,0,0,0,0,1,0,0,0,0,0,0,0,0,0,0,35,35,0.4,0.4,0.57,0.57,1.0,0.0,0.0,255,255,1.0,0.0,0.0,0.0,0.07,0.07,0.69,0.69,apache2,1,0,NORMAL,0,0
1,tcp,smtp,SF,2599,293,0,0,0,0,0,1,0,0,0,0,0,0,0,0,0,0,3,2,0.0,0.0,0.33,0.0,0.67,0.67,0.0,255,245,0.96,0.04,0.0,0.0,0.0,0.0,0.03,0.0,mailbomb,1,0,NORMAL,0,0
282,tcp,ftp,SF,160,595,0,0,0,2,0,1,0,0,0,0,0,0,0,0,0,1,1,1,0.0,0.0,0.0,0.0,1.0,0.0,0.0,10,9,0.9,0.2,0.1,0.0,0.0,0.0,0.0,0.0,warezmaster,1,0,NORMAL,0,0
282,tcp,ftp,SF,158,593,0,0,0,2,0,1,0,0,0,0,0,0,0,0,0,1,1,1,0.0,0.0,0.0,0.0,1.0,0.0,0.0,255,91,0.36,0.03,0.01,0.0,0.02,0.0,0.01,0.0,warezmaster,1,0,NORMAL,0,0
283,tcp,ftp,SF,162,599,0,0,0,2,0,1,0,0,0,0,0,0,0,0,0,1,1,1,0.0,0.0,0.0,0.0,1.0,0.0,0.0,157,73,0.46,0.03,0.01,0.0,0.0,0.0,0.0,0.0,warezmaster,1,0,NORMAL,0,0
0,tcp,telnet,RSTO,0,15,0,0,0,0,0,0,0,0,0,0,0,0,0,0,0,0,1,3,0.0,0.0,1.0,0.67,1.0,0.0,0.67,255,130,0.51,0.02,0.0,0.0,0.0,0.0,0.5,0.4,mscan,1,0,NORMAL,0,0
7482,tcp,telnet,SF,0,44,0,0,0,0,0,0,0,0,0,0,0,0,0,0,0,0,1,1,0.0,0.0,0.0,0.0,1.0,0.0,0.0,255,187,0.73,0.25,0.0,0.0,0.5,0.68,0.25,0.01,processtable,1,0,NORMAL,0,0
0,tcp,telnet,SF,120,188,0,0,0,0,1,0,0,0,0,0,0,0,0,0,0,0,1,1,0.0,0.0,0.0,0.0,1.0,0.0,0.0,255,195,0.76,0.02,0.0,0.0,0.0,0.0,0.02,0.03,guess_passwd,1,0,NORMAL,0,0
0,tcp,telnet,SF,123,174,0,0,0,0,1,0,0,0,0,0,0,0,0,0,0,0,1,1,0.0,0.0,0.0,0.0,1.0,0.0,0.0,255,254,1.0,0.01,0.0,0.0,0.01,0.01,0.02,0.02,guess_passwd,1,0,NORMAL,0,0
4,tcp,pop_3,SF,27,93,0,0,0,0,0,1,0,0,0,0,0,0,0,0,0,0,1,1,0.0,0.0,0.0,0.0,1.0,0.0,0.0,255,203,0.8,0.02,0.0,0.0,0.0,0.0,0.07,0.0,guess_passwd,1,0,NORMAL,0,0
0,udp,private,SF,49,0,0,0,0,0,0,0,0,0,0,0,0,0,0,0,0,0,5,5,0.0,0.0,0.0,0.0,1.0,0.0,0.0,255,255,1.0,0.0,0.01,0.0,0.0,0.0,0.0,0.0,snmpguess,1,0,NORMAL,0,0
281,tcp,ftp,SF,160,597,0,0,0,2,0,1,0,0,0,0,0,0,0,0,0,1,1,1,0.0,0.0,0.0,0.0,1.0,0.0,0.0,255,10,0.04,0.54,0.0,0.0,0.04,0.0,0.53,0.0,warezmaster,1,0,NORMAL,0,0
0,tcp,telnet,REJ,0,0,0,0,0,0,0,0,0,0,0,0,0,0,0,0,0,0,1,11,0.0,0.18,1.0,0.55,1.0,0.0,0.64,71,87,0.32,0.07,0.01,0.02,0.03,0.0,0.89,0.68,mscan,1,0,NORMAL,0,0
0,tcp,http,S0,0,0,0,0,0,0,0,0,0,0,0,0,0,0,0,0,0,0,44,44,1.0,1.0,0.0,0.0,1.0,0.0,0.0,255,255,1.0,0.0,0.0,0.0,0.25,0.25,0.7,0.7,apache2,1,0,NORMAL,0,0
281,tcp,ftp,SF,155,591,0,0,0,2,0,1,0,0,0,0,0,0,0,0,0,1,1,1,0.0,0.0,0.0,0.0,1.0,0.0,0.0,255,126,0.49,0.03,0.0,0.0,0.0,0.0,0.0,0.0,warezmaster,1,0,NORMAL,0,0
0,icmp,ecr_i,SF,1480,0,0,1,0,0,0,0,0,0,0,0,0,0,0,0,0,0,2,4,0.0,0.0,0.0,0.0,1.0,0.0,0.5,2,40,1.0,0.0,1.0,0.5,0.0,0.0,0.0,0.0,normal,0,1,ATTACK,1,0
281,tcp,ftp,SF,162,599,0,0,0,2,0,1,0,0,0,0,0,0,0,0,0,1,1,1,0.0,0.0,0.0,0.0,1.0,0.0,0.0,255,42,0.16,0.03,0.0,0.0,0.27,0.0,0.02,0.0,warezmaster,1,0,NORMAL,0,0
0,tcp,ftp_data,SF,12,0,0,0,0,0,0,0,0,0,0,0,0,0,0,0,0,0,1,1,0.0,0.0,0.0,0.0,1.0,0.0,0.0,11,27,1.0,0.0,1.0,0.07,0.0,0.0,0.0,0.0,warezmaster,1,0,NORMAL,0,0
280,tcp,ftp_data,SF,283618,0,0,0,0,0,0,0,0,0,0,0,0,0,0,0,0,0,2,2,0.0,0.0,0.0,0.0,1.0,0.0,0.0,21,4,0.19,0.1,0.19,0.0,0.0,0.0,0.0,0.0,warezmaster,1,0,NORMAL,0,0
4,tcp,pop_3,SF,30,93,0,0,0,0,0,1,0,0,0,0,0,0,0,0,0,0,1,1,0.0,0.0,0.0,0.0,1.0,0.0,0.0,255,238,0.93,0.04,0.0,0.0,0.0,0.0,0.0,0.0,guess_passwd,1,0,NORMAL,0,0
4,tcp,pop_3,SF,30,93,0,0,0,0,0,1,0,0,0,0,0,0,0,0,0,0,1,1,0.0,0.0,0.0,0.0,1.0,0.0,0.0,255,248,0.97,0.01,0.01,0.0,0.0,0.0,0.0,0.0,guess_passwd,1,0,NORMAL,0,0
0,tcp,sunrpc,REJ,0,0,0,0,0,0,0,0,0,0,0,0,0,0,0,0,0,0,1,3,0.0,0.0,1.0,1.0,1.0,0.0,1.0,142,30,0.08,0.05,0.01,0.07,0.0,0.0,0.43,1.0,mscan,1,0,NORMAL,0,0
0,tcp,telnet,SF,122,174,0,0,0,0,1,0,0,0,0,0,0,0,0,0,0,0,1,1,0.0,0.0,0.0,0.0,1.0,0.0,0.0,255,254,1.0,0.01,0.0,0.0,0.01,0.01,0.01,0.01,guess_passwd,1,0,NORMAL,0,0
0,udp,private,SF,41,0,0,0,0,0,0,0,0,0,0,0,0,0,0,0,0,0,3,3,0.0,0.0,0.0,0.0,1.0,0.0,0.0,255,255,1.0,0.0,0.0,0.0,0.0,0.0,0.0,0.0,snmpguess,1,0,NORMAL,0,0
2,tcp,telnet,SF,24,942,0,0,0,0,0,0,0,0,0,0,0,0,0,0,0,0,1,5,0.0,0.2,0.0,0.4,1.0,0.0,0.8,255,14,0.05,0.03,0.0,0.0,0.01,0.0,0.14,0.71,mscan,1,0,NORMAL,0,0
1,tcp,smtp,SF,2599,293,0,0,0,0,0,1,0,0,0,0,0,0,0,0,0,0,2,2,0.0,0.0,0.0,0.0,1.0,0.0,0.0,255,93,0.36,0.14,0.0,0.0,0.0,0.0,0.62,0.0,mailbomb,1,0,NORMAL,0,0
0,udp,private,SF,105,146,0,0,0,0,0,0,0,0,0,0,0,0,0,0,0,0,2,2,0.0,0.0,0.0,0.0,1.0,0.0,0.0,255,252,0.99,0.01,0.0,0.0,0.0,0.0,0.0,0.0,snmpgetattack,1,0,NORMAL,0,0
0,tcp,telnet,SF,15,87,0,0,0,0,0,0,0,0,0,0,0,0,0,0,0,0,4,12,0.0,0.17,0.75,0.75,0.5,0.75,0.92,128,127,0.5,0.02,0.01,0.02,0.0,0.0,0.84,0.49,mscan,1,0,NORMAL,0,0
0,tcp,sunrpc,REJ,0,0,0,0,0,0,0,0,0,0,0,0,0,0,0,0,0,0,1,3,0.0,0.0,1.0,1.0,1.0,0.0,1.0,151,50,0.18,0.03,0.01,0.04,0.01,0.0,0.86,1.0,mscan,1,0,NORMAL,0,0
0,udp,private,SF,105,146,0,0,0,0,0,0,0,0,0,0,0,0,0,0,0,0,2,2,0.0,0.0,0.0,0.0,1.0,0.0,0.0,135,135,1.0,0.0,0.01,0.0,0.0,0.0,0.0,0.0,snmpgetattack,1,0,NORMAL,0,0
0,tcp,other,RSTR,244,620,0,0,0,0,0,0,0,0,0,0,0,0,0,0,0,0,1,1,0.0,0.0,1.0,1.0,1.0,0.0,0.0,255,29,0.11,0.02,0.0,0.0,0.0,0.0,0.1,0.76,httptunnel,1,0,NORMAL,0,0
0,tcp,telnet,S3,0,44,0,0,0,0,0,0,0,0,0,0,0,0,0,0,0,0,1,1,1.0,1.0,0.0,0.0,1.0,0.0,0.0,255,93,0.36,0.03,0.0,0.0,0.05,0.15,0.11,0.14,processtable,1,0,NORMAL,0,0
0,tcp,telnet,SF,124,174,0,0,0,0,1,0,0,0,0,0,0,0,0,0,0,0,1,1,0.0,0.0,0.0,0.0,1.0,0.0,0.0,255,155,0.61,0.02,0.0,0.0,0.0,0.0,0.02,0.03,guess_passwd,1,0,NORMAL,0,0
280,tcp,ftp_data,SF,283618,0,0,0,0,0,0,0,0,0,0,0,0,0,0,0,0,0,2,2,0.0,0.0,0.0,0.0,1.0,0.0,0.0,248,18,0.06,0.03,0.06,0.11,0.01,0.0,0.0,0.0,warezmaster,1,0,NORMAL,0,0
4,tcp,pop_3,SF,28,93,0,0,0,0,0,1,0,0,0,0,0,0,0,0,0,0,1,1,0.0,0.0,0.0,0.0,1.0,0.0,0.0,255,238,0.93,0.01,0.0,0.0,0.0,0.0,0.04,0.0,guess_passwd,1,0,NORMAL,0,0
0,tcp,telnet,SF,125,174,0,0,0,0,1,0,0,0,0,0,0,0,0,0,0,0,1,1,0.0,0.0,0.0,0.0,1.0,0.0,0.0,255,4,0.02,0.02,0.0,0.0,0.0,0.0,0.0,0.25,guess_passwd,1,0,NORMAL,0,0
0,udp,private,SF,105,147,0,0,0,0,0,0,0,0,0,0,0,0,0,0,0,0,2,2,0.0,0.0,0.0,0.0,1.0,0.0,0.0,255,253,0.99,0.01,0.02,0.0,0.0,0.0,0.0,0.0,snmpgetattack,1,0,NORMAL,0,0
4,tcp,pop_3,SF,27,93,0,0,0,0,0,1,0,0,0,0,0,0,0,0,0,0,1,1,0.0,0.0,0.0,0.0,1.0,0.0,0.0,255,132,0.52,0.02,0.0,0.0,0.0,0.0,0.18,0.02,guess_passwd,1,0,NORMAL,0,0
9,tcp,smtp,SF,4485,631,0,0,0,0,0,1,0,1,0,2,0,0,1,0,0,0,1,1,0.0,0.0,0.0,0.0,1.0,0.0,0.0,41,151,0.2,0.12,0.02,0.01,0.0,0.0,0.0,0.0,sendmail,1,0,NORMAL,0,0
280,tcp,ftp_data,SF,283618,0,0,0,0,0,0,0,0,0,0,0,0,0,0,0,0,0,2,2,0.0,0.0,0.0,0.0,1.0,0.0,0.0,33,10,0.3,0.06,0.3,0.0,0.0,0.0,0.0,0.0,warezmaster,1,0,NORMAL,0,0
3,tcp,telnet,SF,24,574,0,0,0,0,0,0,0,0,0,0,0,0,0,0,0,0,4,9,0.0,0.11,0.75,0.44,0.5,0.75,0.56,167,86,0.34,0.03,0.01,0.02,0.0,0.0,0.89,0.69,mscan,1,0,NORMAL,0,0
0,tcp,telnet,S3,0,44,0,0,0,0,0,0,0,0,0,0,0,0,0,0,0,0,1,1,1.0,1.0,0.0,0.0,1.0,0.0,0.0,255,108,0.42,0.03,0.0,0.0,0.13,0.3,0.11,0.12,processtable,1,0,NORMAL,0,0
4,tcp,pop_3,SF,30,93,0,0,0,0,0,1,0,0,0,0,0,0,0,0,0,0,1,1,0.0,0.0,0.0,0.0,1.0,0.0,0.0,255,232,0.91,0.04,0.0,0.0,0.0,0.0,0.0,0.0,guess_passwd,1,0,NORMAL,0,0
7316,tcp,telnet,SF,0,44,0,0,0,0,0,0,0,0,0,0,0,0,0,0,0,0,1,1,0.0,0.0,0.0,0.0,1.0,0.0,0.0,255,238,0.93,0.02,0.0,0.0,0.33,0.36,0.08,0.04,processtable,1,0,NORMAL,0,0
0,udp,private,SF,47,0,0,0,0,0,0,0,0,0,0,0,0,0,0,0,0,0,5,5,0.0,0.0,0.0,0.0,1.0,0.0,0.0,255,254,1.0,0.01,0.01,0.0,0.0,0.0,0.0,0.0,snmpguess,1,0,NORMAL,0,0
0,udp,private,SF,1,0,0,0,0,0,0,0,0,0,0,0,0,0,0,0,0,0,85,8,0.0,0.0,0.0,0.0,0.09,0.76,0.0,255,14,0.05,0.84,0.59,0.0,0.05,0.0,0.35,0.0,normal,0,1,ATTACK,1,0
903,tcp,http,RSTR,2484,0,0,0,0,0,0,1,0,0,0,0,0,0,0,0,0,0,53,53,0.02,0.02,0.96,0.96,1.0,0.0,0.0,255,255,1.0,0.0,0.0,0.0,0.0,0.0,0.2,0.2,apache2,1,0,NORMAL,0,0
13,tcp,telnet,SF,118,2425,0,0,0,0,0,1,0,0,0,0,0,0,0,0,0,0,1,1,0.0,0.0,0.0,0.0,1.0,0.0,0.0,26,10,0.38,0.12,0.04,0.0,0.0,0.0,0.12,0.3,guess_passwd,1,0,NORMAL,0,0
4,tcp,pop_3,SF,28,93,0,0,0,0,0,1,0,0,0,0,0,0,0,0,0,0,1,1,0.0,0.0,0.0,0.0,1.0,0.0,0.0,255,223,0.87,0.04,0.0,0.0,0.0,0.0,0.0,0.0,guess_passwd,1,0,NORMAL,0,0
0,udp,private,SF,51,0,0,0,0,0,0,0,0,0,0,0,0,0,0,0,0,0,4,4,0.0,0.0,0.0,0.0,1.0,0.0,0.0,255,255,1.0,0.0,0.01,0.0,0.0,0.0,0.0,0.0,snmpguess,1,0,NORMAL,0,0
4,tcp,pop_3,SF,32,93,0,0,0,0,0,1,0,0,0,0,0,0,0,0,0,0,1,1,0.0,0.0,0.0,0.0,1.0,0.0,0.0,255,237,0.93,0.01,0.0,0.0,0.0,0.0,0.04,0.0,guess_passwd,1,0,NORMAL,0,0
4,tcp,pop_3,SF,32,93,0,0,0,0,0,1,0,0,0,0,0,0,0,0,0,0,1,1,0.0,0.0,0.0,0.0,1.0,0.0,0.0,42,42,0.98,0.05,0.02,0.05,0.0,0.0,0.0,0.0,guess_passwd,1,0,NORMAL,0,0
7298,tcp,telnet,SF,0,44,0,0,0,0,0,0,0,0,0,0,0,0,0,0,0,0,1,1,0.0,0.0,0.0,0.0,1.0,0.0,0.0,255,236,0.93,0.02,0.0,0.0,0.27,0.29,0.01,0.0,processtable,1,0,NORMAL,0,0
0,udp,private,SF,45,0,0,0,0,0,0,0,0,0,0,0,0,0,0,0,0,0,4,4,0.0,0.0,0.0,0.0,1.0,0.0,0.0,255,253,0.99,0.01,0.0,0.0,0.0,0.0,0.0,0.0,snmpguess,1,0,NORMAL,0,0
0,tcp,http,S0,0,0,0,0,0,0,0,0,0,0,0,0,0,0,0,0,0,0,48,48,1.0,1.0,0.0,0.0,1.0,0.0,0.0,255,255,1.0,0.0,0.0,0.0,0.26,0.26,0.7,0.7,apache2,1,0,NORMAL,0,0
4,tcp,pop_3,SF,32,93,0,0,0,0,0,1,0,0,0,0,0,0,0,0,0,0,1,1,0.0,0.0,0.0,0.0,1.0,0.0,0.0,255,145,0.57,0.02,0.0,0.0,0.0,0.0,0.15,0.0,guess_passwd,1,0,NORMAL,0,0
0,tcp,telnet,SF,127,174,0,0,0,0,1,0,0,0,0,0,0,0,0,0,0,0,1,1,0.0,0.0,0.0,0.0,1.0,0.0,0.0,255,248,0.97,0.01,0.0,0.0,0.0,0.0,0.02,0.02,guess_passwd,1,0,NORMAL,0,0
1,tcp,smtp,SF,2599,293,0,0,0,0,0,1,0,0,0,0,0,0,0,0,0,0,2,2,0.0,0.0,0.0,0.0,1.0,0.0,0.0,255,41,0.16,0.16,0.0,0.0,0.0,0.0,0.82,0.0,mailbomb,1,0,NORMAL,0,0
281,tcp,ftp,SF,158,595,0,0,0,2,0,1,0,0,0,0,0,0,0,0,0,1,1,1,0.0,0.0,0.0,0.0,1.0,0.0,0.0,91,37,0.41,0.07,0.01,0.0,0.0,0.0,0.0,0.0,warezmaster,1,0,NORMAL,0,0
4,tcp,pop_3,SF,30,93,0,0,0,0,0,1,0,0,0,0,0,0,0,0,0,0,1,2,0.0,0.0,0.0,0.0,1.0,0.0,1.0,255,250,0.98,0.01,0.0,0.0,0.0,0.0,0.0,0.0,guess_passwd,1,0,NORMAL,0,0
0,udp,private,SF,1,0,0,0,0,0,0,0,0,0,0,0,0,0,0,0,0,0,104,8,0.0,0.0,0.0,0.0,0.08,0.78,0.0,255,15,0.06,0.56,0.88,0.0,0.0,0.0,0.12,0.0,normal,0,1,ATTACK,1,0
10,tcp,pop_3,SF,30,93,0,0,0,0,0,1,0,0,0,0,0,0,0,0,0,0,1,1,0.0,0.0,0.0,0.0,1.0,0.0,0.0,255,254,1.0,0.01,0.0,0.0,0.0,0.0,0.0,0.0,guess_passwd,1,0,NORMAL,0,0
4,tcp,pop_3,SF,32,93,0,0,0,0,0,1,0,0,0,0,0,0,0,0,0,0,1,1,0.0,0.0,0.0,0.0,1.0,0.0,0.0,250,231,0.92,0.01,0.0,0.0,0.0,0.0,0.04,0.0,guess_passwd,1,0,NORMAL,0,0
282,tcp,ftp,SF,162,599,0,0,0,2,0,1,0,0,0,0,0,0,0,0,0,1,1,1,0.0,0.0,0.0,0.0,1.0,0.0,0.0,255,12,0.05,0.65,0.0,0.0,0.0,0.0,0.64,0.0,warezmaster,1,0,NORMAL,0,0
0,udp,private,SF,51,51,0,0,0,0,0,0,0,0,0,0,0,0,0,0,0,0,4,4,0.0,0.0,0.0,0.0,1.0,0.0,0.0,255,254,1.0,0.01,0.01,0.0,0.0,0.0,0.0,0.0,snmpguess,1,0,NORMAL,0,0
4,tcp,telnet,SF,120,174,0,0,0,0,1,0,0,0,0,0,0,0,0,0,0,0,1,1,0.0,0.0,0.0,0.0,1.0,0.0,0.0,255,254,1.0,0.01,0.0,0.0,0.01,0.01,0.02,0.02,guess_passwd,1,0,NORMAL,0,0
0,tcp,other,RSTR,0,0,0,0,0,0,0,0,0,0,0,0,0,0,0,0,0,0,1,1,0.0,0.0,1.0,1.0,1.0,0.0,0.0,255,1,0.0,0.33,0.31,0.0,0.0,0.0,0.31,1.0,normal,0,1,ATTACK,1,0
7546,tcp,telnet,SF,0,44,0,0,0,0,0,0,0,0,0,0,0,0,0,0,0,0,1,1,0.0,0.0,0.0,0.0,1.0,0.0,0.0,255,171,0.67,0.31,0.0,0.0,0.5,0.74,0.3,0.01,processtable,1,0,NORMAL,0,0
5,tcp,pop_3,SF,26,93,0,0,0,0,0,1,0,0,0,0,0,0,0,0,0,0,1,1,0.0,0.0,0.0,0.0,1.0,0.0,0.0,255,236,0.93,0.01,0.0,0.0,0.0,0.0,0.04,0.0,guess_passwd,1,0,NORMAL,0,0
0,tcp,other,RSTR,0,0,0,0,0,0,0,0,0,0,0,0,0,0,0,0,0,0,1,1,0.0,0.0,1.0,1.0,1.0,0.0,0.0,255,1,0.0,0.44,0.42,0.0,0.0,0.0,0.42,1.0,normal,0,1,ATTACK,1,0
282,tcp,ftp,SF,160,597,0,0,0,2,0,1,0,0,0,0,0,0,0,0,0,1,1,1,0.0,0.0,0.0,0.0,1.0,0.0,0.0,255,13,0.05,0.84,0.0,0.0,0.0,0.0,0.82,0.0,warezmaster,1,0,NORMAL,0,0
0,tcp,ftp,SF,26,157,0,0,0,0,1,0,0,0,0,0,0,0,0,0,0,1,1,1,0.0,0.0,0.0,0.0,1.0,0.0,0.0,125,58,0.46,0.03,0.01,0.0,0.0,0.0,0.0,0.0,guess_passwd,1,0,NORMAL,0,0
4,tcp,pop_3,SF,28,93,0,0,0,0,0,1,0,0,0,0,0,0,0,0,0,0,1,1,0.0,0.0,0.0,0.0,1.0,0.0,0.0,255,173,0.68,0.02,0.0,0.0,0.0,0.0,0.11,0.0,guess_passwd,1,0,NORMAL,0,0
1,tcp,telnet,RSTO,0,15,0,0,0,0,0,0,0,0,0,0,0,0,0,0,0,0,1,5,0.0,0.2,1.0,0.4,1.0,0.0,0.8,141,86,0.34,0.04,0.01,0.02,0.0,0.0,0.9,0.71,mscan,1,0,NORMAL,0,0
283,tcp,ftp,SF,158,595,0,0,0,2,0,1,0,0,0,0,0,0,0,0,0,1,1,1,0.0,0.0,0.0,0.0,1.0,0.0,0.0,255,104,0.41,0.03,0.0,0.0,0.0,0.0,0.0,0.0,warezmaster,1,0,NORMAL,0,0
0,udp,other,SF,23,0,0,0,0,0,0,0,0,0,0,0,0,0,0,0,0,0,1,1,0.0,0.0,0.0,0.0,1.0,0.0,0.0,255,1,0.0,0.02,0.0,0.0,0.0,0.0,0.03,0.0,multihop,1,0,NORMAL,0,0
8092,tcp,telnet,SF,0,15,0,0,0,0,0,0,0,0,0,0,0,0,0,0,0,0,1,1,0.0,0.0,0.0,0.0,1.0,0.0,0.0,255,86,0.34,0.02,0.0,0.0,0.65,0.51,0.01,0.02,processtable,1,0,NORMAL,0,0
4,tcp,pop_3,SF,30,93,0,0,0,0,0,1,0,0,0,0,0,0,0,0,0,0,1,1,0.0,0.0,0.0,0.0,1.0,0.0,0.0,255,240,0.94,0.04,0.0,0.0,0.0,0.0,0.0,0.0,guess_passwd,1,0,NORMAL,0,0
1,tcp,smtp,SF,2599,293,0,0,0,0,0,1,0,0,0,0,0,0,0,0,0,0,2,2,0.0,0.0,0.0,0.0,1.0,0.0,0.0,255,30,0.12,0.16,0.0,0.0,0.0,0.0,0.86,0.0,mailbomb,1,0,NORMAL,0,0
4,tcp,pop_3,SF,26,93,0,0,0,0,0,1,0,0,0,0,0,0,0,0,0,0,1,1,0.0,0.0,0.0,0.0,1.0,0.0,0.0,114,99,0.86,0.03,0.01,0.02,0.0,0.0,0.09,0.0,guess_passwd,1,0,NORMAL,0,0
0,udp,private,SF,105,147,0,0,0,0,0,0,0,0,0,0,0,0,0,0,0,0,1,1,0.0,0.0,0.0,0.0,1.0,0.0,0.0,121,120,0.99,0.02,0.01,0.0,0.0,0.0,0.0,0.0,snmpgetattack,1,0,NORMAL,0,0
0,udp,private,SF,105,105,0,0,0,0,0,0,0,0,0,0,0,0,0,0,0,0,1,1,0.0,0.0,0.0,0.0,1.0,0.0,0.0,255,254,1.0,0.01,0.01,0.0,0.0,0.0,0.0,0.0,snmpgetattack,1,0,NORMAL,0,0
0,tcp,telnet,SF,122,174,0,0,0,0,1,0,0,0,0,0,0,0,0,0,0,0,1,1,0.0,0.0,0.0,0.0,1.0,0.0,0.0,255,179,0.7,0.02,0.0,0.0,0.0,0.0,0.02,0.03,guess_passwd,1,0,NORMAL,0,0
4,tcp,pop_3,SF,32,93,0,0,0,0,0,1,0,0,0,0,0,0,0,0,0,0,1,1,0.0,0.0,0.0,0.0,1.0,0.0,0.0,255,235,0.92,0.02,0.0,0.0,0.0,0.0,0.02,0.0,guess_passwd,1,0,NORMAL,0,0
0,tcp,http,S0,0,0,0,0,0,0,0,0,0,0,0,0,0,0,0,0,0,0,40,40,1.0,1.0,0.0,0.0,1.0,0.0,0.0,255,255,1.0,0.0,0.0,0.0,0.23,0.23,0.7,0.7,apache2,1,0,NORMAL,0,0
5,tcp,pop_3,SF,28,93,0,0,0,0,0,1,0,0,0,0,0,0,0,0,0,0,1,1,0.0,0.0,0.0,0.0,1.0,0.0,0.0,255,248,0.97,0.01,0.0,0.0,0.0,0.0,0.01,0.0,guess_passwd,1,0,NORMAL,0,0
0,tcp,sunrpc,REJ,0,0,0,0,0,0,0,0,0,0,0,0,0,0,0,0,0,0,1,3,0.0,0.0,1.0,1.0,1.0,0.0,1.0,102,50,0.16,0.05,0.01,0.04,0.02,0.0,0.85,1.0,mscan,1,0,NORMAL,0,0
4,tcp,pop_3,SF,32,93,0,0,0,0,0,1,0,0,0,0,0,0,0,0,0,0,1,1,0.0,0.0,0.0,0.0,1.0,0.0,0.0,166,148,0.89,0.02,0.01,0.01,0.0,0.0,0.06,0.0,guess_passwd,1,0,NORMAL,0,0
0,udp,private,SF,46,0,0,0,0,0,0,0,0,0,0,0,0,0,0,0,0,0,3,3,0.0,0.0,0.0,0.0,1.0,0.0,0.0,255,253,0.99,0.01,0.02,0.0,0.0,0.0,0.0,0.0,snmpguess,1,0,NORMAL,0,0
7678,tcp,telnet,SF,0,44,0,0,0,0,0,0,0,0,0,0,0,0,0,0,0,0,1,1,0.0,0.0,0.0,0.0,1.0,0.0,0.0,255,162,0.64,0.02,0.0,0.0,0.53,0.51,0.01,0.01,processtable,1,0,NORMAL,0,0
1,tcp,smtp,SF,2599,293,0,0,0,0,0,1,0,0,0,0,0,0,0,0,0,0,2,2,0.0,0.0,0.0,0.0,1.0,0.0,0.0,255,160,0.63,0.13,0.0,0.0,0.0,0.0,0.36,0.0,mailbomb,1,0,NORMAL,0,0
0,tcp,telnet,SF,124,174,0,0,0,0,1,0,0,0,0,0,0,0,0,0,0,0,1,1,0.0,0.0,0.0,0.0,1.0,0.0,0.0,255,105,0.41,0.02,0.0,0.0,0.0,0.0,0.01,0.03,guess_passwd,1,0,NORMAL,0,0
1,tcp,smtp,SF,2599,293,0,0,0,0,0,1,0,0,0,0,0,0,0,0,0,0,2,2,0.0,0.0,0.0,0.0,1.0,0.0,0.0,255,73,0.29,0.14,0.0,0.0,0.0,0.0,0.7,0.0,mailbomb,1,0,NORMAL,0,0
7261,tcp,telnet,SF,0,44,0,0,0,0,0,0,0,0,0,0,0,0,0,0,0,0,1,1,0.0,0.0,0.0,0.0,1.0,0.0,0.0,255,244,0.96,0.02,0.0,0.0,0.27,0.28,0.01,0.0,processtable,1,0,NORMAL,0,0
0,tcp,telnet,SF,119,174,0,0,0,0,1,0,0,0,0,0,0,0,0,0,0,0,1,1,0.0,0.0,0.0,0.0,1.0,0.0,0.0,255,55,0.22,0.02,0.0,0.0,0.0,0.0,0.01,0.04,guess_passwd,1,0,NORMAL,0,0
0,tcp,telnet,S3,0,44,0,0,0,0,0,0,0,0,0,0,0,0,0,0,0,0,1,1,1.0,1.0,0.0,0.0,1.0,0.0,0.0,255,121,0.47,0.02,0.0,0.0,0.53,0.39,0.01,0.01,processtable,1,0,NORMAL,0,0
4,tcp,pop_3,SF,31,93,0,0,0,0,0,1,0,0,0,0,0,0,0,0,0,0,1,1,0.0,0.0,0.0,0.0,1.0,0.0,0.0,255,232,0.91,0.02,0.0,0.0,0.0,0.0,0.05,0.0,guess_passwd,1,0,NORMAL,0,0
8,tcp,telnet,SF,24,154,0,0,0,0,0,0,0,0,0,0,0,0,0,0,0,0,4,17,0.0,0.06,0.75,0.47,0.5,0.75,0.53,75,87,0.35,0.07,0.01,0.02,0.0,0.0,0.89,0.7,mscan,1,0,NORMAL,0,0
1,tcp,smtp,SF,2599,293,0,0,0,0,0,1,0,0,0,0,0,0,0,0,0,0,2,2,0.0,0.0,0.0,0.0,1.0,0.0,0.0,255,21,0.08,0.16,0.0,0.0,0.0,0.0,0.9,0.0,mailbomb,1,0,NORMAL,0,0
2,tcp,telnet,SF,24,109,0,0,0,0,0,0,0,0,0,0,0,0,0,0,0,0,4,5,0.0,0.0,0.75,0.4,0.5,0.75,0.6,232,84,0.33,0.02,0.0,0.02,0.0,0.0,0.9,0.7,mscan,1,0,NORMAL,0,0
0,tcp,telnet,SF,125,174,0,0,0,0,1,0,0,0,0,0,0,0,0,0,0,0,2,2,0.0,0.0,0.0,0.0,1.0,0.0,0.0,255,63,0.25,0.02,0.0,0.0,0.0,0.0,0.01,0.05,guess_passwd,1,0,NORMAL,0,0
4,tcp,pop_3,SF,32,93,0,0,0,0,0,1,0,0,0,0,0,0,0,0,0,0,1,1,0.0,0.0,0.0,0.0,1.0,0.0,0.0,192,173,0.9,0.02,0.01,0.0,0.0,0.0,0.05,0.0,guess_passwd,1,0,NORMAL,0,0
0,udp,other,SF,1,0,0,0,0,0,0,0,0,0,0,0,0,0,0,0,0,0,52,2,0.0,0.0,0.0,0.0,0.04,0.13,0.0,255,2,0.01,0.46,0.92,0.0,0.0,0.0,0.08,0.0,normal,0,1,ATTACK,1,0
0,tcp,ftp_data,SF,2848,0,0,0,0,0,0,0,0,0,0,0,0,0,0,0,0,0,1,1,0.0,0.0,0.0,0.0,1.0,0.0,0.0,131,97,0.54,0.03,0.54,0.02,0.0,0.0,0.0,0.0,httptunnel,1,0,NORMAL,0,0
280,tcp,ftp_data,SF,283618,0,0,0,0,0,0,0,0,0,0,0,0,0,0,0,0,0,2,2,0.0,0.0,0.0,0.0,1.0,0.0,0.0,15,22,0.93,0.13,0.93,0.09,0.0,0.0,0.0,0.0,warezmaster,1,0,NORMAL,0,0
4,tcp,pop_3,SF,32,93,0,0,0,0,0,1,0,0,0,0,0,0,0,0,0,0,1,1,0.0,0.0,0.0,0.0,1.0,0.0,0.0,255,178,0.7,0.02,0.0,0.0,0.0,0.0,0.11,0.0,guess_passwd,1,0,NORMAL,0,0
5,tcp,pop_3,SF,28,93,0,0,0,0,0,1,0,0,0,0,0,0,0,0,0,0,1,1,0.0,0.0,0.0,0.0,1.0,0.0,0.0,175,157,0.89,0.02,0.01,0.01,0.0,0.0,0.06,0.0,guess_passwd,1,0,NORMAL,0,0
0,udp,private,SF,1,0,0,0,0,0,0,0,0,0,0,0,0,0,0,0,0,0,66,2,0.0,0.0,0.0,0.0,0.03,0.67,0.0,255,2,0.01,0.74,1.0,0.0,0.0,0.0,0.0,0.0,normal,0,1,ATTACK,1,0
0,udp,private,SF,41,0,0,0,0,0,0,0,0,0,0,0,0,0,0,0,0,0,4,4,0.0,0.0,0.0,0.0,1.0,0.0,0.0,255,255,1.0,0.0,0.02,0.0,0.0,0.0,0.0,0.0,snmpguess,1,0,NORMAL,0,0
0,tcp,telnet,SF,122,174,0,0,0,0,1,0,0,0,0,0,0,0,0,0,0,0,1,1,0.0,0.0,0.0,0.0,1.0,0.0,0.0,255,11,0.04,0.02,0.0,0.0,0.0,0.0,0.0,0.09,guess_passwd,1,0,NORMAL,0,0
26,tcp,telnet,SF,156,1561,0,0,0,7,0,1,1,1,0,0,0,0,0,0,0,0,1,1,0.0,0.0,0.0,0.0,1.0,0.0,0.0,255,162,0.64,0.02,0.0,0.0,0.0,0.01,0.39,0.24,buffer_overflow,1,0,NORMAL,0,0
3,tcp,pop_3,SF,28,93,0,0,0,0,0,1,0,0,0,0,0,0,0,0,0,0,1,1,0.0,0.0,0.0,0.0,1.0,0.0,0.0,255,250,0.98,0.01,0.0,0.0,0.0,0.0,0.0,0.0,guess_passwd,1,0,NORMAL,0,0
0,udp,private,SF,1,0,0,0,0,0,0,0,0,0,0,0,0,0,0,0,0,0,112,2,0.0,0.0,0.0,0.0,0.02,0.99,0.0,255,2,0.01,0.85,1.0,0.0,0.0,0.0,0.0,0.0,normal,0,1,ATTACK,1,0
5,tcp,pop_3,SF,28,93,0,0,0,0,0,1,0,0,0,0,0,0,0,0,0,0,1,1,0.0,0.0,0.0,0.0,1.0,0.0,0.0,255,252,0.99,0.01,0.0,0.0,0.0,0.0,0.0,0.0,guess_passwd,1,0,NORMAL,0,0
0,tcp,telnet,SF,125,174,0,0,0,0,1,0,0,0,0,0,0,0,0,0,0,0,1,1,0.0,0.0,0.0,0.0,1.0,0.0,0.0,255,21,0.08,0.02,0.0,0.0,0.0,0.0,0.0,0.05,guess_passwd,1,0,NORMAL,0,0
0,tcp,other,REJ,0,0,0,0,0,0,0,0,0,0,0,0,0,0,0,0,0,0,1,1,0.0,0.0,1.0,1.0,1.0,0.0,0.0,78,3,0.04,0.04,0.01,0.0,0.0,0.0,0.04,1.0,httptunnel,1,0,NORMAL,0,0
0,udp,private,SF,105,147,0,0,0,0,0,0,0,0,0,0,0,0,0,0,0,0,1,1,0.0,0.0,0.0,0.0,1.0,0.0,0.0,214,212,0.99,0.01,0.0,0.0,0.0,0.0,0.0,0.0,snmpgetattack,1,0,NORMAL,0,0
8068,tcp,telnet,SF,0,15,0,0,0,0,0,0,0,0,0,0,0,0,0,0,0,0,1,1,0.0,0.0,0.0,0.0,1.0,0.0,0.0,255,71,0.28,0.03,0.0,0.0,0.01,0.03,0.11,0.18,processtable,1,0,NORMAL,0,0
280,tcp,ftp_data,SF,283618,0,0,0,0,0,0,0,0,0,0,0,0,0,0,0,0,0,2,2,0.0,0.0,0.0,0.0,1.0,0.0,0.0,255,108,0.42,0.02,0.42,0.0,0.0,0.0,0.0,0.0,warezmaster,1,0,NORMAL,0,0
0,tcp,telnet,SF,124,174,0,0,0,0,1,0,0,0,0,0,0,0,0,0,0,0,1,1,0.0,0.0,0.0,0.0,1.0,0.0,0.0,255,184,0.72,0.02,0.0,0.0,0.0,0.0,0.02,0.03,guess_passwd,1,0,NORMAL,0,0
0,tcp,telnet,SF,123,174,0,0,0,0,1,0,0,0,0,0,0,0,0,0,0,0,1,1,0.0,0.0,0.0,0.0,1.0,0.0,0.0,255,236,0.93,0.02,0.0,0.0,0.0,0.0,0.02,0.03,guess_passwd,1,0,NORMAL,0,0
4,tcp,pop_3,SF,32,93,0,0,0,0,0,1,0,0,0,0,0,0,0,0,0,0,1,1,0.0,0.0,0.0,0.0,1.0,0.0,0.0,255,180,0.71,0.02,0.0,0.0,0.0,0.0,0.11,0.0,guess_passwd,1,0,NORMAL,0,0
7430,tcp,telnet,SF,0,44,0,0,0,0,0,0,0,0,0,0,0,0,0,0,0,0,1,1,0.0,0.0,0.0,0.0,1.0,0.0,0.0,255,207,0.81,0.02,0.0,0.0,0.3,0.33,0.01,0.01,processtable,1,0,NORMAL,0,0
0,tcp,ftp,SF,26,157,0,0,0,0,1,0,0,0,0,0,0,0,0,0,0,1,1,1,0.0,0.0,0.0,0.0,1.0,0.0,0.0,122,55,0.45,0.03,0.01,0.0,0.0,0.0,0.0,0.0,guess_passwd,1,0,NORMAL,0,0
1,tcp,smtp,SF,2599,293,0,0,0,0,0,1,0,0,0,0,0,0,0,0,0,0,3,3,0.0,0.0,0.0,0.0,1.0,0.0,0.0,255,170,0.67,0.13,0.0,0.0,0.0,0.0,0.32,0.0,mailbomb,1,0,NORMAL,0,0
7,tcp,imap4,RSTO,0,44,0,0,0,0,0,0,0,0,0,0,0,0,0,0,0,0,1,9,0.0,0.0,1.0,1.0,1.0,0.0,1.0,251,6,0.02,0.03,0.0,0.33,0.0,0.0,0.06,1.0,mscan,1,0,NORMAL,0,0
0,udp,private,SF,41,0,0,0,0,0,0,0,0,0,0,0,0,0,0,0,0,0,2,2,0.0,0.0,0.0,0.0,1.0,0.0,0.0,255,255,1.0,0.0,0.01,0.0,0.0,0.0,0.0,0.0,snmpguess,1,0,NORMAL,0,0
280,tcp,ftp_data,SF,283618,0,0,0,0,0,0,0,0,0,0,0,0,0,0,0,0,0,1,1,0.0,0.0,0.0,0.0,1.0,0.0,0.0,6,5,0.83,0.33,0.83,0.0,0.0,0.0,0.0,0.0,warezmaster,1,0,NORMAL,0,0
2,tcp,telnet,SF,24,613,0,0,0,0,0,0,0,0,0,0,0,0,0,0,0,0,4,2,0.0,0.0,0.75,0.5,0.5,0.75,0.0,225,88,0.34,0.02,0.0,0.02,0.01,0.0,0.87,0.66,mscan,1,0,NORMAL,0,0
281,tcp,ftp,SF,162,599,0,0,0,2,0,1,0,0,0,0,0,0,0,0,0,1,1,1,0.0,0.0,0.0,0.0,1.0,0.0,0.0,255,103,0.4,0.04,0.0,0.0,0.0,0.0,0.05,0.0,warezmaster,1,0,NORMAL,0,0
1009,tcp,http,RSTR,12704,0,0,0,0,0,0,1,0,0,0,0,0,0,0,0,0,0,27,27,0.04,0.04,0.93,0.93,1.0,0.0,0.0,255,255,1.0,0.0,0.0,0.0,0.0,0.0,0.1,0.1,apache2,1,0,NORMAL,0,0
0,tcp,ftp,SF,26,157,0,0,0,0,1,0,0,0,0,0,0,0,0,0,0,1,1,1,0.0,0.0,0.0,0.0,1.0,0.0,0.0,255,120,0.47,0.03,0.0,0.0,0.0,0.0,0.0,0.0,guess_passwd,1,0,NORMAL,0,0
5,tcp,pop_3,SF,28,93,0,0,0,0,0,1,0,0,0,0,0,0,0,0,0,0,1,1,0.0,0.0,0.0,0.0,1.0,0.0,0.0,255,249,0.98,0.01,0.01,0.0,0.0,0.0,0.0,0.0,guess_passwd,1,0,NORMAL,0,0
1,tcp,smtp,SF,2599,293,0,0,0,0,0,1,0,0,0,0,0,0,0,0,0,0,3,3,0.0,0.0,0.0,0.0,1.0,0.0,0.0,255,127,0.5,0.15,0.0,0.0,0.0,0.0,0.49,0.0,mailbomb,1,0,NORMAL,0,0
4,tcp,pop_3,SF,32,93,0,0,0,0,0,1,0,0,0,0,0,0,0,0,0,0,1,1,0.0,0.0,0.0,0.0,1.0,0.0,0.0,224,205,0.92,0.01,0.0,0.0,0.0,0.0,0.04,0.0,guess_passwd,1,0,NORMAL,0,0
0,tcp,smtp,REJ,0,0,0,0,0,0,0,0,0,0,0,0,0,0,0,0,0,0,1,1,0.0,0.0,1.0,1.0,1.0,0.0,0.0,255,3,0.01,0.95,0.0,0.0,0.14,0.0,0.86,1.0,normal,0,1,ATTACK,1,0
0,udp,other,SF,516,0,0,0,0,0,0,0,0,0,0,0,0,0,0,0,0,0,19,19,0.0,0.0,0.0,0.0,1.0,0.0,0.0,21,19,0.9,0.1,0.05,0.0,0.0,0.0,0.0,0.0,multihop,1,0,NORMAL,0,0
4,tcp,pop_3,SF,32,93,0,0,0,0,0,1,0,0,0,0,0,0,0,0,0,0,1,1,0.0,0.0,0.0,0.0,1.0,0.0,0.0,255,185,0.73,0.02,0.0,0.0,0.0,0.0,0.11,0.0,guess_passwd,1,0,NORMAL,0,0
0,tcp,telnet,SF,119,174,0,0,0,0,1,0,0,0,0,0,0,0,0,0,0,0,1,1,0.0,0.0,0.0,0.0,1.0,0.0,0.0,255,255,1.0,0.0,0.0,0.0,0.0,0.0,0.02,0.02,guess_passwd,1,0,NORMAL,0,0
5,tcp,pop_3,SF,26,93,0,0,0,0,0,1,0,0,0,0,0,0,0,0,0,0,1,1,0.0,0.0,0.0,0.0,1.0,0.0,0.0,165,147,0.88,0.02,0.01,0.01,0.0,0.0,0.06,0.0,guess_passwd,1,0,NORMAL,0,0
4,tcp,pop_3,SF,30,93,0,0,0,0,0,1,0,0,0,0,0,0,0,0,0,0,1,1,0.0,0.0,0.0,0.0,1.0,0.0,0.0,255,248,0.97,0.02,0.0,0.0,0.0,0.0,0.0,0.0,guess_passwd,1,0,NORMAL,0,0
0,tcp,telnet,RSTO,120,188,0,0,0,0,1,0,0,0,0,0,0,0,0,0,0,0,1,1,0.0,0.0,1.0,1.0,1.0,0.0,0.0,255,164,0.64,0.02,0.0,0.0,0.0,0.0,0.02,0.03,guess_passwd,1,0,NORMAL,0,0
0,udp,private,SF,49,0,0,0,0,0,0,0,0,0,0,0,0,0,0,0,0,0,2,2,0.0,0.0,0.0,0.0,1.0,0.0,0.0,255,254,1.0,0.01,0.0,0.0,0.0,0.0,0.0,0.0,snmpguess,1,0,NORMAL,0,0
4,tcp,pop_3,SF,32,93,0,0,0,0,0,1,0,0,0,0,0,0,0,0,0,0,1,1,0.0,0.0,0.0,0.0,1.0,0.0,0.0,255,218,0.85,0.02,0.0,0.0,0.0,0.0,0.06,0.0,guess_passwd,1,0,NORMAL,0,0
1,tcp,telnet,RSTO,0,3,0,0,0,0,0,0,0,0,0,0,0,0,0,0,0,0,4,5,0.0,0.2,0.5,0.4,0.5,0.75,0.6,255,101,0.4,0.02,0.0,0.0,0.0,0.0,0.39,0.49,mscan,1,0,NORMAL,0,0
4,tcp,pop_3,SF,32,93,0,0,0,0,0,1,0,0,0,0,0,0,0,0,0,0,1,1,0.0,0.0,0.0,0.0,1.0,0.0,0.0,236,217,0.92,0.01,0.0,0.0,0.0,0.0,0.04,0.0,guess_passwd,1,0,NORMAL,0,0
283,tcp,ftp,SF,160,595,0,0,0,2,0,1,0,0,0,0,0,0,0,0,0,1,1,1,0.0,0.0,0.0,0.0,1.0,0.0,0.0,255,104,0.41,0.03,0.0,0.0,0.02,0.0,0.01,0.0,warezmaster,1,0,NORMAL,0,0
0,udp,private,SF,1,0,0,0,0,0,0,0,0,0,0,0,0,0,0,0,0,0,57,7,0.0,0.0,0.0,0.0,0.12,0.4,0.0,255,7,0.03,0.65,0.49,0.0,0.0,0.0,0.51,0.0,normal,0,1,ATTACK,1,0
281,tcp,ftp,SF,158,593,0,0,0,2,0,1,0,0,0,0,0,0,0,0,0,1,1,1,0.0,0.0,0.0,0.0,1.0,0.0,0.0,255,100,0.39,0.03,0.0,0.0,0.0,0.0,0.0,0.0,warezmaster,1,0,NORMAL,0,0
282,tcp,ftp,SF,161,597,0,0,0,2,0,1,0,0,0,0,0,0,0,0,0,1,1,1,0.0,0.0,0.0,0.0,1.0,0.0,0.0,255,105,0.41,0.03,0.0,0.0,0.0,0.0,0.0,0.0,warezmaster,1,0,NORMAL,0,0
0,tcp,ftp_data,SF,12,0,0,0,0,0,0,0,0,0,0,0,0,0,0,0,0,0,1,1,0.0,0.0,0.0,0.0,1.0,0.0,0.0,7,13,1.0,0.0,1.0,0.23,0.0,0.0,0.0,0.0,warezmaster,1,0,NORMAL,0,0
0,tcp,pop_3,SF,30,217,0,0,0,0,0,1,0,0,0,0,0,0,0,0,0,0,1,1,0.0,0.0,0.0,0.0,1.0,0.0,0.0,255,11,0.04,0.03,0.0,0.0,0.0,0.0,0.0,0.0,guess_passwd,1,0,NORMAL,0,0
4,tcp,pop_3,SF,32,93,0,0,0,0,0,1,0,0,0,0,0,0,0,0,0,0,1,1,0.0,0.0,0.0,0.0,1.0,0.0,0.0,164,146,0.88,0.02,0.01,0.01,0.0,0.0,0.06,0.0,guess_passwd,1,0,NORMAL,0,0
0,tcp,telnet,SF,121,174,0,0,0,0,1,0,0,0,0,0,0,0,0,0,0,0,1,1,0.0,0.0,0.0,0.0,1.0,0.0,0.0,255,255,1.0,0.0,0.0,0.0,0.01,0.01,0.02,0.02,guess_passwd,1,0,NORMAL,0,0
4,tcp,pop_3,SF,26,93,0,0,0,0,0,1,0,0,0,0,0,0,0,0,0,0,1,1,0.0,0.0,0.0,0.0,1.0,0.0,0.0,65,63,0.95,0.03,0.02,0.03,0.0,0.0,0.0,0.0,guess_passwd,1,0,NORMAL,0,0
0,udp,private,SF,1,0,0,0,0,0,0,0,0,0,0,0,0,0,0,0,0,0,9,1,0.0,0.0,0.0,0.0,0.11,0.56,0.0,255,1,0.0,0.24,1.0,0.0,0.0,0.0,0.0,0.0,normal,0,1,ATTACK,1,0
0,udp,private,SF,1,0,0,0,0,0,0,0,0,0,0,0,0,0,0,0,0,0,129,49,0.0,0.0,0.0,0.0,0.38,0.32,0.0,255,54,0.21,0.59,1.0,0.0,0.0,0.0,0.0,0.0,normal,0,1,ATTACK,1,0
4,tcp,pop_3,SF,30,93,0,0,0,0,0,1,0,0,0,0,0,0,0,0,0,0,1,1,0.0,0.0,0.0,0.0,1.0,0.0,0.0,255,229,0.9,0.02,0.0,0.0,0.0,0.0,0.02,0.0,guess_passwd,1,0,NORMAL,0,0
5,tcp,pop_3,SF,32,93,0,0,0,0,0,1,0,0,0,0,0,0,0,0,0,0,1,1,0.0,0.0,0.0,0.0,1.0,0.0,0.0,23,24,1.0,0.0,0.04,0.08,0.0,0.0,0.0,0.0,guess_passwd,1,0,NORMAL,0,0
31,tcp,ftp,SF,189,541,0,0,0,3,0,1,0,0,0,0,0,0,0,0,1,0,1,1,0.0,0.0,0.0,0.0,1.0,0.0,0.0,1,1,1.0,0.0,1.0,0.0,0.0,0.0,0.0,0.0,rootkit,1,0,NORMAL,0,0
8164,tcp,telnet,S2,0,15,0,0,0,0,0,0,0,0,0,0,0,0,0,0,0,0,1,1,1.0,1.0,0.0,0.0,1.0,0.0,0.0,255,73,0.29,0.02,0.0,0.0,0.72,0.67,0.01,0.03,processtable,1,0,NORMAL,0,0
3,tcp,pop_3,SF,32,93,0,0,0,0,0,1,0,0,0,0,0,0,0,0,0,0,1,1,0.0,0.0,0.0,0.0,1.0,0.0,0.0,255,245,0.96,0.02,0.0,0.0,0.0,0.0,0.02,0.0,guess_passwd,1,0,NORMAL,0,0
0,tcp,telnet,S3,0,44,0,0,0,0,0,0,0,0,0,0,0,0,0,0,0,0,1,1,1.0,1.0,0.0,0.0,1.0,0.0,0.0,255,136,0.53,0.43,0.0,0.0,0.42,0.79,0.42,0.01,processtable,1,0,NORMAL,0,0
4,tcp,pop_3,SF,30,93,0,0,0,0,0,1,0,0,0,0,0,0,0,0,0,0,1,1,0.0,0.0,0.0,0.0,1.0,0.0,0.0,255,228,0.89,0.04,0.0,0.0,0.0,0.0,0.0,0.0,guess_passwd,1,0,NORMAL,0,0
0,tcp,telnet,SF,122,174,0,0,0,0,1,0,0,0,0,0,0,0,0,0,0,0,1,1,0.0,0.0,0.0,0.0,1.0,0.0,0.0,255,144,0.56,0.02,0.0,0.0,0.0,0.0,0.02,0.03,guess_passwd,1,0,NORMAL,0,0
0,tcp,telnet,SF,126,174,0,0,0,0,1,0,0,0,0,0,0,0,0,0,0,0,1,1,0.0,0.0,0.0,0.0,1.0,0.0,0.0,255,132,0.52,0.02,0.0,0.0,0.0,0.0,0.02,0.03,guess_passwd,1,0,NORMAL,0,0
0,icmp,ecr_i,SF,1480,0,0,1,0,0,0,0,0,0,0,0,0,0,0,0,0,0,18,18,0.0,0.0,0.0,0.0,1.0,0.0,0.0,255,18,0.07,0.02,0.07,0.0,0.0,0.0,0.0,0.0,normal,0,1,ATTACK,1,0
0,tcp,ftp,SF,26,157,0,0,0,0,1,0,0,0,0,0,0,0,0,0,0,1,1,1,0.0,0.0,0.0,0.0,1.0,0.0,0.0,127,59,0.46,0.03,0.01,0.0,0.0,0.0,0.0,0.0,guess_passwd,1,0,NORMAL,0,0
0,tcp,ftp_data,SF,12,0,0,0,0,0,0,0,0,0,0,0,0,0,0,0,0,0,2,2,0.0,0.0,0.0,0.0,1.0,0.0,0.0,2,30,1.0,0.0,1.0,0.17,0.0,0.0,0.0,0.0,warezmaster,1,0,NORMAL,0,0
0,udp,private,SF,47,0,0,0,0,0,0,0,0,0,0,0,0,0,0,0,0,0,4,4,0.0,0.0,0.0,0.0,1.0,0.0,0.0,255,253,0.99,0.01,0.0,0.0,0.0,0.0,0.0,0.0,snmpguess,1,0,NORMAL,0,0
7346,tcp,telnet,SF,0,44,0,0,0,0,0,0,0,0,0,0,0,0,0,0,0,0,1,1,0.0,0.0,0.0,0.0,1.0,0.0,0.0,255,227,0.89,0.02,0.0,0.0,0.27,0.3,0.01,0.0,processtable,1,0,NORMAL,0,0
0,udp,private,SF,41,0,0,0,0,0,0,0,0,0,0,0,0,0,0,0,0,0,5,5,0.0,0.0,0.0,0.0,1.0,0.0,0.0,255,255,1.0,0.0,0.01,0.0,0.0,0.0,0.0,0.0,snmpguess,1,0,NORMAL,0,0
804,tcp,telnet,SF,1589,36386,0,0,3,7,0,1,49,1,0,145,1,0,0,0,0,0,1,1,0.0,0.0,0.0,0.0,1.0,0.0,0.0,18,4,0.22,0.17,0.06,0.0,0.0,0.0,0.06,0.25,rootkit,1,0,NORMAL,0,0
7302,tcp,telnet,SF,0,44,0,0,0,0,0,0,0,0,0,0,0,0,0,0,0,0,1,1,0.0,0.0,0.0,0.0,1.0,0.0,0.0,255,229,0.9,0.11,0.0,0.0,0.5,0.55,0.11,0.01,processtable,1,0,NORMAL,0,0
4,tcp,pop_3,SF,32,93,0,0,0,0,0,1,0,0,0,0,0,0,0,0,0,0,1,1,0.0,0.0,0.0,0.0,1.0,0.0,0.0,255,134,0.53,0.02,0.0,0.0,0.0,0.0,0.17,0.02,guess_passwd,1,0,NORMAL,0,0
0,tcp,ftp_data,SF,12,0,0,0,0,0,0,0,0,0,0,0,0,0,0,0,0,0,1,1,0.0,0.0,0.0,0.0,1.0,0.0,0.0,5,17,1.0,0.0,1.0,0.18,0.0,0.0,0.0,0.0,warezmaster,1,0,NORMAL,0,0
1,tcp,smtp,SF,2599,293,0,0,0,0,0,1,0,0,0,0,0,0,0,0,0,0,2,2,0.0,0.0,0.0,0.0,1.0,0.0,0.0,255,205,0.8,0.13,0.0,0.0,0.0,0.0,0.18,0.0,mailbomb,1,0,NORMAL,0,0
0,udp,private,SF,1,0,0,0,0,0,0,0,0,0,0,0,0,0,0,0,0,0,121,8,0.0,0.0,0.0,0.0,0.07,0.61,0.0,255,8,0.03,0.79,1.0,0.0,0.0,0.0,0.0,0.0,normal,0,1,ATTACK,1,0
282,tcp,ftp,SF,160,599,0,0,0,2,0,1,0,0,0,0,0,0,0,0,0,1,1,1,0.0,0.0,0.0,0.0,1.0,0.0,0.0,255,77,0.3,0.03,0.0,0.0,0.03,0.0,0.02,0.0,warezmaster,1,0,NORMAL,0,0
4,tcp,pop_3,SF,28,93,0,0,0,0,0,1,0,0,0,0,0,0,0,0,0,0,1,1,0.0,0.0,0.0,0.0,1.0,0.0,0.0,255,239,0.94,0.02,0.0,0.0,0.0,0.0,0.02,0.0,guess_passwd,1,0,NORMAL,0,0
0,tcp,telnet,RSTO,124,176,0,0,0,0,1,0,0,0,0,0,0,0,0,0,0,0,1,1,0.0,0.0,1.0,1.0,1.0,0.0,0.0,255,254,1.0,0.01,0.0,0.0,0.02,0.02,0.02,0.02,guess_passwd,1,0,NORMAL,0,0
5,tcp,pop_3,SF,32,93,0,0,0,0,0,1,0,0,0,0,0,0,0,0,0,0,1,1,0.0,0.0,0.0,0.0,1.0,0.0,0.0,21,22,1.0,0.0,0.05,0.09,0.0,0.0,0.0,0.0,guess_passwd,1,0,NORMAL,0,0
280,tcp,ftp_data,SF,283618,0,0,0,0,0,0,0,0,0,0,0,0,0,0,0,0,0,2,1,0.0,0.0,0.0,0.0,0.5,1.0,0.0,255,19,0.07,0.02,0.07,0.0,0.0,0.0,0.13,0.0,warezmaster,1,0,NORMAL,0,0
0,udp,private,SF,41,0,0,0,0,0,0,0,0,0,0,0,0,0,0,0,0,0,3,3,0.0,0.0,0.0,0.0,1.0,0.0,0.0,255,254,1.0,0.01,0.0,0.0,0.0,0.0,0.0,0.0,snmpguess,1,0,NORMAL,0,0
0,tcp,telnet,S3,0,44,0,0,0,0,0,0,0,0,0,0,0,0,0,0,0,0,1,1,1.0,1.0,0.0,0.0,1.0,0.0,0.0,255,149,0.58,0.38,0.0,0.0,0.47,0.81,0.37,0.01,processtable,1,0,NORMAL,0,0
0,tcp,ftp,SF,26,157,0,0,0,0,1,0,0,0,0,0,0,0,0,0,0,1,1,1,0.0,0.0,0.0,0.0,1.0,0.0,0.0,96,51,0.53,0.04,0.01,0.0,0.0,0.0,0.0,0.0,guess_passwd,1,0,NORMAL,0,0
2,tcp,telnet,SF,24,1192,0,0,0,0,0,0,0,0,0,0,0,0,0,0,0,0,1,3,0.0,0.0,0.0,0.33,1.0,0.0,0.67,152,96,0.36,0.03,0.01,0.02,0.05,0.08,0.86,0.57,mscan,1,0,NORMAL,0,0
4,tcp,pop_3,SF,27,93,0,0,0,0,0,1,0,0,0,0,0,0,0,0,0,0,1,1,0.0,0.0,0.0,0.0,1.0,0.0,0.0,72,69,0.94,0.03,0.01,0.03,0.0,0.0,0.0,0.0,guess_passwd,1,0,NORMAL,0,0
7281,tcp,telnet,SF,0,44,0,0,0,0,0,0,0,0,0,0,0,0,0,0,0,0,1,1,0.0,0.0,0.0,0.0,1.0,0.0,0.0,255,239,0.94,0.02,0.0,0.0,0.27,0.29,0.01,0.0,processtable,1,0,NORMAL,0,0
0,tcp,telnet,SF,121,174,0,0,0,0,1,0,0,0,0,0,0,0,0,0,0,0,1,1,0.0,0.0,0.0,0.0,1.0,0.0,0.0,255,254,1.0,0.01,0.0,0.0,0.02,0.02,0.02,0.02,guess_passwd,1,0,NORMAL,0,0
282,tcp,ftp,SF,160,599,0,0,0,2,0,1,0,0,0,0,0,0,0,0,0,1,1,1,0.0,0.0,0.0,0.0,1.0,0.0,0.0,232,13,0.06,0.69,0.0,0.0,0.0,0.0,0.69,0.08,warezmaster,1,0,NORMAL,0,0
282,tcp,ftp,SF,162,597,0,0,0,2,0,1,0,0,0,0,0,0,0,0,0,1,1,1,0.0,0.0,0.0,0.0,1.0,0.0,0.0,255,106,0.42,0.03,0.0,0.0,0.0,0.0,0.0,0.0,warezmaster,1,0,NORMAL,0,0
7236,tcp,telnet,SF,0,44,0,0,0,0,0,0,0,0,0,0,0,0,0,0,0,0,1,1,0.0,0.0,0.0,0.0,1.0,0.0,0.0,255,248,0.97,0.02,0.0,0.0,0.33,0.34,0.04,0.02,processtable,1,0,NORMAL,0,0
0,tcp,http,S0,0,0,0,0,0,0,0,0,0,0,0,0,0,0,0,0,0,0,56,56,1.0,1.0,0.0,0.0,1.0,0.0,0.0,255,255,1.0,0.0,0.0,0.0,0.29,0.29,0.7,0.7,apache2,1,0,NORMAL,0,0
0,tcp,telnet,SF,123,174,0,0,0,0,1,0,0,0,0,0,0,0,0,0,0,0,1,1,0.0,0.0,0.0,0.0,1.0,0.0,0.0,255,125,0.49,0.02,0.0,0.0,0.0,0.0,0.01,0.02,guess_passwd,1,0,NORMAL,0,0
8060,tcp,telnet,SF,0,15,0,0,0,0,0,0,0,0,0,0,0,0,0,0,0,0,1,1,0.0,0.0,0.0,0.0,1.0,0.0,0.0,255,90,0.35,0.02,0.0,0.0,0.64,0.48,0.01,0.01,processtable,1,0,NORMAL,0,0
0,tcp,other,REJ,0,0,0,0,0,0,0,0,0,0,0,0,0,0,0,0,0,0,1,1,0.0,0.0,1.0,1.0,1.0,0.0,0.0,255,28,0.11,0.02,0.0,0.0,0.0,0.0,0.09,0.75,httptunnel,1,0,NORMAL,0,0
8068,tcp,telnet,SF,0,15,0,0,0,0,0,0,0,0,0,0,0,0,0,0,0,0,1,1,0.0,0.0,0.0,0.0,1.0,0.0,0.0,255,89,0.35,0.02,0.0,0.0,0.64,0.49,0.01,0.01,processtable,1,0,NORMAL,0,0
0,udp,private,SF,105,147,0,0,0,0,0,0,0,0,0,0,0,0,0,0,0,0,1,1,0.0,0.0,0.0,0.0,1.0,0.0,0.0,121,121,1.0,0.0,0.01,0.0,0.0,0.0,0.0,0.0,snmpgetattack,1,0,NORMAL,0,0
281,tcp,ftp,SF,164,599,0,0,0,2,0,1,0,0,0,0,0,0,0,0,0,1,1,1,0.0,0.0,0.0,0.0,1.0,0.0,0.0,255,12,0.05,0.58,0.0,0.0,0.0,0.0,0.56,0.0,warezmaster,1,0,NORMAL,0,0
0,tcp,telnet,SF,123,174,0,0,0,0,1,0,0,0,0,0,0,0,0,0,0,0,1,1,0.0,0.0,0.0,0.0,1.0,0.0,0.0,255,255,1.0,0.0,0.0,0.0,0.01,0.01,0.02,0.02,guess_passwd,1,0,NORMAL,0,0
4,tcp,pop_3,SF,28,93,0,0,0,0,0,1,0,0,0,0,0,0,0,0,0,0,1,1,0.0,0.0,0.0,0.0,1.0,0.0,0.0,255,183,0.72,0.02,0.0,0.0,0.0,0.0,0.11,0.0,guess_passwd,1,0,NORMAL,0,0
0,tcp,pop_3,SF,30,217,0,0,0,0,0,1,0,0,0,0,0,0,0,0,0,0,1,1,0.0,0.0,0.0,0.0,1.0,0.0,0.0,255,3,0.01,0.02,0.0,0.0,0.0,0.0,0.0,0.0,guess_passwd,1,0,NORMAL,0,0
0,tcp,ftp_data,SF,12,0,0,0,0,0,0,0,0,0,0,0,0,0,0,0,0,0,2,2,0.0,0.0,0.0,0.0,1.0,0.0,0.0,4,4,1.0,0.0,1.0,0.0,0.0,0.0,0.0,0.0,warezmaster,1,0,NORMAL,0,0
0,tcp,sunrpc,REJ,0,0,0,0,0,0,0,0,0,0,0,0,0,0,0,0,0,0,1,2,0.0,0.0,1.0,1.0,1.0,0.0,1.0,152,51,0.18,0.03,0.01,0.04,0.01,0.0,0.89,1.0,mscan,1,0,NORMAL,0,0
2,udp,private,SF,105,146,0,0,0,0,0,0,0,0,0,0,0,0,0,0,0,0,1,1,0.0,0.0,0.0,0.0,1.0,0.0,0.0,255,254,1.0,0.01,0.01,0.0,0.0,0.0,0.0,0.0,snmpgetattack,1,0,NORMAL,0,0
4,tcp,pop_3,SF,32,93,0,0,0,0,0,1,0,0,0,0,0,0,0,0,0,0,1,1,0.0,0.0,0.0,0.0,1.0,0.0,0.0,255,186,0.73,0.02,0.0,0.0,0.0,0.0,0.1,0.0,guess_passwd,1,0,NORMAL,0,0
0,tcp,ftp,SF,26,157,0,0,0,0,1,0,0,0,0,0,0,0,0,0,0,1,1,1,0.0,0.0,0.0,0.0,1.0,0.0,0.0,189,89,0.47,0.03,0.01,0.0,0.0,0.0,0.0,0.0,guess_passwd,1,0,NORMAL,0,0
0,tcp,telnet,S3,0,44,0,0,0,0,0,0,0,0,0,0,0,0,0,0,0,0,1,1,1.0,1.0,0.0,0.0,1.0,0.0,0.0,255,120,0.47,0.02,0.0,0.0,0.53,0.38,0.01,0.01,processtable,1,0,NORMAL,0,0
0,udp,private,SF,42,0,0,0,0,0,0,0,0,0,0,0,0,0,0,0,0,0,3,3,0.0,0.0,0.0,0.0,1.0,0.0,0.0,255,255,1.0,0.0,0.02,0.0,0.0,0.0,0.0,0.0,snmpguess,1,0,NORMAL,0,0
0,tcp,telnet,SF,123,174,0,0,0,0,1,0,0,0,0,0,0,0,0,0,0,0,1,1,0.0,0.0,0.0,0.0,1.0,0.0,0.0,255,95,0.37,0.02,0.0,0.0,0.0,0.0,0.01,0.03,guess_passwd,1,0,NORMAL,0,0
0,udp,private,SF,105,145,0,0,0,0,0,0,0,0,0,0,0,0,0,0,0,0,1,1,0.0,0.0,0.0,0.0,1.0,0.0,0.0,255,254,1.0,0.01,0.0,0.0,0.0,0.0,0.0,0.0,snmpgetattack,1,0,NORMAL,0,0
0,tcp,ftp_data,SF,12,0,0,0,0,0,0,0,0,0,0,0,0,0,0,0,0,0,1,1,0.0,0.0,0.0,0.0,1.0,0.0,0.0,255,34,0.13,0.03,0.13,0.0,0.02,0.0,0.0,0.0,warezmaster,1,0,NORMAL,0,0
1,tcp,smtp,SF,2599,293,0,0,0,0,0,1,0,0,0,0,0,0,0,0,0,0,1,2,0.0,0.0,0.0,0.0,1.0,0.0,1.0,255,247,0.97,0.04,0.0,0.0,0.0,0.0,0.03,0.0,mailbomb,1,0,NORMAL,0,0
8064,tcp,telnet,SF,0,15,0,0,0,0,0,0,0,0,0,0,0,0,0,0,0,0,1,1,0.0,0.0,0.0,0.0,1.0,0.0,0.0,255,72,0.28,0.03,0.0,0.0,0.01,0.03,0.11,0.18,processtable,1,0,NORMAL,0,0
280,tcp,ftp_data,SF,283618,0,0,0,0,0,0,0,0,0,0,0,0,0,0,0,0,0,2,4,0.0,0.0,0.0,0.0,1.0,0.0,0.5,2,2,1.0,0.0,1.0,0.0,0.0,0.0,0.0,0.0,warezmaster,1,0,NORMAL,0,0
0,tcp,telnet,SF,125,174,0,0,0,0,1,0,0,0,0,0,0,0,0,0,0,0,1,1,0.0,0.0,0.0,0.0,1.0,0.0,0.0,255,254,1.0,0.01,0.0,0.0,0.02,0.02,0.02,0.02,guess_passwd,1,0,NORMAL,0,0
0,udp,private,SF,48,0,0,0,0,0,0,0,0,0,0,0,0,0,0,0,0,0,3,3,0.0,0.0,0.0,0.0,1.0,0.0,0.0,255,253,0.99,0.01,0.0,0.0,0.0,0.0,0.0,0.0,snmpguess,1,0,NORMAL,0,0
4,tcp,pop_3,SF,26,93,0,0,0,0,0,1,0,0,0,0,0,0,0,0,0,0,1,1,0.0,0.0,0.0,0.0,1.0,0.0,0.0,255,239,0.94,0.01,0.0,0.0,0.0,0.0,0.04,0.0,guess_passwd,1,0,NORMAL,0,0
7406,tcp,telnet,SF,0,44,0,0,0,0,0,0,0,0,0,0,0,0,0,0,0,0,1,1,0.0,0.0,0.0,0.0,1.0,0.0,0.0,255,205,0.8,0.19,0.0,0.0,0.5,0.62,0.19,0.01,processtable,1,0,NORMAL,0,0
4,tcp,pop_3,SF,31,93,0,0,0,0,0,1,0,0,0,0,0,0,0,0,0,0,1,1,0.0,0.0,0.0,0.0,1.0,0.0,0.0,255,244,0.96,0.02,0.0,0.0,0.0,0.0,0.02,0.0,guess_passwd,1,0,NORMAL,0,0
0,udp,private,SF,47,0,0,0,0,0,0,0,0,0,0,0,0,0,0,0,0,0,3,3,0.0,0.0,0.0,0.0,1.0,0.0,0.0,255,254,1.0,0.01,0.02,0.0,0.0,0.0,0.0,0.0,snmpguess,1,0,NORMAL,0,0
0,tcp,other,REJ,0,0,0,0,0,0,0,0,0,0,0,0,0,0,0,0,0,0,1,1,0.0,0.0,1.0,1.0,1.0,0.0,0.0,116,15,0.13,0.06,0.01,0.0,0.0,0.0,0.08,0.6,httptunnel,1,0,NORMAL,0,0
282,tcp,ftp,SF,158,595,0,0,0,2,0,1,0,0,0,0,0,0,0,0,0,1,1,1,0.0,0.0,0.0,0.0,1.0,0.0,0.0,255,36,0.14,0.02,0.0,0.0,0.0,0.0,0.44,0.0,warezmaster,1,0,NORMAL,0,0
0,tcp,pop_3,RSTO,0,36,0,0,0,0,0,1,0,0,0,0,0,0,0,0,0,0,2,4,0.0,0.0,0.5,0.75,0.5,1.0,1.0,92,49,0.25,0.05,0.01,0.04,0.0,0.0,0.88,1.0,mscan,1,0,NORMAL,0,0
0,tcp,telnet,S3,0,44,0,0,0,0,0,0,0,0,0,0,0,0,0,0,0,0,1,1,1.0,1.0,0.0,0.0,1.0,0.0,0.0,255,54,0.21,0.7,0.0,0.0,0.11,0.54,0.68,0.0,processtable,1,0,NORMAL,0,0
0,tcp,telnet,RSTO,0,15,0,0,0,0,0,0,0,0,0,0,0,0,0,0,0,0,1,3,0.0,0.0,1.0,0.67,1.0,0.0,0.67,255,58,0.23,0.02,0.0,0.0,0.0,0.0,0.62,0.74,mscan,1,0,NORMAL,0,0
2,tcp,telnet,RSTO,0,15,0,0,0,0,0,0,0,0,0,0,0,0,0,0,0,0,4,11,0.0,0.09,0.75,0.45,0.5,0.75,0.55,255,22,0.09,0.03,0.0,0.0,0.01,0.0,0.23,0.77,mscan,1,0,NORMAL,0,0
0,tcp,ftp,SF,25,157,0,0,0,0,1,0,0,0,0,0,0,0,0,0,0,1,1,1,0.0,0.0,0.0,0.0,1.0,0.0,0.0,29,9,0.31,0.14,0.03,0.0,0.0,0.0,0.0,0.0,guess_passwd,1,0,NORMAL,0,0
281,tcp,ftp,SF,164,599,0,0,0,2,0,1,0,0,0,0,0,0,0,0,0,1,1,1,0.0,0.0,0.0,0.0,1.0,0.0,0.0,97,40,0.41,0.06,0.01,0.0,0.0,0.0,0.0,0.0,warezmaster,1,0,NORMAL,0,0
282,tcp,ftp,SF,157,595,0,0,0,2,0,1,0,0,0,0,0,0,0,0,0,1,1,1,0.0,0.0,0.0,0.0,1.0,0.0,0.0,255,41,0.16,0.02,0.0,0.0,0.0,0.0,0.5,0.0,warezmaster,1,0,NORMAL,0,0
0,tcp,http,S0,0,0,0,0,0,0,0,0,0,0,0,0,0,0,0,0,0,0,38,38,0.61,0.61,0.37,0.37,1.0,0.0,0.0,255,255,1.0,0.0,0.0,0.0,0.12,0.12,0.7,0.7,apache2,1,0,NORMAL,0,0
0,tcp,telnet,RSTO,0,15,0,0,0,0,0,0,0,0,0,0,0,0,0,0,0,0,1,10,0.0,0.2,1.0,0.8,1.0,0.0,1.0,255,199,0.78,0.02,0.0,0.0,0.17,0.22,0.22,0.1,mscan,1,0,NORMAL,0,0
8056,tcp,telnet,SF,0,15,0,0,0,0,0,0,0,0,0,0,0,0,0,0,0,0,1,1,0.0,0.0,0.0,0.0,1.0,0.0,0.0,255,91,0.36,0.02,0.0,0.0,0.64,0.47,0.01,0.01,processtable,1,0,NORMAL,0,0
4,tcp,pop_3,SF,28,93,0,0,0,0,0,1,0,0,0,0,0,0,0,0,0,0,1,1,0.0,0.0,0.0,0.0,1.0,0.0,0.0,255,248,0.97,0.01,0.0,0.0,0.0,0.0,0.0,0.0,guess_passwd,1,0,NORMAL,0,0
5,tcp,pop_3,SF,30,93,0,0,0,0,0,1,0,0,0,0,0,0,0,0,0,0,2,1,0.0,0.0,0.0,0.0,0.5,1.0,0.0,255,217,0.85,0.04,0.0,0.0,0.0,0.0,0.0,0.0,guess_passwd,1,0,NORMAL,0,0
282,tcp,ftp,SF,154,591,0,0,0,2,0,1,0,0,0,0,0,0,0,0,0,1,1,1,0.0,0.0,0.0,0.0,1.0,0.0,0.0,19,16,0.84,0.11,0.05,0.0,0.0,0.0,0.0,0.0,warezmaster,1,0,NORMAL,0,0
0,tcp,telnet,SF,120,174,0,0,0,0,1,0,0,0,0,0,0,0,0,0,0,0,1,1,0.0,0.0,0.0,0.0,1.0,0.0,0.0,255,255,1.0,0.0,0.0,0.0,0.0,0.0,0.02,0.02,guess_passwd,1,0,NORMAL,0,0
0,tcp,http,S0,0,0,0,0,0,0,0,0,0,0,0,0,0,0,0,0,0,0,11,11,1.0,1.0,0.0,0.0,1.0,0.0,0.0,255,245,0.96,0.01,0.0,0.0,0.15,0.16,0.56,0.59,apache2,1,0,NORMAL,0,0
1,tcp,telnet,RSTO,123,178,0,0,0,0,1,0,0,0,0,0,0,0,0,0,0,0,1,1,0.0,0.0,1.0,1.0,1.0,0.0,0.0,255,9,0.04,0.01,0.0,0.0,0.0,0.0,0.02,0.67,guess_passwd,1,0,NORMAL,0,0
0,tcp,telnet,REJ,0,0,0,0,0,0,0,0,0,0,0,0,0,0,0,0,0,0,4,5,0.0,0.0,0.75,0.2,0.5,0.75,0.8,255,127,0.5,0.01,0.0,0.0,0.0,0.0,0.67,0.33,mscan,1,0,NORMAL,0,0
0,udp,private,SF,28,0,0,3,0,0,0,0,0,0,0,0,0,0,0,0,0,0,20,20,0.0,0.0,0.0,0.0,1.0,0.0,0.0,255,20,0.08,0.02,0.08,0.0,0.0,0.0,0.0,0.0,normal,0,1,ATTACK,1,0
0,udp,private,SF,53,0,0,0,0,0,0,0,0,0,0,0,0,0,0,0,0,0,3,3,0.0,0.0,0.0,0.0,1.0,0.0,0.0,255,254,1.0,0.01,0.01,0.0,0.0,0.0,0.0,0.0,snmpguess,1,0,NORMAL,0,0
0,udp,private,SF,43,0,0,0,0,0,0,0,0,0,0,0,0,0,0,0,0,0,2,2,0.0,0.0,0.0,0.0,1.0,0.0,0.0,255,254,1.0,0.01,0.0,0.0,0.0,0.0,0.0,0.0,snmpguess,1,0,NORMAL,0,0
4,tcp,pop_3,SF,32,93,0,0,0,0,0,1,0,0,0,0,0,0,0,0,0,0,1,1,0.0,0.0,0.0,0.0,1.0,0.0,0.0,150,132,0.87,0.02,0.01,0.02,0.0,0.0,0.07,0.0,guess_passwd,1,0,NORMAL,0,0
4,tcp,pop_3,SF,28,93,0,0,0,0,0,1,0,0,0,0,0,0,0,0,0,0,1,1,0.0,0.0,0.0,0.0,1.0,0.0,0.0,255,244,0.96,0.01,0.0,0.0,0.0,0.0,0.02,0.0,guess_passwd,1,0,NORMAL,0,0
0,tcp,ftp,SF,25,157,0,0,0,0,1,0,0,0,0,0,0,0,0,0,0,1,1,1,0.0,0.0,0.0,0.0,1.0,0.0,0.0,33,12,0.36,0.12,0.03,0.0,0.0,0.0,0.0,0.0,guess_passwd,1,0,NORMAL,0,0
7569,tcp,telnet,SF,0,44,0,0,0,0,0,0,0,0,0,0,0,0,0,0,0,0,1,1,0.0,0.0,0.0,0.0,1.0,0.0,0.0,255,184,0.72,0.03,0.0,0.0,0.33,0.46,0.12,0.08,processtable,1,0,NORMAL,0,0
282,tcp,ftp,SF,158,597,0,0,0,2,0,1,0,0,0,0,0,0,0,0,0,1,2,1,0.0,0.0,0.0,0.0,0.5,1.0,0.0,255,13,0.05,0.03,0.0,0.0,0.33,0.0,0.12,0.0,warezmaster,1,0,NORMAL,0,0
1,tcp,smtp,SF,2599,293,0,0,0,0,0,1,0,0,0,0,0,0,0,0,0,0,3,3,0.0,0.0,0.0,0.0,1.0,0.0,0.0,255,71,0.28,0.14,0.0,0.0,0.0,0.0,0.71,0.0,mailbomb,1,0,NORMAL,0,0
0,tcp,http,S0,0,0,0,0,0,0,0,0,0,0,0,0,0,0,0,0,0,0,51,51,0.02,0.02,0.98,0.98,1.0,0.0,0.0,255,253,0.99,0.01,0.0,0.0,0.0,0.0,0.27,0.27,apache2,1,0,NORMAL,0,0
1,tcp,smtp,SF,2599,293,0,0,0,0,0,1,0,0,0,0,0,0,0,0,0,0,3,3,0.0,0.0,0.0,0.0,1.0,0.0,0.0,255,108,0.42,0.14,0.0,0.0,0.0,0.0,0.56,0.0,mailbomb,1,0,NORMAL,0,0
0,tcp,ftp,S1,151,552,0,0,0,2,0,1,0,0,0,0,0,0,0,0,0,1,1,1,1.0,1.0,0.0,0.0,1.0,0.0,0.0,255,57,0.22,0.02,0.0,0.0,0.0,0.02,0.6,0.0,warezmaster,1,0,NORMAL,0,0
1,tcp,smtp,SF,2599,293,0,0,0,0,0,1,0,0,0,0,0,0,0,0,0,0,2,2,0.0,0.0,0.0,0.0,1.0,0.0,0.0,255,194,0.76,0.13,0.0,0.0,0.0,0.0,0.23,0.0,mailbomb,1,0,NORMAL,0,0
0,tcp,telnet,RSTO,126,188,0,0,0,0,1,0,0,0,0,0,0,0,0,0,0,0,1,1,0.0,0.0,1.0,1.0,1.0,0.0,0.0,255,254,1.0,0.01,0.0,0.0,0.01,0.01,0.02,0.02,guess_passwd,1,0,NORMAL,0,0
0,udp,private,SF,45,0,0,0,0,0,0,0,0,0,0,0,0,0,0,0,0,0,6,6,0.0,0.0,0.0,0.0,1.0,0.0,0.0,255,255,1.0,0.0,0.01,0.0,0.0,0.0,0.0,0.0,snmpguess,1,0,NORMAL,0,0
5,tcp,pop_3,SF,30,93,0,0,0,0,0,1,0,0,0,0,0,0,0,0,0,0,1,1,0.0,0.0,0.0,0.0,1.0,0.0,0.0,255,217,0.85,0.04,0.0,0.0,0.0,0.0,0.0,0.0,guess_passwd,1,0,NORMAL,0,0
0,udp,private,SF,105,145,0,0,0,0,0,0,0,0,0,0,0,0,0,0,0,0,1,1,0.0,0.0,0.0,0.0,1.0,0.0,0.0,255,253,0.99,0.01,0.01,0.0,0.0,0.0,0.0,0.0,snmpgetattack,1,0,NORMAL,0,0
0,tcp,telnet,SF,124,174,0,0,0,0,1,0,0,0,0,0,0,0,0,0,0,0,1,1,0.0,0.0,0.0,0.0,1.0,0.0,0.0,255,249,0.98,0.01,0.0,0.0,0.0,0.0,0.02,0.02,guess_passwd,1,0,NORMAL,0,0
4,tcp,pop_3,SF,26,93,0,0,0,0,0,1,0,0,0,0,0,0,0,0,0,0,1,1,0.0,0.0,0.0,0.0,1.0,0.0,0.0,173,155,0.89,0.02,0.01,0.01,0.0,0.0,0.06,0.0,guess_passwd,1,0,NORMAL,0,0
31,tcp,telnet,SF,198,1608,0,0,0,1,0,1,1,0,0,1,2,1,0,0,0,0,1,1,0.0,0.0,0.0,0.0,1.0,0.0,0.0,29,3,0.1,0.1,0.03,0.0,0.0,0.0,0.0,0.0,ps,1,0,NORMAL,0,0
281,tcp,ftp,SF,162,599,0,0,0,2,0,1,0,0,0,0,0,0,0,0,0,1,1,1,0.0,0.0,0.0,0.0,1.0,0.0,0.0,255,31,0.12,0.02,0.0,0.0,0.0,0.0,0.39,0.0,warezmaster,1,0,NORMAL,0,0
8097,tcp,telnet,S3,1,15,0,0,0,0,0,0,0,0,0,0,0,0,0,0,0,0,1,1,1.0,1.0,0.0,0.0,1.0,0.0,0.0,255,37,0.15,0.75,0.0,0.0,0.05,0.32,0.74,0.0,processtable,1,0,NORMAL,0,0
0,tcp,ftp_data,SF,12,0,0,0,0,0,0,0,0,0,0,0,0,0,0,0,0,0,1,1,0.0,0.0,0.0,0.0,1.0,0.0,0.0,9,15,1.0,0.0,1.0,0.13,0.0,0.0,0.0,0.0,warezmaster,1,0,NORMAL,0,0
0,udp,private,SF,1,0,0,0,0,0,0,0,0,0,0,0,0,0,0,0,0,0,80,20,0.0,0.0,0.0,0.0,0.25,0.76,0.0,255,20,0.08,0.7,0.91,0.0,0.0,0.0,0.09,0.0,normal,0,1,ATTACK,1,0
7490,tcp,telnet,SF,0,44,0,0,0,0,0,0,0,0,0,0,0,0,0,0,0,0,1,1,0.0,0.0,0.0,0.0,1.0,0.0,0.0,255,193,0.76,0.02,0.0,0.0,0.36,0.36,0.01,0.01,processtable,1,0,NORMAL,0,0
1,tcp,smtp,SF,2599,293,0,0,0,0,0,1,0,0,0,0,0,0,0,0,0,0,3,3,0.0,0.0,0.0,0.0,1.0,0.0,0.0,255,155,0.61,0.13,0.0,0.0,0.0,0.0,0.38,0.0,mailbomb,1,0,NORMAL,0,0
4,tcp,imap4,RSTO,0,44,0,0,0,0,0,0,0,0,0,0,0,0,0,0,0,0,1,5,0.0,0.0,1.0,1.0,1.0,0.0,1.0,87,60,0.26,0.06,0.01,0.03,0.0,0.0,0.9,0.98,mscan,1,0,NORMAL,0,0
4,tcp,pop_3,SF,28,93,0,0,0,0,0,1,0,0,0,0,0,0,0,0,0,0,1,1,0.0,0.0,0.0,0.0,1.0,0.0,0.0,255,241,0.95,0.04,0.0,0.0,0.0,0.0,0.0,0.0,guess_passwd,1,0,NORMAL,0,0
0,udp,private,SF,1,0,0,0,0,0,0,0,0,0,0,0,0,0,0,0,0,0,54,10,0.0,0.0,0.0,0.0,0.19,0.65,0.0,255,10,0.04,0.53,0.87,0.0,0.0,0.0,0.13,0.0,normal,0,1,ATTACK,1,0
1,tcp,smtp,SF,2599,293,0,0,0,0,0,1,0,0,0,0,0,0,0,0,0,0,2,2,0.0,0.0,0.0,0.0,1.0,0.0,0.0,255,229,0.9,0.1,0.0,0.0,0.0,0.0,0.09,0.0,mailbomb,1,0,NORMAL,0,0
0,tcp,telnet,S3,0,44,0,0,0,0,0,0,0,0,0,0,0,0,0,0,0,0,1,1,1.0,1.0,0.0,0.0,1.0,0.0,0.0,255,143,0.56,0.03,0.0,0.0,0.26,0.47,0.11,0.09,processtable,1,0,NORMAL,0,0
8168,tcp,telnet,SF,0,15,0,0,0,0,0,0,0,0,0,0,0,0,0,0,0,0,1,4,0.0,0.25,0.0,0.25,1.0,0.0,0.75,255,49,0.19,0.04,0.0,0.0,0.0,0.02,0.09,0.24,processtable,1,0,NORMAL,0,0
0,tcp,telnet,S3,0,44,0,0,0,0,0,0,0,0,0,0,0,0,0,0,0,0,1,1,1.0,1.0,0.0,0.0,1.0,0.0,0.0,255,126,0.49,0.03,0.0,0.0,0.2,0.4,0.11,0.1,processtable,1,0,NORMAL,0,0
1,tcp,smtp,SF,2599,261,0,0,0,0,0,1,0,0,0,0,0,0,0,0,0,0,2,2,0.0,0.0,0.0,0.0,1.0,0.0,0.0,255,247,0.97,0.04,0.0,0.0,0.0,0.0,0.03,0.0,mailbomb,1,0,NORMAL,0,0
0,udp,private,SF,47,0,0,0,0,0,0,0,0,0,0,0,0,0,0,0,0,0,2,2,0.0,0.0,0.0,0.0,1.0,0.0,0.0,255,253,0.99,0.01,0.01,0.0,0.0,0.0,0.0,0.0,snmpguess,1,0,NORMAL,0,0
0,udp,private,SF,105,147,0,0,0,0,0,0,0,0,0,0,0,0,0,0,0,0,1,1,0.0,0.0,0.0,0.0,1.0,0.0,0.0,255,254,1.0,0.01,0.01,0.0,0.0,0.0,0.0,0.0,snmpgetattack,1,0,NORMAL,0,0
0,tcp,telnet,SF,122,174,0,0,0,0,1,0,0,0,0,0,0,0,0,0,0,0,2,2,0.0,0.0,0.5,0.5,1.0,0.0,0.0,255,38,0.15,0.02,0.0,0.0,0.0,0.0,0.01,0.05,guess_passwd,1,0,NORMAL,0,0
8072,tcp,telnet,S3,1,15,0,0,0,0,0,0,0,0,0,0,0,0,0,0,0,0,1,1,1.0,1.0,0.0,0.0,1.0,0.0,0.0,255,41,0.16,0.75,0.0,0.0,0.06,0.39,0.73,0.0,processtable,1,0,NORMAL,0,0
4,tcp,pop_3,SF,31,93,0,0,0,0,0,1,0,0,0,0,0,0,0,0,0,0,1,1,0.0,0.0,0.0,0.0,1.0,0.0,0.0,188,169,0.9,0.02,0.01,0.0,0.0,0.0,0.05,0.0,guess_passwd,1,0,NORMAL,0,0
7302,tcp,telnet,SF,0,44,0,0,0,0,0,0,0,0,0,0,0,0,0,0,0,0,1,1,0.0,0.0,0.0,0.0,1.0,0.0,0.0,255,235,0.92,0.02,0.0,0.0,0.27,0.29,0.01,0.0,processtable,1,0,NORMAL,0,0
0,tcp,ftp_data,SF,12,0,0,0,0,0,0,0,0,0,0,0,0,0,0,0,0,0,2,2,0.0,0.0,0.0,0.0,1.0,0.0,0.0,2,38,1.0,0.0,1.0,0.13,0.0,0.0,0.0,0.0,warezmaster,1,0,NORMAL,0,0
4,tcp,pop_3,SF,28,93,0,0,0,0,0,1,0,0,0,0,0,0,0,0,0,0,1,1,0.0,0.0,0.0,0.0,1.0,0.0,0.0,255,169,0.66,0.02,0.0,0.0,0.0,0.0,0.12,0.0,guess_passwd,1,0,NORMAL,0,0
1,tcp,smtp,SF,2599,293,0,0,0,0,0,1,0,0,0,0,0,0,0,0,0,0,2,2,0.0,0.0,0.0,0.0,1.0,0.0,0.0,255,244,0.96,0.05,0.0,0.0,0.0,0.0,0.04,0.0,mailbomb,1,0,NORMAL,0,0
0,udp,other,SF,1,0,0,0,0,0,0,0,0,0,0,0,0,0,0,0,0,0,150,6,0.0,0.0,0.0,0.0,0.04,0.49,0.0,255,6,0.02,0.68,1.0,0.0,0.0,0.0,0.0,0.0,normal,0,1,ATTACK,1,0
0,tcp,ftp_data,SF,12,0,0,0,0,0,0,0,0,0,0,0,0,0,0,0,0,0,1,1,0.0,0.0,0.0,0.0,1.0,0.0,0.0,3,15,1.0,0.0,1.0,0.2,0.0,0.0,0.0,0.0,warezmaster,1,0,NORMAL,0,0
0,udp,private,SF,46,0,0,0,0,0,0,0,0,0,0,0,0,0,0,0,0,0,1,1,0.0,0.0,0.0,0.0,1.0,0.0,0.0,255,255,1.0,0.0,0.01,0.0,0.0,0.0,0.0,0.0,snmpguess,1,0,NORMAL,0,0
0,tcp,telnet,RSTO,0,15,0,0,0,0,0,0,0,0,0,0,0,0,0,0,0,0,1,20,0.0,0.1,1.0,0.8,1.0,0.0,0.95,13,128,0.54,0.23,0.08,0.02,0.0,0.0,1.0,0.36,mscan,1,0,NORMAL,0,0
8032,tcp,telnet,SF,0,44,0,0,0,0,0,0,0,0,0,0,0,0,0,0,0,0,1,1,0.0,0.0,0.0,0.0,1.0,0.0,0.0,255,80,0.31,0.03,0.0,0.0,0.01,0.03,0.11,0.16,processtable,1,0,NORMAL,0,0
0,tcp,http,S0,0,0,0,0,0,0,0,0,0,0,0,0,0,0,0,0,0,0,12,12,0.08,0.08,0.92,0.92,1.0,0.0,0.0,255,244,0.96,0.01,0.0,0.0,0.02,0.02,0.56,0.58,apache2,1,0,NORMAL,0,0
0,tcp,ftp_data,SF,2209,0,0,0,0,0,0,0,0,0,0,0,0,0,0,0,0,0,1,1,0.0,0.0,0.0,0.0,1.0,0.0,0.0,4,2,0.5,0.5,0.5,0.0,0.0,0.0,0.0,0.0,xterm,1,0,NORMAL,0,0
3,tcp,telnet,SF,0,48,0,0,0,0,0,0,0,0,0,0,0,0,0,0,0,0,4,13,0.0,0.08,0.5,0.38,0.5,0.75,0.54,184,92,0.5,0.02,0.01,0.0,0.0,0.0,0.64,0.27,mscan,1,0,NORMAL,0,0
4,tcp,pop_3,SF,32,93,0,0,0,0,0,1,0,0,0,0,0,0,0,0,0,0,2,1,0.0,0.0,0.0,0.0,0.5,1.0,0.0,255,157,0.62,0.02,0.0,0.0,0.0,0.0,0.13,0.0,guess_passwd,1,0,NORMAL,0,0
0,tcp,telnet,SF,123,174,0,0,0,0,1,0,0,0,0,0,0,0,0,0,0,0,1,1,0.0,0.0,0.0,0.0,1.0,0.0,0.0,255,254,1.0,0.01,0.0,0.0,0.02,0.02,0.02,0.02,guess_passwd,1,0,NORMAL,0,0
0,udp,private,SF,43,0,0,0,0,0,0,0,0,0,0,0,0,0,0,0,0,0,3,3,0.0,0.0,0.0,0.0,1.0,0.0,0.0,255,255,1.0,0.0,0.0,0.0,0.0,0.0,0.0,0.0,snmpguess,1,0,NORMAL,0,0
1,tcp,smtp,SF,2599,293,0,0,0,0,0,1,0,0,0,0,0,0,0,0,0,0,2,2,0.0,0.0,0.0,0.0,1.0,0.0,0.0,255,197,0.77,0.13,0.0,0.0,0.0,0.0,0.22,0.0,mailbomb,1,0,NORMAL,0,0
0,tcp,ftp_data,SF,12,0,0,0,0,0,0,0,0,0,0,0,0,0,0,0,0,0,1,1,0.0,0.0,0.0,0.0,1.0,0.0,0.0,5,13,1.0,0.0,1.0,0.15,0.0,0.08,0.0,0.0,warezmaster,1,0,NORMAL,0,0
7626,tcp,telnet,SF,0,44,0,0,0,0,0,0,0,0,0,0,0,0,0,0,0,0,1,1,0.0,0.0,0.0,0.0,1.0,0.0,0.0,255,171,0.67,0.02,0.0,0.0,0.48,0.46,0.01,0.01,processtable,1,0,NORMAL,0,0
283,tcp,ftp,SF,160,597,0,0,0,2,0,1,0,0,0,0,0,0,0,0,0,1,1,1,0.0,0.0,0.0,0.0,1.0,0.0,0.0,255,94,0.37,0.03,0.0,0.0,0.02,0.0,0.01,0.0,warezmaster,1,0,NORMAL,0,0
0,udp,private,SF,1,0,0,0,0,0,0,0,0,0,0,0,0,0,0,0,0,0,14,4,0.0,0.0,0.0,0.0,0.29,0.21,0.0,255,4,0.02,0.15,1.0,0.0,0.0,0.0,0.0,0.0,normal,0,1,ATTACK,1,0
0,tcp,ftp_data,SF,12,0,0,0,0,0,0,0,0,0,0,0,0,0,0,0,0,0,1,1,0.0,0.0,0.0,0.0,1.0,0.0,0.0,2,1,0.5,1.0,0.5,0.0,0.0,0.0,0.0,0.0,warezmaster,1,0,NORMAL,0,0
282,tcp,ftp,SF,164,601,0,0,0,2,0,1,0,0,0,0,0,0,0,0,0,1,1,1,0.0,0.0,0.0,0.0,1.0,0.0,0.0,255,45,0.18,0.03,0.0,0.0,0.21,0.0,0.02,0.0,warezmaster,1,0,NORMAL,0,0
6,tcp,pop_3,SF,30,93,0,0,0,0,0,1,0,0,0,0,0,0,0,0,0,0,1,1,0.0,0.0,0.0,0.0,1.0,0.0,0.0,255,253,0.99,0.01,0.0,0.0,0.0,0.0,0.0,0.0,guess_passwd,1,0,NORMAL,0,0
0,udp,private,SF,42,0,0,0,0,0,0,0,0,0,0,0,0,0,0,0,0,0,5,5,0.0,0.0,0.0,0.0,1.0,0.0,0.0,255,254,1.0,0.01,0.01,0.0,0.0,0.0,0.0,0.0,snmpguess,1,0,NORMAL,0,0
1,tcp,smtp,SF,2599,293,0,0,0,0,0,1,0,0,0,0,0,0,0,0,0,0,3,3,0.0,0.0,0.0,0.0,1.0,0.0,0.0,255,84,0.33,0.14,0.0,0.0,0.0,0.0,0.65,0.0,mailbomb,1,0,NORMAL,0,0
0,tcp,telnet,S3,0,44,0,0,0,0,0,0,0,0,0,0,0,0,0,0,0,0,1,1,1.0,1.0,0.0,0.0,1.0,0.0,0.0,255,77,0.3,0.62,0.0,0.0,0.2,0.68,0.6,0.0,processtable,1,0,NORMAL,0,0
282,tcp,ftp,SF,159,597,0,0,0,2,0,1,0,0,0,0,0,0,0,0,0,1,1,1,0.0,0.0,0.0,0.0,1.0,0.0,0.0,255,44,0.17,0.03,0.0,0.0,0.24,0.0,0.02,0.0,warezmaster,1,0,NORMAL,0,0
0,tcp,telnet,SF,126,174,0,0,0,0,1,0,0,0,0,0,0,0,0,0,0,0,1,1,0.0,0.0,0.0,0.0,1.0,0.0,0.0,255,162,0.64,0.02,0.0,0.0,0.0,0.0,0.02,0.02,guess_passwd,1,0,NORMAL,0,0
0,tcp,telnet,S3,0,44,0,0,0,0,0,0,0,0,0,0,0,0,0,0,0,0,1,1,1.0,1.0,0.0,0.0,1.0,0.0,0.0,255,153,0.6,0.03,0.0,0.0,0.31,0.52,0.11,0.08,processtable,1,0,NORMAL,0,0
1,tcp,smtp,SF,2599,293,0,0,0,0,0,1,0,0,0,0,0,0,0,0,0,0,3,3,0.0,0.0,0.0,0.0,1.0,0.0,0.0,255,187,0.73,0.13,0.0,0.0,0.0,0.0,0.25,0.0,mailbomb,1,0,NORMAL,0,0
0,tcp,ftp_data,SF,0,7,0,0,0,0,0,0,0,0,0,0,0,0,0,0,0,0,1,1,0.0,0.0,0.0,0.0,1.0,0.0,0.0,100,5,0.05,0.05,0.05,0.0,0.0,0.0,0.0,0.0,ftp_write,1,0,NORMAL,0,0
0,tcp,telnet,SF,126,174,0,0,0,0,1,0,0,0,0,0,0,0,0,0,0,0,1,1,0.0,0.0,0.0,0.0,1.0,0.0,0.0,255,200,0.78,0.02,0.0,0.0,0.0,0.0,0.02,0.03,guess_passwd,1,0,NORMAL,0,0
4,tcp,pop_3,SF,25,93,0,0,0,0,0,1,0,0,0,0,0,0,0,0,0,0,1,1,0.0,0.0,0.0,0.0,1.0,0.0,0.0,185,166,0.9,0.02,0.01,0.0,0.0,0.0,0.05,0.0,guess_passwd,1,0,NORMAL,0,0
198,tcp,telnet,SF,2442,10661,0,0,0,2,0,1,6,1,0,4,0,0,0,0,0,0,1,1,0.0,0.0,0.0,0.0,1.0,0.0,0.0,255,1,0.0,0.37,0.0,0.0,0.0,0.0,0.0,0.0,buffer_overflow,1,0,NORMAL,0,0
0,tcp,telnet,SF,121,174,0,0,0,0,1,0,0,0,0,0,0,0,0,0,0,0,1,1,0.0,0.0,0.0,0.0,1.0,0.0,0.0,255,15,0.06,0.02,0.0,0.0,0.0,0.0,0.0,0.07,guess_passwd,1,0,NORMAL,0,0
280,tcp,ftp_data,SF,283618,0,0,0,0,0,0,0,0,0,0,0,0,0,0,0,0,0,2,2,0.0,0.0,0.0,0.0,1.0,0.0,0.0,31,8,0.26,0.06,0.26,0.0,0.0,0.0,0.0,0.0,warezmaster,1,0,NORMAL,0,0
0,tcp,telnet,SF,120,174,0,0,0,0,1,0,0,0,0,0,0,0,0,0,0,0,1,1,0.0,0.0,0.0,0.0,1.0,0.0,0.0,255,240,0.94,0.01,0.0,0.0,0.0,0.0,0.02,0.03,guess_passwd,1,0,NORMAL,0,0
4,tcp,pop_3,SF,30,93,0,0,0,0,0,1,0,0,0,0,0,0,0,0,0,0,1,1,0.0,0.0,0.0,0.0,1.0,0.0,0.0,255,249,0.98,0.01,0.0,0.0,0.0,0.0,0.0,0.0,guess_passwd,1,0,NORMAL,0,0
7458,tcp,telnet,SF,0,44,0,0,0,0,0,0,0,0,0,0,0,0,0,0,0,0,1,1,0.0,0.0,0.0,0.0,1.0,0.0,0.0,255,200,0.78,0.02,0.0,0.0,0.33,0.34,0.01,0.01,processtable,1,0,NORMAL,0,0
1776,tcp,telnet,SF,3061,54942,0,0,0,15,1,1,14,1,0,26,5,0,4,0,0,0,1,1,0.0,0.0,0.0,0.0,1.0,0.0,0.0,9,2,0.11,0.44,0.11,1.0,0.0,0.0,0.0,0.0,multihop,1,0,NORMAL,0,0
0,tcp,telnet,REJ,0,0,0,0,0,0,0,0,0,0,0,0,0,0,0,0,0,0,1,7,0.0,0.0,1.0,0.86,1.0,0.0,0.86,154,85,0.33,0.03,0.01,0.02,0.0,0.0,0.89,0.68,mscan,1,0,NORMAL,0,0
0,tcp,http,S0,0,0,0,0,0,0,0,0,0,0,0,0,0,0,0,0,0,0,34,34,0.56,0.56,0.41,0.41,1.0,0.0,0.0,255,255,1.0,0.0,0.0,0.0,0.11,0.11,0.7,0.7,apache2,1,0,NORMAL,0,0
0,udp,private,SF,50,0,0,0,0,0,0,0,0,0,0,0,0,0,0,0,0,0,3,3,0.0,0.0,0.0,0.0,1.0,0.0,0.0,255,255,1.0,0.0,0.0,0.0,0.0,0.0,0.0,0.0,snmpguess,1,0,NORMAL,0,0
7388,tcp,telnet,SF,0,44,0,0,0,0,0,0,0,0,0,0,0,0,0,0,0,0,1,1,0.0,0.0,0.0,0.0,1.0,0.0,0.0,255,226,0.89,0.02,0.0,0.0,0.33,0.38,0.12,0.06,processtable,1,0,NORMAL,0,0
0,tcp,telnet,S3,0,44,0,0,0,0,0,0,0,0,0,0,0,0,0,0,0,0,1,1,1.0,1.0,0.0,0.0,1.0,0.0,0.0,255,71,0.28,0.64,0.0,0.0,0.18,0.65,0.63,0.0,processtable,1,0,NORMAL,0,0
0,tcp,ftp_data,SF,12,0,0,0,0,0,0,0,0,0,0,0,0,0,0,0,0,0,1,1,0.0,0.0,0.0,0.0,1.0,0.0,0.0,255,107,0.42,0.02,0.42,0.0,0.0,0.0,0.0,0.0,warezmaster,1,0,NORMAL,0,0
5,tcp,pop_3,SF,32,93,0,0,0,0,0,1,0,0,0,0,0,0,0,0,0,0,1,1,0.0,0.0,0.0,0.0,1.0,0.0,0.0,54,52,0.94,0.04,0.02,0.04,0.0,0.0,0.0,0.0,guess_passwd,1,0,NORMAL,0,0
4,tcp,pop_3,SF,28,93,0,0,0,0,0,1,0,0,0,0,0,0,0,0,0,0,1,1,0.0,0.0,0.0,0.0,1.0,0.0,0.0,171,153,0.89,0.02,0.01,0.01,0.0,0.0,0.06,0.0,guess_passwd,1,0,NORMAL,0,0
284,tcp,ftp,SF,160,597,0,0,0,2,0,1,0,0,0,0,0,0,0,0,0,1,1,1,0.0,0.0,0.0,0.0,1.0,0.0,0.0,255,17,0.07,0.94,0.0,0.0,0.0,0.0,0.93,0.0,warezmaster,1,0,NORMAL,0,0
5,tcp,pop_3,SF,32,93,0,0,0,0,0,1,0,0,0,0,0,0,0,0,0,0,2,1,0.0,0.0,0.0,0.0,0.5,1.0,0.0,255,164,0.64,0.02,0.0,0.0,0.0,0.0,0.13,0.0,guess_passwd,1,0,NORMAL,0,0
5,tcp,pop_3,SF,28,93,0,0,0,0,0,1,0,0,0,0,0,0,0,0,0,0,1,1,0.0,0.0,0.0,0.0,1.0,0.0,0.0,255,246,0.96,0.02,0.0,0.0,0.0,0.0,0.02,0.0,guess_passwd,1,0,NORMAL,0,0
1,tcp,telnet,SF,124,178,0,0,0,0,1,0,0,0,0,0,0,0,0,0,0,0,1,1,0.0,0.0,0.0,0.0,1.0,0.0,0.0,10,2,0.2,0.3,0.1,0.0,0.0,0.0,0.1,0.5,guess_passwd,1,0,NORMAL,0,0
1,tcp,smtp,SF,2599,293,0,0,0,0,0,1,0,0,0,0,0,0,0,0,0,0,3,3,0.0,0.0,0.0,0.0,1.0,0.0,0.0,255,79,0.31,0.14,0.0,0.0,0.0,0.0,0.67,0.0,mailbomb,1,0,NORMAL,0,0
0,tcp,telnet,S3,0,44,0,0,0,0,0,0,0,0,0,0,0,0,0,0,0,0,1,1,1.0,1.0,0.0,0.0,1.0,0.0,0.0,255,139,0.55,0.02,0.0,0.0,0.53,0.47,0.01,0.01,processtable,1,0,NORMAL,0,0
4,tcp,pop_3,SF,30,93,0,0,0,0,0,1,0,0,0,0,0,0,0,0,0,0,1,1,0.0,0.0,0.0,0.0,1.0,0.0,0.0,255,249,0.98,0.01,0.01,0.0,0.0,0.0,0.0,0.0,guess_passwd,1,0,NORMAL,0,0
0,tcp,ftp,SF,26,157,0,0,0,0,1,0,0,0,0,0,0,0,0,0,0,1,1,1,0.0,0.0,0.0,0.0,1.0,0.0,0.0,150,68,0.45,0.03,0.01,0.0,0.0,0.0,0.0,0.0,guess_passwd,1,0,NORMAL,0,0
791,tcp,http,RSTR,1024,0,0,0,0,0,0,1,0,0,0,0,0,0,0,0,0,0,57,57,0.04,0.04,0.96,0.96,1.0,0.0,0.0,255,253,0.99,0.01,0.0,0.0,0.01,0.01,0.29,0.29,apache2,1,0,NORMAL,0,0
1,tcp,imap4,RSTO,0,44,0,0,0,0,0,0,0,0,0,0,0,0,0,0,0,0,1,6,0.0,0.0,1.0,1.0,1.0,0.0,1.0,255,30,0.12,0.03,0.0,0.0,0.0,0.0,0.4,0.97,mscan,1,0,NORMAL,0,0
1,tcp,smtp,SF,2599,293,0,0,0,0,0,1,0,0,0,0,0,0,0,0,0,0,2,2,0.0,0.0,0.0,0.0,1.0,0.0,0.0,255,236,0.93,0.08,0.0,0.0,0.0,0.0,0.07,0.0,mailbomb,1,0,NORMAL,0,0
4,tcp,pop_3,SF,31,93,0,0,0,0,0,1,0,0,0,0,0,0,0,0,0,0,1,1,0.0,0.0,0.0,0.0,1.0,0.0,0.0,66,64,0.95,0.03,0.02,0.03,0.0,0.0,0.0,0.0,guess_passwd,1,0,NORMAL,0,0
0,tcp,telnet,SF,127,174,0,0,0,0,1,0,0,0,0,0,0,0,0,0,0,0,1,1,0.0,0.0,0.0,0.0,1.0,0.0,0.0,255,254,1.0,0.01,0.0,0.0,0.02,0.02,0.01,0.01,guess_passwd,1,0,NORMAL,0,0
0,udp,private,SF,105,146,0,0,0,0,0,0,0,0,0,0,0,0,0,0,0,0,1,1,0.0,0.0,0.0,0.0,1.0,0.0,0.0,196,195,0.99,0.01,0.01,0.0,0.0,0.0,0.0,0.0,snmpgetattack,1,0,NORMAL,0,0
0,tcp,ftp_data,SF,12,0,0,0,0,0,0,0,0,0,0,0,0,0,0,0,0,0,2,2,0.0,0.0,0.0,0.0,1.0,0.0,0.0,8,10,1.0,0.0,1.0,0.2,0.0,0.0,0.0,0.0,warezmaster,1,0,NORMAL,0,0
0,tcp,telnet,SF,123,174,0,0,0,0,1,0,0,0,0,0,0,0,0,0,0,0,1,1,0.0,0.0,0.0,0.0,1.0,0.0,0.0,255,136,0.53,0.02,0.0,0.0,0.0,0.0,0.02,0.03,guess_passwd,1,0,NORMAL,0,0
0,tcp,telnet,S3,0,44,0,0,0,0,0,0,0,0,0,0,0,0,0,0,0,0,1,1,1.0,1.0,0.0,0.0,1.0,0.0,0.0,255,156,0.61,0.03,0.0,0.0,0.32,0.53,0.11,0.08,processtable,1,0,NORMAL,0,0
0,tcp,ftp,SF,26,157,0,0,0,0,1,0,0,0,0,0,0,0,0,0,0,1,1,1,0.0,0.0,0.0,0.0,1.0,0.0,0.0,255,119,0.47,0.03,0.0,0.0,0.0,0.0,0.0,0.0,guess_passwd,1,0,NORMAL,0,0
1,tcp,smtp,SF,2599,293,0,0,0,0,0,1,0,0,0,0,0,0,0,0,0,0,2,2,0.0,0.0,0.0,0.0,1.0,0.0,0.0,255,117,0.46,0.15,0.0,0.0,0.0,0.0,0.53,0.0,mailbomb,1,0,NORMAL,0,0
281,tcp,ftp,SF,163,599,0,0,0,2,0,1,0,0,0,0,0,0,0,0,0,1,1,1,0.0,0.0,0.0,0.0,1.0,0.0,0.0,238,81,0.34,0.03,0.0,0.0,0.0,0.0,0.0,0.0,warezmaster,1,0,NORMAL,0,0
0,udp,other,SF,1,0,0,0,0,0,0,0,0,0,0,0,0,0,0,0,0,0,119,6,0.0,0.0,0.0,0.0,0.05,0.34,0.0,255,6,0.02,0.63,1.0,0.0,0.0,0.0,0.0,0.0,normal,0,1,ATTACK,1,0
1021,tcp,http,RSTR,6864,0,0,0,0,0,0,1,0,0,0,0,0,0,0,0,0,0,77,77,0.01,0.01,0.97,0.97,1.0,0.0,0.0,255,255,1.0,0.0,0.0,0.0,0.0,0.0,0.29,0.29,apache2,1,0,NORMAL,0,0
0,tcp,ftp_data,SF,12,0,0,0,0,0,0,0,0,0,0,0,0,0,0,0,0,0,1,1,0.0,0.0,0.0,0.0,1.0,0.0,0.0,32,9,0.28,0.06,0.28,0.0,0.0,0.0,0.0,0.0,warezmaster,1,0,NORMAL,0,0
0,udp,private,SF,1,1,0,0,0,0,0,0,0,0,0,0,0,0,0,0,0,0,11,2,0.0,0.0,0.0,0.0,0.18,0.45,0.0,255,2,0.01,0.24,1.0,0.0,0.0,0.0,0.0,0.0,normal,0,1,ATTACK,1,0
281,tcp,ftp,SF,160,599,0,0,0,2,0,1,0,0,0,0,0,0,0,0,0,1,1,1,0.0,0.0,0.0,0.0,1.0,0.0,0.0,46,27,0.59,0.07,0.02,0.0,0.0,0.0,0.0,0.0,warezmaster,1,0,NORMAL,0,0
8,tcp,pop_3,SF,30,93,0,0,0,0,0,1,0,0,0,0,0,0,0,0,0,0,1,1,0.0,0.0,0.0,0.0,1.0,0.0,0.0,255,246,0.96,0.01,0.0,0.0,0.0,0.0,0.0,0.0,guess_passwd,1,0,NORMAL,0,0
7382,tcp,telnet,SF,0,44,0,0,0,0,0,0,0,0,0,0,0,0,0,0,0,0,1,1,0.0,0.0,0.0,0.0,1.0,0.0,0.0,255,211,0.83,0.18,0.0,0.0,0.5,0.6,0.17,0.01,processtable,1,0,NORMAL,0,0
4,tcp,pop_3,SF,28,93,0,0,0,0,0,1,0,0,0,0,0,0,0,0,0,0,1,1,0.0,0.0,0.0,0.0,1.0,0.0,0.0,255,246,0.96,0.01,0.0,0.0,0.0,0.0,0.01,0.0,guess_passwd,1,0,NORMAL,0,0
0,udp,private,SF,48,0,0,0,0,0,0,0,0,0,0,0,0,0,0,0,0,0,4,4,0.0,0.0,0.0,0.0,1.0,0.0,0.0,255,255,1.0,0.0,0.01,0.0,0.0,0.0,0.0,0.0,snmpguess,1,0,NORMAL,0,0
0,tcp,other,REJ,0,0,0,0,0,0,0,0,0,0,0,0,0,0,0,0,0,0,1,1,0.0,0.0,1.0,1.0,1.0,0.0,0.0,255,52,0.2,0.02,0.0,0.0,0.0,0.0,0.17,0.85,httptunnel,1,0,NORMAL,0,0
7541,tcp,telnet,SF,0,44,0,0,0,0,0,0,0,0,0,0,0,0,0,0,0,0,1,1,0.0,0.0,0.0,0.0,1.0,0.0,0.0,255,185,0.73,0.02,0.0,0.0,0.4,0.4,0.01,0.01,processtable,1,0,NORMAL,0,0
7390,tcp,telnet,SF,0,44,0,0,0,0,0,0,0,0,0,0,0,0,0,0,0,0,1,1,0.0,0.0,0.0,0.0,1.0,0.0,0.0,255,209,0.82,0.18,0.0,0.0,0.5,0.61,0.18,0.01,processtable,1,0,NORMAL,0,0
4,tcp,pop_3,SF,30,93,0,0,0,0,0,1,0,0,0,0,0,0,0,0,0,0,1,1,0.0,0.0,0.0,0.0,1.0,0.0,0.0,255,215,0.84,0.02,0.0,0.0,0.0,0.0,0.03,0.0,guess_passwd,1,0,NORMAL,0,0
0,icmp,eco_i,SF,40008,0,0,0,0,0,0,0,0,0,0,0,0,0,0,0,0,0,3,3,0.0,0.0,0.0,0.0,1.0,0.0,0.0,125,145,0.12,0.04,0.12,0.46,0.0,0.0,0.02,0.0,normal,0,1,ATTACK,1,0
0,udp,private,SF,46,0,0,0,0,0,0,0,0,0,0,0,0,0,0,0,0,0,4,4,0.0,0.0,0.0,0.0,1.0,0.0,0.0,255,253,0.99,0.01,0.01,0.0,0.0,0.0,0.0,0.0,snmpguess,1,0,NORMAL,0,0
0,tcp,telnet,S3,0,44,0,0,0,0,0,0,0,0,0,0,0,0,0,0,0,0,1,1,1.0,1.0,0.0,0.0,1.0,0.0,0.0,255,133,0.52,0.44,0.0,0.0,0.41,0.79,0.43,0.02,processtable,1,0,NORMAL,0,0
0,tcp,sunrpc,REJ,0,0,0,0,0,0,0,0,0,0,0,0,0,0,0,0,0,0,1,2,0.0,0.0,1.0,1.0,1.0,0.0,1.0,188,33,0.18,0.03,0.01,0.0,0.03,0.0,0.9,1.0,mscan,1,0,NORMAL,0,0
0,tcp,telnet,SF,127,174,0,0,0,0,1,0,0,0,0,0,0,0,0,0,0,0,2,2,0.0,0.0,0.0,0.0,1.0,0.0,0.0,255,119,0.47,0.02,0.0,0.0,0.0,0.0,0.01,0.03,guess_passwd,1,0,NORMAL,0,0
7340,tcp,telnet,SF,0,44,0,0,0,0,0,0,0,0,0,0,0,0,0,0,0,0,1,1,0.0,0.0,0.0,0.0,1.0,0.0,0.0,255,234,0.92,0.02,0.0,0.0,0.33,0.36,0.09,0.05,processtable,1,0,NORMAL,0,0
7666,tcp,telnet,SF,0,44,0,0,0,0,0,0,0,0,0,0,0,0,0,0,0,0,1,1,0.0,0.0,0.0,0.0,1.0,0.0,0.0,255,159,0.62,0.03,0.0,0.0,0.33,0.53,0.11,0.08,processtable,1,0,NORMAL,0,0
0,tcp,telnet,SF,122,174,0,0,0,0,1,0,0,0,0,0,0,0,0,0,0,0,1,1,0.0,0.0,0.0,0.0,1.0,0.0,0.0,255,149,0.58,0.02,0.0,0.0,0.0,0.0,0.02,0.03,guess_passwd,1,0,NORMAL,0,0
0,tcp,telnet,SF,122,174,0,0,0,0,1,0,0,0,0,0,0,0,0,0,0,0,1,1,0.0,0.0,0.0,0.0,1.0,0.0,0.0,255,221,0.87,0.02,0.0,0.0,0.0,0.0,0.02,0.03,guess_passwd,1,0,NORMAL,0,0
5,tcp,pop_3,SF,26,93,0,0,0,0,0,1,0,0,0,0,0,0,0,0,0,0,1,1,0.0,0.0,0.0,0.0,1.0,0.0,0.0,2,5,1.0,0.0,0.5,0.6,0.0,0.0,0.0,0.0,guess_passwd,1,0,NORMAL,0,0
4,tcp,telnet,SF,24,834,0,0,0,0,0,0,0,0,0,0,0,0,0,0,0,0,4,14,0.0,0.07,0.75,0.5,0.5,0.75,0.57,109,90,0.3,0.05,0.01,0.02,0.0,0.0,0.92,0.62,mscan,1,0,NORMAL,0,0
0,tcp,telnet,SF,126,174,0,0,0,0,1,0,0,0,0,0,0,0,0,0,0,0,2,2,0.0,0.0,0.0,0.0,1.0,0.0,0.0,255,254,1.0,0.01,0.0,0.0,0.01,0.01,0.02,0.02,guess_passwd,1,0,NORMAL,0,0
0,tcp,http,S0,0,0,0,0,0,0,0,0,0,0,0,0,0,0,0,0,0,0,36,36,0.28,0.28,0.72,0.72,1.0,0.0,0.0,255,255,1.0,0.0,0.0,0.0,0.05,0.05,0.68,0.68,apache2,1,0,NORMAL,0,0
0,tcp,telnet,SF,126,188,0,0,0,0,1,0,0,0,0,0,0,0,0,0,0,0,1,1,0.0,0.0,0.0,0.0,1.0,0.0,0.0,255,6,0.02,0.02,0.0,0.0,0.0,0.0,0.0,0.17,guess_passwd,1,0,NORMAL,0,0
281,tcp,ftp,SF,162,597,0,0,0,2,0,1,0,0,0,0,0,0,0,0,0,1,1,1,0.0,0.0,0.0,0.0,1.0,0.0,0.0,1,1,1.0,0.0,1.0,0.0,0.0,0.0,0.0,0.0,warezmaster,1,0,NORMAL,0,0
282,tcp,ftp,SF,159,597,0,0,0,2,0,1,0,0,0,0,0,0,0,0,0,1,1,1,0.0,0.0,0.0,0.0,1.0,0.0,0.0,42,26,0.62,0.07,0.02,0.0,0.0,0.0,0.0,0.0,warezmaster,1,0,NORMAL,0,0
0,udp,private,SF,105,147,0,0,0,0,0,0,0,0,0,0,0,0,0,0,0,0,2,2,0.0,0.0,0.0,0.0,1.0,0.0,0.0,255,255,1.0,0.0,0.0,0.0,0.0,0.0,0.0,0.0,snmpgetattack,1,0,NORMAL,0,0
0,tcp,ftp_data,SF,12,0,0,0,0,0,0,0,0,0,0,0,0,0,0,0,0,0,2,2,0.0,0.0,0.0,0.0,1.0,0.0,0.0,4,20,1.0,0.0,1.0,0.1,0.0,0.0,0.0,0.0,warezmaster,1,0,NORMAL,0,0
0,tcp,telnet,SF,129,174,0,0,0,0,1,0,0,0,0,0,0,0,0,0,0,0,1,1,0.0,0.0,0.0,0.0,1.0,0.0,0.0,255,220,0.86,0.02,0.0,0.0,0.0,0.0,0.02,0.03,guess_passwd,1,0,NORMAL,0,0
2,tcp,pop_3,RSTO,0,36,0,0,0,0,0,1,0,0,0,0,0,0,0,0,0,0,1,3,0.0,0.0,1.0,1.0,1.0,0.0,1.0,255,36,0.14,0.03,0.0,0.0,0.0,0.0,0.49,0.89,mscan,1,0,NORMAL,0,0
7222,tcp,telnet,SF,0,44,0,0,0,0,0,0,0,0,0,0,0,0,0,0,0,0,1,1,0.0,0.0,0.0,0.0,1.0,0.0,0.0,255,228,0.89,0.11,0.0,0.0,0.49,0.55,0.11,0.01,processtable,1,0,NORMAL,0,0
2,tcp,telnet,SF,24,109,0,0,0,0,0,0,0,0,0,0,0,0,0,0,0,0,4,13,0.0,0.08,0.75,0.38,0.5,0.75,0.62,34,85,0.32,0.15,0.03,0.02,0.0,0.01,0.85,0.69,mscan,1,0,NORMAL,0,0
5,tcp,pop_3,SF,30,93,0,0,0,0,0,1,0,0,0,0,0,0,0,0,0,0,1,1,0.0,0.0,0.0,0.0,1.0,0.0,0.0,255,218,0.85,0.04,0.0,0.0,0.0,0.0,0.0,0.0,guess_passwd,1,0,NORMAL,0,0
283,tcp,ftp,SF,160,599,0,0,0,2,0,1,0,0,0,0,0,0,0,0,0,1,1,1,0.0,0.0,0.0,0.0,1.0,0.0,0.0,255,22,0.09,0.02,0.0,0.0,0.04,0.0,0.32,0.0,warezmaster,1,0,NORMAL,0,0
8160,tcp,telnet,SF,0,15,0,0,0,0,0,0,0,0,0,0,0,0,0,0,0,0,1,1,0.0,0.0,0.0,0.0,1.0,0.0,0.0,255,74,0.29,0.02,0.0,0.0,0.72,0.66,0.01,0.03,processtable,1,0,NORMAL,0,0
0,udp,private,SF,44,0,0,0,0,0,0,0,0,0,0,0,0,0,0,0,0,0,4,4,0.0,0.0,0.0,0.0,1.0,0.0,0.0,255,255,1.0,0.0,0.01,0.0,0.0,0.0,0.0,0.0,snmpguess,1,0,NORMAL,0,0
7386,tcp,telnet,SF,0,44,0,0,0,0,0,0,0,0,0,0,0,0,0,0,0,0,1,1,0.0,0.0,0.0,0.0,1.0,0.0,0.0,255,210,0.82,0.18,0.0,0.0,0.5,0.6,0.17,0.01,processtable,1,0,NORMAL,0,0
0,tcp,ftp_data,SF,12,0,0,0,0,0,0,0,0,0,0,0,0,0,0,0,0,0,2,4,0.0,0.0,0.0,0.0,1.0,0.0,0.5,2,18,1.0,0.0,1.0,0.22,0.0,0.0,0.0,0.0,warezmaster,1,0,NORMAL,0,0
7378,tcp,telnet,SF,0,44,0,0,0,0,0,0,0,0,0,0,0,0,0,0,0,0,1,1,0.0,0.0,0.0,0.0,1.0,0.0,0.0,255,219,0.86,0.02,0.0,0.0,0.27,0.32,0.01,0.0,processtable,1,0,NORMAL,0,0
6,tcp,pop_3,SF,30,93,0,0,0,0,0,1,0,0,0,0,0,0,0,0,0,0,1,1,0.0,0.0,0.0,0.0,1.0,0.0,0.0,255,248,0.97,0.01,0.0,0.0,0.0,0.0,0.0,0.0,guess_passwd,1,0,NORMAL,0,0
0,udp,tftp_u,SF,1,0,0,0,0,0,0,0,0,0,0,0,0,0,0,0,0,0,86,7,0.0,0.0,0.0,0.0,0.08,0.48,0.0,255,7,0.03,0.55,0.69,0.0,0.0,0.0,0.31,0.0,normal,0,1,ATTACK,1,0
7658,tcp,telnet,SF,0,44,0,0,0,0,0,0,0,0,0,0,0,0,0,0,0,0,1,1,0.0,0.0,0.0,0.0,1.0,0.0,0.0,255,161,0.63,0.03,0.0,0.0,0.33,0.52,0.11,0.08,processtable,1,0,NORMAL,0,0
0,tcp,telnet,RSTO,0,15,0,0,0,0,0,0,0,0,0,0,0,0,0,0,0,0,1,3,0.0,0.0,1.0,0.67,1.0,0.0,0.67,107,85,0.34,0.05,0.01,0.02,0.02,0.0,0.86,0.69,mscan,1,0,NORMAL,0,0
5,tcp,pop_3,SF,25,93,0,0,0,0,0,1,0,0,0,0,0,0,0,0,0,0,1,1,0.0,0.0,0.0,0.0,1.0,0.0,0.0,255,231,0.91,0.02,0.0,0.0,0.0,0.0,0.06,0.0,guess_passwd,1,0,NORMAL,0,0
0,tcp,telnet,S3,0,44,0,0,0,0,0,0,0,0,0,0,0,0,0,0,0,0,1,1,1.0,1.0,0.0,0.0,1.0,0.0,0.0,255,127,0.5,0.45,0.0,0.0,0.39,0.78,0.45,0.02,processtable,1,0,NORMAL,0,0
0,tcp,pop_3,RSTO,0,36,0,0,0,0,0,1,0,0,0,0,0,0,0,0,0,0,1,7,0.0,0.0,1.0,1.0,1.0,0.0,1.0,76,58,0.28,0.07,0.01,0.03,0.0,0.0,0.89,0.98,mscan,1,0,NORMAL,0,0
0,udp,private,SF,50,0,0,0,0,0,0,0,0,0,0,0,0,0,0,0,0,0,6,6,0.0,0.0,0.0,0.0,1.0,0.0,0.0,255,254,1.0,0.01,0.01,0.0,0.0,0.0,0.0,0.0,snmpguess,1,0,NORMAL,0,0
7979,tcp,telnet,SF,0,44,0,0,0,0,0,0,0,0,0,0,0,0,0,0,0,0,1,1,0.0,0.0,0.0,0.0,1.0,0.0,0.0,255,106,0.42,0.02,0.0,0.0,0.56,0.37,0.01,0.01,processtable,1,0,NORMAL,0,0
7975,tcp,telnet,SF,0,44,0,0,0,0,0,0,0,0,0,0,0,0,0,0,0,0,1,1,0.0,0.0,0.0,0.0,1.0,0.0,0.0,255,107,0.42,0.02,0.0,0.0,0.56,0.36,0.01,0.01,processtable,1,0,NORMAL,0,0
0,tcp,ftp,SF,26,157,0,0,0,0,1,0,0,0,0,0,0,0,0,0,0,1,1,2,0.0,0.0,0.0,0.0,1.0,0.0,1.0,100,54,0.54,0.04,0.01,0.0,0.0,0.0,0.0,0.0,guess_passwd,1,0,NORMAL,0,0
0,tcp,telnet,SF,123,174,0,0,0,0,1,0,0,0,0,0,0,0,0,0,0,0,1,1,0.0,0.0,0.0,0.0,1.0,0.0,0.0,255,245,0.96,0.01,0.0,0.0,0.0,0.0,0.02,0.02,guess_passwd,1,0,NORMAL,0,0
0,tcp,ftp_data,SF,12,0,0,0,0,0,0,0,0,0,0,0,0,0,0,0,0,0,1,1,0.0,0.0,0.0,0.0,1.0,0.0,0.0,1,27,1.0,0.0,1.0,0.15,0.0,0.0,0.0,0.0,warezmaster,1,0,NORMAL,0,0
0,tcp,telnet,S3,0,44,0,0,0,0,0,0,0,0,0,0,0,0,0,0,0,0,1,1,1.0,1.0,0.0,0.0,1.0,0.0,0.0,255,98,0.38,0.03,0.0,0.0,0.07,0.19,0.11,0.13,processtable,1,0,NORMAL,0,0
0,udp,private,SF,105,147,0,0,0,0,0,0,0,0,0,0,0,0,0,0,0,0,1,1,0.0,0.0,0.0,0.0,1.0,0.0,0.0,17,17,1.0,0.0,0.06,0.0,0.0,0.0,0.0,0.0,snmpgetattack,1,0,NORMAL,0,0
0,udp,private,SF,105,147,0,0,0,0,0,0,0,0,0,0,0,0,0,0,0,0,1,1,0.0,0.0,0.0,0.0,1.0,0.0,0.0,255,253,0.99,0.01,0.0,0.0,0.0,0.0,0.0,0.0,snmpgetattack,1,0,NORMAL,0,0
4,tcp,pop_3,SF,26,93,0,0,0,0,0,1,0,0,0,0,0,0,0,0,0,0,1,1,0.0,0.0,0.0,0.0,1.0,0.0,0.0,255,249,0.98,0.01,0.0,0.0,0.0,0.0,0.0,0.0,guess_passwd,1,0,NORMAL,0,0
0,tcp,ftp_data,SF,12,0,0,0,0,0,0,0,0,0,0,0,0,0,0,0,0,0,2,2,0.0,0.0,0.0,0.0,1.0,0.0,0.0,5,30,0.8,0.4,0.8,0.17,0.0,0.0,0.0,0.0,warezmaster,1,0,NORMAL,0,0
281,tcp,ftp,SF,160,595,0,0,0,2,0,1,0,0,0,0,0,0,0,0,0,1,1,1,0.0,0.0,0.0,0.0,1.0,0.0,0.0,255,115,0.45,0.03,0.0,0.0,0.0,0.0,0.0,0.0,warezmaster,1,0,NORMAL,0,0
280,tcp,ftp_data,SF,283618,0,0,0,0,0,0,0,0,0,0,0,0,0,0,0,0,0,2,2,0.0,0.0,0.0,0.0,1.0,0.0,0.0,7,4,0.57,0.29,0.57,0.0,0.0,0.0,0.0,0.0,warezmaster,1,0,NORMAL,0,0
0,tcp,telnet,SF,121,174,0,0,0,0,1,0,0,0,0,0,0,0,0,0,0,0,1,1,0.0,0.0,0.0,0.0,1.0,0.0,0.0,255,254,1.0,0.01,0.0,0.0,0.02,0.02,0.01,0.01,guess_passwd,1,0,NORMAL,0,0
0,tcp,ftp_data,SF,12,0,0,0,0,0,0,0,0,0,0,0,0,0,0,0,0,0,2,2,0.0,0.0,0.0,0.0,1.0,0.0,0.0,8,16,1.0,0.0,1.0,0.12,0.0,0.0,0.0,0.0,warezmaster,1,0,NORMAL,0,0
0,tcp,other,REJ,0,0,0,0,0,0,0,0,0,0,0,0,0,0,0,0,0,0,1,1,0.0,0.0,1.0,1.0,1.0,0.0,0.0,255,11,0.04,0.02,0.0,0.0,0.0,0.0,0.05,1.0,httptunnel,1,0,NORMAL,0,0
2,tcp,telnet,SF,24,109,0,0,0,0,0,0,0,0,0,0,0,0,0,0,0,0,4,6,0.0,0.0,0.75,0.5,0.5,0.75,0.5,103,85,0.33,0.05,0.01,0.02,0.0,0.0,0.88,0.68,mscan,1,0,NORMAL,0,0
1,tcp,smtp,SF,2599,293,0,0,0,0,0,1,0,0,0,0,0,0,0,0,0,0,2,2,0.0,0.0,0.0,0.0,1.0,0.0,0.0,255,4,0.02,0.16,0.0,0.0,0.0,0.0,0.96,0.0,mailbomb,1,0,NORMAL,0,0
7518,tcp,telnet,SF,0,44,0,0,0,0,0,0,0,0,0,0,0,0,0,0,0,0,1,1,0.0,0.0,0.0,0.0,1.0,0.0,0.0,255,188,0.74,0.02,0.0,0.0,0.38,0.38,0.01,0.01,processtable,1,0,NORMAL,0,0
287,tcp,ftp,SF,160,597,0,0,0,2,0,1,0,0,0,0,0,0,0,0,0,1,1,1,0.0,0.0,0.0,0.0,1.0,0.0,0.0,18,7,0.39,0.17,0.06,0.0,0.0,0.0,0.0,0.0,warezmaster,1,0,NORMAL,0,0
0,tcp,telnet,RSTO,0,15,0,0,0,0,0,0,0,0,0,0,0,0,0,0,0,0,3,5,0.0,0.2,0.67,0.4,0.67,0.67,0.6,255,51,0.2,0.02,0.0,0.0,0.0,0.02,0.55,0.75,mscan,1,0,NORMAL,0,0
0,udp,private,SF,51,0,0,0,0,0,0,0,0,0,0,0,0,0,0,0,0,0,3,3,0.0,0.0,0.0,0.0,1.0,0.0,0.0,255,254,1.0,0.01,0.01,0.0,0.0,0.0,0.0,0.0,snmpguess,1,0,NORMAL,0,0
0,tcp,other,RSTR,0,0,0,0,0,0,0,0,0,0,0,0,0,0,0,0,0,0,1,1,0.0,0.0,1.0,1.0,1.0,0.0,0.0,255,1,0.0,0.58,0.56,0.0,0.0,0.0,0.56,1.0,normal,0,1,ATTACK,1,0
0,udp,private,SF,41,0,0,0,0,0,0,0,0,0,0,0,0,0,0,0,0,0,4,4,0.0,0.0,0.0,0.0,1.0,0.0,0.0,255,254,1.0,0.01,0.01,0.0,0.0,0.0,0.0,0.0,snmpguess,1,0,NORMAL,0,0
4,tcp,pop_3,SF,32,93,0,0,0,0,0,1,0,0,0,0,0,0,0,0,0,0,1,1,0.0,0.0,0.0,0.0,1.0,0.0,0.0,125,110,0.87,0.02,0.01,0.02,0.0,0.0,0.08,0.0,guess_passwd,1,0,NORMAL,0,0
4,tcp,pop_3,SF,32,93,0,0,0,0,0,1,0,0,0,0,0,0,0,0,0,0,1,1,0.0,0.0,0.0,0.0,1.0,0.0,0.0,255,240,0.94,0.02,0.01,0.0,0.0,0.0,0.02,0.0,guess_passwd,1,0,NORMAL,0,0
0,tcp,ftp,SF,26,157,0,0,0,0,1,0,0,0,0,0,0,0,0,0,0,1,1,1,0.0,0.0,0.0,0.0,1.0,0.0,0.0,192,91,0.47,0.03,0.01,0.0,0.0,0.0,0.0,0.0,guess_passwd,1,0,NORMAL,0,0
1,tcp,smtp,SF,2599,261,0,0,0,0,0,1,0,0,0,0,0,0,0,0,0,0,2,2,0.0,0.0,0.0,0.0,1.0,0.0,0.0,255,245,0.96,0.04,0.0,0.0,0.0,0.0,0.04,0.0,mailbomb,1,0,NORMAL,0,0
5,tcp,pop_3,SF,32,93,0,0,0,0,0,1,0,0,0,0,0,0,0,0,0,0,1,1,0.0,0.0,0.0,0.0,1.0,0.0,0.0,40,40,0.98,0.05,0.03,0.05,0.0,0.0,0.0,0.0,guess_passwd,1,0,NORMAL,0,0
1,tcp,smtp,SF,2599,293,0,0,0,0,0,1,0,0,0,0,0,0,0,0,0,0,3,3,0.0,0.0,0.0,0.0,1.0,0.0,0.0,255,245,0.96,0.04,0.0,0.0,0.0,0.0,0.04,0.0,mailbomb,1,0,NORMAL,0,0
282,tcp,ftp,SF,163,601,0,0,0,2,0,1,0,0,0,0,0,0,0,0,0,1,1,1,0.0,0.0,0.0,0.0,1.0,0.0,0.0,255,13,0.05,0.82,0.0,0.0,0.0,0.0,0.81,0.0,warezmaster,1,0,NORMAL,0,0
0,udp,private,SF,1,1,0,0,0,0,0,0,0,0,0,0,0,0,0,0,0,0,5,2,0.0,0.0,0.2,0.0,0.4,0.6,0.0,255,2,0.01,0.99,0.02,0.0,0.0,0.0,0.98,0.0,normal,0,1,ATTACK,1,0
0,udp,private,SF,46,0,0,0,0,0,0,0,0,0,0,0,0,0,0,0,0,0,2,2,0.0,0.0,0.0,0.0,1.0,0.0,0.0,255,255,1.0,0.0,0.02,0.0,0.0,0.0,0.0,0.0,snmpguess,1,0,NORMAL,0,0
0,tcp,ftp_data,SF,12,0,0,0,0,0,0,0,0,0,0,0,0,0,0,0,0,0,1,1,0.0,0.0,0.0,0.0,1.0,0.0,0.0,46,62,0.02,0.11,0.02,0.03,0.0,0.0,0.0,0.0,warezmaster,1,0,NORMAL,0,0
0,udp,private,SF,105,147,0,0,0,0,0,0,0,0,0,0,0,0,0,0,0,0,3,2,0.0,0.0,0.0,0.0,0.67,0.67,0.0,255,253,0.99,0.01,0.0,0.0,0.0,0.0,0.0,0.0,snmpgetattack,1,0,NORMAL,0,0
0,tcp,other,REJ,0,0,0,0,0,0,0,0,0,0,0,0,0,0,0,0,0,0,1,1,0.0,0.0,1.0,1.0,1.0,0.0,0.0,255,5,0.02,0.01,0.0,0.0,0.0,0.0,0.02,1.0,httptunnel,1,0,NORMAL,0,0
4,tcp,pop_3,SF,32,93,0,0,0,0,0,1,0,0,0,0,0,0,0,0,0,0,1,1,0.0,0.0,0.0,0.0,1.0,0.0,0.0,255,164,0.64,0.02,0.0,0.0,0.0,0.0,0.13,0.0,guess_passwd,1,0,NORMAL,0,0
0,tcp,telnet,SF,121,174,0,0,0,0,1,0,0,0,0,0,0,0,0,0,0,0,1,1,0.0,0.0,0.0,0.0,1.0,0.0,0.0,255,23,0.09,0.02,0.0,0.0,0.0,0.0,0.0,0.04,guess_passwd,1,0,NORMAL,0,0
0,tcp,telnet,SF,122,174,0,0,0,0,1,0,0,0,0,0,0,0,0,0,0,0,1,1,0.0,0.0,0.0,0.0,1.0,0.0,0.0,255,196,0.77,0.02,0.0,0.0,0.0,0.0,0.02,0.03,guess_passwd,1,0,NORMAL,0,0
4,tcp,pop_3,SF,27,93,0,0,0,0,0,1,0,0,0,0,0,0,0,0,0,0,1,1,0.0,0.0,0.0,0.0,1.0,0.0,0.0,79,73,0.91,0.04,0.01,0.03,0.0,0.0,0.04,0.0,guess_passwd,1,0,NORMAL,0,0
0,udp,private,SF,52,0,0,0,0,0,0,0,0,0,0,0,0,0,0,0,0,0,3,3,0.0,0.0,0.0,0.0,1.0,0.0,0.0,255,255,1.0,0.0,0.01,0.0,0.0,0.0,0.0,0.0,snmpguess,1,0,NORMAL,0,0
0,tcp,http,S0,0,0,0,0,0,0,0,0,0,0,0,0,0,0,0,0,0,0,31,31,0.81,0.81,0.16,0.16,1.0,0.0,0.0,255,255,1.0,0.0,0.0,0.0,0.15,0.15,0.7,0.7,apache2,1,0,NORMAL,0,0
0,tcp,other,REJ,0,0,0,0,0,0,0,0,0,0,0,0,0,0,0,0,0,0,1,1,0.0,0.0,1.0,1.0,1.0,0.0,0.0,255,6,0.02,0.02,0.0,0.0,0.0,0.0,0.02,1.0,httptunnel,1,0,NORMAL,0,0
1,tcp,smtp,SF,2599,293,0,0,0,0,0,1,0,0,0,0,0,0,0,0,0,0,3,3,0.0,0.0,0.0,0.0,1.0,0.0,0.0,255,135,0.53,0.15,0.0,0.0,0.0,0.0,0.45,0.0,mailbomb,1,0,NORMAL,0,0
0,tcp,telnet,SF,125,174,0,0,0,0,1,0,0,0,0,0,0,0,0,0,0,0,1,1,0.0,0.0,0.0,0.0,1.0,0.0,0.0,255,222,0.87,0.02,0.0,0.0,0.0,0.0,0.02,0.03,guess_passwd,1,0,NORMAL,0,0
0,tcp,telnet,SF,119,174,0,0,0,0,1,0,0,0,0,0,0,0,0,0,0,0,1,1,0.0,0.0,0.0,0.0,1.0,0.0,0.0,255,177,0.69,0.02,0.0,0.0,0.0,0.0,0.02,0.03,guess_passwd,1,0,NORMAL,0,0
1,tcp,smtp,SF,2599,293,0,0,0,0,0,1,0,0,0,0,0,0,0,0,0,0,2,2,0.0,0.0,0.0,0.0,1.0,0.0,0.0,255,232,0.91,0.09,0.0,0.0,0.0,0.0,0.08,0.0,mailbomb,1,0,NORMAL,0,0
0,tcp,ftp_data,SF,12,0,0,0,0,0,0,0,0,0,0,0,0,0,0,0,0,0,1,1,0.0,0.0,0.0,0.0,1.0,0.0,0.0,28,5,0.18,0.07,0.18,0.0,0.0,0.0,0.0,0.0,warezmaster,1,0,NORMAL,0,0
4,tcp,pop_3,SF,31,93,0,0,0,0,0,1,0,0,0,0,0,0,0,0,0,0,1,1,0.0,0.0,0.0,0.0,1.0,0.0,0.0,73,70,0.95,0.03,0.01,0.03,0.0,0.0,0.0,0.0,guess_passwd,1,0,NORMAL,0,0
0,tcp,telnet,S3,0,44,0,0,0,0,0,0,0,0,0,0,0,0,0,0,0,0,1,1,1.0,1.0,0.0,0.0,1.0,0.0,0.0,255,126,0.49,0.02,0.0,0.0,0.53,0.41,0.01,0.01,processtable,1,0,NORMAL,0,0
0,tcp,pop_3,SF,30,217,0,0,0,0,0,1,0,0,0,0,0,0,0,0,0,0,1,1,0.0,0.0,0.0,0.0,1.0,0.0,0.0,255,1,0.0,0.01,0.0,0.0,0.01,0.0,0.02,0.0,guess_passwd,1,0,NORMAL,0,0
0,tcp,telnet,REJ,0,0,0,0,0,0,0,0,0,0,0,0,0,0,0,0,0,0,1,13,0.0,0.08,1.0,0.92,1.0,0.0,0.92,255,38,0.15,0.03,0.0,0.0,0.0,0.03,0.46,0.84,mscan,1,0,NORMAL,0,0
1,tcp,smtp,SF,2599,293,0,0,0,0,0,1,0,0,0,0,0,0,0,0,0,0,2,2,0.0,0.0,0.0,0.0,1.0,0.0,0.0,255,45,0.18,0.16,0.0,0.0,0.0,0.0,0.8,0.0,mailbomb,1,0,NORMAL,0,0
0,tcp,telnet,REJ,0,0,0,0,0,0,0,0,0,0,0,0,0,0,0,0,0,0,1,7,0.0,0.0,1.0,1.0,1.0,0.0,1.0,255,51,0.2,0.03,0.0,0.0,0.01,0.0,0.53,0.73,mscan,1,0,NORMAL,0,0
282,tcp,ftp,SF,160,597,0,0,0,2,0,1,0,0,0,0,0,0,0,0,0,1,1,1,0.0,0.0,0.0,0.0,1.0,0.0,0.0,161,54,0.34,0.04,0.01,0.0,0.0,0.0,0.0,0.0,warezmaster,1,0,NORMAL,0,0
0,tcp,ftp_data,SF,12,0,0,0,0,0,0,0,0,0,0,0,0,0,0,0,0,0,1,1,0.0,0.0,0.0,0.0,1.0,0.0,0.0,2,17,0.5,1.0,0.5,0.18,0.0,0.0,0.0,0.0,warezmaster,1,0,NORMAL,0,0
0,udp,private,SF,105,147,0,0,0,0,0,0,0,0,0,0,0,0,0,0,0,0,1,1,0.0,0.0,0.0,0.0,1.0,0.0,0.0,218,216,0.99,0.01,0.01,0.0,0.0,0.0,0.0,0.0,snmpgetattack,1,0,NORMAL,0,0
794,tcp,http,RSTR,1024,0,0,0,0,0,0,1,0,0,0,0,0,0,0,0,0,0,81,81,0.02,0.02,0.98,0.98,1.0,0.0,0.0,255,253,0.99,0.01,0.0,0.0,0.01,0.01,0.44,0.44,apache2,1,0,NORMAL,0,0
5,tcp,pop_3,SF,32,93,0,0,0,0,0,1,0,0,0,0,0,0,0,0,0,0,1,1,0.0,0.0,0.0,0.0,1.0,0.0,0.0,93,80,0.85,0.03,0.01,0.03,0.0,0.0,0.11,0.0,guess_passwd,1,0,NORMAL,0,0
0,tcp,http,S0,0,0,0,0,0,0,0,0,0,0,0,0,0,0,0,0,0,0,15,15,1.0,1.0,0.0,0.0,1.0,0.0,0.0,255,245,0.96,0.01,0.0,0.0,0.18,0.19,0.56,0.59,apache2,1,0,NORMAL,0,0
4,tcp,pop_3,SF,32,93,0,0,0,0,0,1,0,0,0,0,0,0,0,0,0,0,2,1,0.0,0.0,0.5,0.0,0.5,1.0,0.0,255,239,0.94,0.02,0.0,0.0,0.0,0.0,0.02,0.0,guess_passwd,1,0,NORMAL,0,0
6,tcp,pop_3,SF,28,93,0,0,0,0,0,1,0,0,0,0,0,0,0,0,0,0,1,1,0.0,0.0,0.0,0.0,1.0,0.0,0.0,255,251,0.98,0.01,0.0,0.0,0.0,0.0,0.0,0.0,guess_passwd,1,0,NORMAL,0,0
31,tcp,telnet,SF,197,1644,0,0,0,1,0,1,1,0,0,1,2,1,0,0,0,0,1,1,0.0,0.0,0.0,0.0,1.0,0.0,0.0,255,172,0.67,0.02,0.0,0.0,0.63,0.94,0.02,0.0,ps,1,0,NORMAL,0,0
0,tcp,telnet,S3,0,44,0,0,0,0,0,0,0,0,0,0,0,0,0,0,0,0,1,1,1.0,1.0,0.0,0.0,1.0,0.0,0.0,255,138,0.54,0.42,0.0,0.0,0.43,0.8,0.41,0.01,processtable,1,0,NORMAL,0,0
0,udp,private,SF,53,0,0,0,0,0,0,0,0,0,0,0,0,0,0,0,0,0,4,4,0.0,0.0,0.0,0.0,1.0,0.0,0.0,255,254,1.0,0.01,0.01,0.0,0.0,0.0,0.0,0.0,snmpguess,1,0,NORMAL,0,0
7318,tcp,telnet,SF,0,44,0,0,0,0,0,0,0,0,0,0,0,0,0,0,0,0,1,1,0.0,0.0,0.0,0.0,1.0,0.0,0.0,255,231,0.91,0.02,0.0,0.0,0.27,0.3,0.01,0.0,processtable,1,0,NORMAL,0,0
7282,tcp,telnet,SF,0,44,0,0,0,0,0,0,0,0,0,0,0,0,0,0,0,0,1,1,0.0,0.0,0.0,0.0,1.0,0.0,0.0,255,230,0.9,0.1,0.0,0.0,0.5,0.55,0.1,0.01,processtable,1,0,NORMAL,0,0
283,tcp,ftp,SF,156,593,0,0,0,2,0,1,0,0,0,0,0,0,0,0,0,1,1,1,0.0,0.0,0.0,0.0,1.0,0.0,0.0,255,84,0.33,0.03,0.0,0.0,0.02,0.0,0.01,0.0,warezmaster,1,0,NORMAL,0,0
1,tcp,smtp,SF,2599,293,0,0,0,0,0,1,0,0,0,0,0,0,0,0,0,0,4,3,0.0,0.0,0.25,0.0,0.75,0.5,0.0,255,120,0.47,0.15,0.0,0.0,0.0,0.0,0.51,0.0,mailbomb,1,0,NORMAL,0,0
0,tcp,other,REJ,0,0,0,0,0,0,0,0,0,0,0,0,0,0,0,0,0,0,1,1,0.0,0.0,1.0,1.0,1.0,0.0,0.0,255,35,0.14,0.02,0.0,0.0,0.0,0.0,0.12,0.77,httptunnel,1,0,NORMAL,0,0
57,tcp,telnet,SF,241,885,0,0,0,1,0,1,2,1,0,4,0,0,0,0,0,0,1,1,0.0,0.0,0.0,0.0,1.0,0.0,0.0,1,1,1.0,0.0,1.0,0.0,0.0,0.0,0.0,0.0,normal,0,1,ATTACK,1,0
8,tcp,pop_3,SF,32,93,0,0,0,0,0,1,0,0,0,0,0,0,0,0,0,0,1,1,0.0,0.0,0.0,0.0,1.0,0.0,0.0,255,230,0.9,0.02,0.0,0.0,0.0,0.0,0.05,0.0,guess_passwd,1,0,NORMAL,0,0
1,tcp,smtp,SF,2599,293,0,0,0,0,0,1,0,0,0,0,0,0,0,0,0,0,2,2,0.0,0.0,0.0,0.0,1.0,0.0,0.0,255,109,0.43,0.15,0.0,0.0,0.0,0.0,0.56,0.0,mailbomb,1,0,NORMAL,0,0
0,tcp,ftp,SF,26,157,0,0,0,0,1,0,0,0,0,0,0,0,0,0,0,1,1,1,0.0,0.0,0.0,0.0,1.0,0.0,0.0,60,32,0.53,0.07,0.02,0.0,0.0,0.0,0.0,0.0,guess_passwd,1,0,NORMAL,0,0
0,tcp,telnet,SF,120,174,0,0,0,0,1,0,0,0,0,0,0,0,0,0,0,0,1,1,0.0,0.0,0.0,0.0,1.0,0.0,0.0,255,110,0.43,0.02,0.0,0.0,0.0,0.0,0.01,0.03,guess_passwd,1,0,NORMAL,0,0
4,tcp,pop_3,SF,32,93,0,0,0,0,0,1,0,0,0,0,0,0,0,0,0,0,1,1,0.0,0.0,0.0,0.0,1.0,0.0,0.0,180,161,0.89,0.02,0.01,0.0,0.0,0.0,0.06,0.0,guess_passwd,1,0,NORMAL,0,0
3,tcp,pop_3,RSTO,0,36,0,0,0,0,0,1,0,0,0,0,0,0,0,0,0,0,2,1,0.0,0.0,0.5,1.0,0.5,1.0,0.0,86,61,0.27,0.06,0.01,0.03,0.0,0.0,0.91,1.0,mscan,1,0,NORMAL,0,0
8188,tcp,telnet,SF,0,15,0,0,0,0,0,0,0,0,0,0,0,0,0,0,0,0,1,1,0.0,0.0,0.0,0.0,1.0,0.0,0.0,255,69,0.27,0.02,0.0,0.0,0.74,0.71,0.01,0.03,processtable,1,0,NORMAL,0,0
1,tcp,smtp,SF,2599,293,0,0,0,0,0,1,0,0,0,0,0,0,0,0,0,0,3,3,0.0,0.0,0.0,0.0,1.0,0.0,0.0,255,51,0.2,0.16,0.0,0.0,0.0,0.0,0.78,0.0,mailbomb,1,0,NORMAL,0,0
1,tcp,smtp,SF,2599,293,0,0,0,0,0,1,0,0,0,0,0,0,0,0,0,0,2,2,0.0,0.0,0.0,0.0,1.0,0.0,0.0,255,18,0.07,0.16,0.0,0.0,0.0,0.0,0.91,0.0,mailbomb,1,0,NORMAL,0,0
1,tcp,smtp,SF,2599,293,0,0,0,0,0,1,0,0,0,0,0,0,0,0,0,0,3,4,0.0,0.0,0.0,0.0,1.0,0.0,0.5,255,246,0.96,0.04,0.0,0.0,0.0,0.0,0.03,0.0,mailbomb,1,0,NORMAL,0,0
281,tcp,ftp,SF,160,597,0,0,0,2,0,1,0,0,0,0,0,0,0,0,0,1,1,1,0.0,0.0,0.0,0.0,1.0,0.0,0.0,255,105,0.41,0.03,0.0,0.0,0.0,0.0,0.0,0.0,warezmaster,1,0,NORMAL,0,0
4,tcp,pop_3,SF,32,93,0,0,0,0,0,1,0,0,0,0,0,0,0,0,0,0,1,1,0.0,0.0,0.0,0.0,1.0,0.0,0.0,255,140,0.55,0.02,0.0,0.0,0.0,0.0,0.16,0.0,guess_passwd,1,0,NORMAL,0,0
0,tcp,ftp_data,SF,7935,0,0,0,0,0,0,0,0,0,0,0,0,0,0,0,0,0,1,1,0.0,0.0,0.0,0.0,1.0,0.0,0.0,11,14,0.18,0.27,0.18,0.21,0.0,0.0,0.18,0.0,named,1,0,NORMAL,0,0
0,tcp,http,S0,0,0,0,0,0,0,0,0,0,0,0,0,0,0,0,0,0,0,17,17,1.0,1.0,0.0,0.0,1.0,0.0,0.0,255,245,0.96,0.01,0.0,0.0,0.19,0.2,0.56,0.59,apache2,1,0,NORMAL,0,0
0,tcp,ftp_data,SF,12,0,0,0,0,0,0,0,0,0,0,0,0,0,0,0,0,0,2,2,0.0,0.0,0.0,0.0,1.0,0.0,0.0,5,6,0.8,0.4,0.8,0.33,0.0,0.0,0.0,0.0,warezmaster,1,0,NORMAL,0,0
4,tcp,pop_3,SF,32,93,0,0,0,0,0,1,0,0,0,0,0,0,0,0,0,0,1,1,0.0,0.0,0.0,0.0,1.0,0.0,0.0,129,114,0.88,0.02,0.01,0.02,0.0,0.0,0.08,0.0,guess_passwd,1,0,NORMAL,0,0
7987,tcp,telnet,SF,0,44,0,0,0,0,0,0,0,0,0,0,0,0,0,0,0,0,1,1,0.0,0.0,0.0,0.0,1.0,0.0,0.0,255,105,0.41,0.02,0.0,0.0,0.57,0.38,0.01,0.01,processtable,1,0,NORMAL,0,0
283,tcp,ftp,SF,158,597,0,0,0,2,0,1,0,0,0,0,0,0,0,0,0,1,1,1,0.0,0.0,0.0,0.0,1.0,0.0,0.0,255,40,0.16,0.03,0.0,0.0,0.28,0.0,0.02,0.0,warezmaster,1,0,NORMAL,0,0
8172,tcp,telnet,SF,0,15,0,0,0,0,0,0,0,0,0,0,0,0,0,0,0,0,1,1,0.0,0.0,0.0,0.0,1.0,0.0,0.0,255,48,0.19,0.04,0.0,0.0,0.0,0.02,0.09,0.25,processtable,1,0,NORMAL,0,0
284,tcp,ftp,SF,156,597,0,0,0,2,0,1,0,0,0,0,0,0,0,0,0,1,1,1,0.0,0.0,0.0,0.0,1.0,0.0,0.0,255,18,0.07,0.93,0.0,0.0,0.0,0.0,0.92,0.0,warezmaster,1,0,NORMAL,0,0
49,tcp,ftp,SF,158,504,0,0,0,2,0,1,0,0,0,0,0,0,0,0,0,0,1,1,0.0,0.0,0.0,0.0,1.0,0.0,0.0,199,2,0.01,0.04,0.01,0.0,0.0,0.0,0.0,0.0,rootkit,1,0,NORMAL,0,0
7394,tcp,telnet,SF,0,44,0,0,0,0,0,0,0,0,0,0,0,0,0,0,0,0,1,1,0.0,0.0,0.0,0.0,1.0,0.0,0.0,255,215,0.84,0.02,0.0,0.0,0.27,0.32,0.01,0.0,processtable,1,0,NORMAL,0,0
0,udp,private,SF,42,0,0,0,0,0,0,0,0,0,0,0,0,0,0,0,0,0,3,3,0.0,0.0,0.0,0.0,1.0,0.0,0.0,255,255,1.0,0.0,0.01,0.0,0.0,0.0,0.0,0.0,snmpguess,1,0,NORMAL,0,0
4,tcp,pop_3,SF,32,93,0,0,0,0,0,1,0,0,0,0,0,0,0,0,0,0,1,1,0.0,0.0,0.0,0.0,1.0,0.0,0.0,172,154,0.89,0.02,0.01,0.01,0.0,0.0,0.06,0.0,guess_passwd,1,0,NORMAL,0,0
283,tcp,ftp,SF,159,597,0,0,0,2,0,1,0,0,0,0,0,0,0,0,0,1,1,1,0.0,0.0,0.0,0.0,1.0,0.0,0.0,255,55,0.22,0.02,0.0,0.0,0.0,0.0,0.59,0.0,warezmaster,1,0,NORMAL,0,0
1,tcp,smtp,SF,2599,293,0,0,0,0,0,1,0,0,0,0,0,0,0,0,0,0,3,2,0.0,0.0,0.33,0.0,0.67,0.67,0.0,255,243,0.95,0.05,0.0,0.0,0.0,0.0,0.04,0.0,mailbomb,1,0,NORMAL,0,0
4,tcp,pop_3,SF,31,93,0,0,0,0,0,1,0,0,0,0,0,0,0,0,0,0,1,1,0.0,0.0,0.0,0.0,1.0,0.0,0.0,255,210,0.82,0.02,0.0,0.0,0.0,0.0,0.07,0.0,guess_passwd,1,0,NORMAL,0,0
0,tcp,telnet,SF,126,174,0,0,0,0,1,0,0,0,0,0,0,0,0,0,0,0,1,1,0.0,0.0,0.0,0.0,1.0,0.0,0.0,255,66,0.26,0.02,0.0,0.0,0.0,0.0,0.01,0.05,guess_passwd,1,0,NORMAL,0,0
0,tcp,telnet,REJ,0,0,0,0,0,0,0,0,0,0,0,0,0,0,0,0,0,0,1,6,0.0,0.17,1.0,0.5,1.0,0.0,0.67,96,89,0.33,0.05,0.01,0.02,0.0,0.11,0.89,0.58,mscan,1,0,NORMAL,0,0
284,tcp,ftp,SF,158,595,0,0,0,2,0,1,0,0,0,0,0,0,0,0,0,1,1,1,0.0,0.0,0.0,0.0,1.0,0.0,0.0,255,52,0.2,0.03,0.0,0.0,0.15,0.0,0.02,0.0,warezmaster,1,0,NORMAL,0,0
283,tcp,ftp,SF,156,593,0,0,0,2,0,1,0,0,0,0,0,0,0,0,0,1,1,1,0.0,0.0,0.0,0.0,1.0,0.0,0.0,255,17,0.07,0.94,0.0,0.0,0.0,0.0,0.93,0.0,warezmaster,1,0,NORMAL,0,0
282,tcp,ftp,SF,162,597,0,0,0,2,0,1,0,0,0,0,0,0,0,0,0,1,1,1,0.0,0.0,0.0,0.0,1.0,0.0,0.0,255,115,0.45,0.03,0.0,0.0,0.0,0.0,0.0,0.0,warezmaster,1,0,NORMAL,0,0
0,udp,private,SF,105,146,0,0,0,0,0,0,0,0,0,0,0,0,0,0,0,0,1,1,0.0,0.0,0.0,0.0,1.0,0.0,0.0,57,57,1.0,0.0,0.02,0.0,0.0,0.0,0.0,0.0,snmpgetattack,1,0,NORMAL,0,0
7342,tcp,telnet,SF,0,44,0,0,0,0,0,0,0,0,0,0,0,0,0,0,0,0,1,1,0.0,0.0,0.0,0.0,1.0,0.0,0.0,255,221,0.87,0.14,0.0,0.0,0.5,0.57,0.14,0.01,processtable,1,0,NORMAL,0,0
4,tcp,pop_3,SF,32,93,0,0,0,0,0,1,0,0,0,0,0,0,0,0,0,0,1,1,0.0,0.0,0.0,0.0,1.0,0.0,0.0,162,144,0.88,0.02,0.01,0.01,0.0,0.0,0.06,0.0,guess_passwd,1,0,NORMAL,0,0
0,tcp,other,RSTR,0,0,0,0,0,0,0,0,0,0,0,0,0,0,0,0,0,0,1,1,0.0,0.0,1.0,1.0,1.0,0.0,0.0,255,1,0.0,0.54,0.53,0.0,0.0,0.0,0.53,1.0,normal,0,1,ATTACK,1,0
3,tcp,private,RSTOS0,0,0,0,0,0,0,0,0,0,0,0,0,0,0,0,0,0,0,173,2,0.0,0.0,1.0,1.0,0.01,0.54,0.0,181,2,0.01,0.51,0.96,0.0,0.0,0.0,0.96,1.0,normal,0,1,ATTACK,1,0
0,tcp,ftp_data,SF,10946,0,0,0,0,0,0,0,0,0,0,0,0,0,0,0,0,0,1,2,0.0,0.0,0.0,0.0,1.0,0.0,1.0,3,1,0.33,0.67,0.33,0.0,0.0,0.0,0.0,0.0,xterm,1,0,NORMAL,0,0
0,tcp,telnet,S3,0,44,0,0,0,0,0,0,0,0,0,0,0,0,0,0,0,0,1,1,1.0,1.0,0.0,0.0,1.0,0.0,0.0,255,134,0.53,0.03,0.0,0.0,0.23,0.43,0.11,0.1,processtable,1,0,NORMAL,0,0
6,tcp,pop_3,SF,26,93,0,0,0,0,0,1,0,0,0,0,0,0,0,0,0,0,1,1,0.0,0.0,0.0,0.0,1.0,0.0,0.0,14,15,1.0,0.0,0.07,0.13,0.0,0.0,0.0,0.0,guess_passwd,1,0,NORMAL,0,0
4,tcp,pop_3,SF,26,93,0,0,0,0,0,1,0,0,0,0,0,0,0,0,0,0,1,1,0.0,0.0,0.0,0.0,1.0,0.0,0.0,177,159,0.89,0.02,0.01,0.01,0.0,0.0,0.06,0.0,guess_passwd,1,0,NORMAL,0,0
281,tcp,ftp,SF,156,591,0,0,0,2,0,1,0,0,0,0,0,0,0,0,0,1,1,1,0.0,0.0,0.0,0.0,1.0,0.0,0.0,4,3,0.75,0.5,0.25,0.0,0.0,0.0,0.0,0.0,warezmaster,1,0,NORMAL,0,0
0,udp,private,SF,105,146,0,0,0,0,0,0,0,0,0,0,0,0,0,0,0,0,1,1,0.0,0.0,0.0,0.0,1.0,0.0,0.0,255,255,1.0,0.0,0.01,0.0,0.0,0.0,0.0,0.0,snmpgetattack,1,0,NORMAL,0,0
0,tcp,telnet,S3,0,44,0,0,0,0,0,0,0,0,0,0,0,0,0,0,0,0,1,1,1.0,1.0,0.0,0.0,1.0,0.0,0.0,255,84,0.33,0.6,0.0,0.0,0.23,0.7,0.58,0.0,processtable,1,0,NORMAL,0,0
7328,tcp,telnet,SF,0,44,0,0,0,0,0,0,0,0,0,0,0,0,0,0,0,0,1,1,0.0,0.0,0.0,0.0,1.0,0.0,0.0,255,236,0.93,0.02,0.0,0.0,0.33,0.36,0.09,0.04,processtable,1,0,NORMAL,0,0
0,udp,private,SF,105,146,0,0,0,0,0,0,0,0,0,0,0,0,0,0,0,0,2,1,0.0,0.0,0.0,0.0,0.5,1.0,0.0,255,253,0.99,0.01,0.0,0.0,0.0,0.0,0.0,0.0,snmpgetattack,1,0,NORMAL,0,0
0,udp,private,SF,43,43,0,0,0,0,0,0,0,0,0,0,0,0,0,0,0,0,3,3,0.0,0.0,0.0,0.0,1.0,0.0,0.0,255,253,0.99,0.01,0.01,0.0,0.0,0.0,0.0,0.0,snmpguess,1,0,NORMAL,0,0
5,tcp,pop_3,SF,32,93,0,0,0,0,0,1,0,0,0,0,0,0,0,0,0,0,1,1,0.0,0.0,0.0,0.0,1.0,0.0,0.0,255,240,0.94,0.02,0.0,0.0,0.0,0.0,0.02,0.0,guess_passwd,1,0,NORMAL,0,0
0,udp,private,SF,46,0,0,0,0,0,0,0,0,0,0,0,0,0,0,0,0,0,5,5,0.0,0.0,0.0,0.0,1.0,0.0,0.0,255,254,1.0,0.01,0.02,0.0,0.0,0.0,0.0,0.0,snmpguess,1,0,NORMAL,0,0
0,udp,private,SF,1,0,0,0,0,0,0,0,0,0,0,0,0,0,0,0,0,0,84,11,0.0,0.0,0.0,0.0,0.13,0.46,0.0,255,17,0.07,0.59,0.91,0.0,0.0,0.0,0.09,0.0,normal,0,1,ATTACK,1,0
282,tcp,ftp,SF,162,599,0,0,0,2,0,1,0,0,0,0,0,0,0,0,0,1,1,1,0.0,0.0,0.0,0.0,1.0,0.0,0.0,255,33,0.13,0.03,0.0,0.0,0.38,0.0,0.02,0.0,warezmaster,1,0,NORMAL,0,0
60,tcp,telnet,S3,120,188,0,0,0,0,1,0,0,0,0,0,0,0,0,0,0,0,1,1,1.0,1.0,0.0,0.0,1.0,0.0,0.0,255,254,1.0,0.01,0.0,0.0,0.02,0.02,0.02,0.02,guess_passwd,1,0,NORMAL,0,0
282,tcp,ftp,SF,162,597,0,0,0,2,0,1,0,0,0,0,0,0,0,0,0,1,1,1,0.0,0.0,0.0,0.0,1.0,0.0,0.0,255,93,0.36,0.03,0.0,0.0,0.02,0.0,0.01,0.0,warezmaster,1,0,NORMAL,0,0
0,tcp,other,REJ,0,0,0,0,0,0,0,0,0,0,0,0,0,0,0,0,0,0,1,1,0.0,0.0,1.0,1.0,1.0,0.0,0.0,255,39,0.15,0.02,0.0,0.0,0.0,0.0,0.13,0.82,httptunnel,1,0,NORMAL,0,0
288,tcp,ftp,SF,156,595,0,0,0,2,0,1,0,0,0,0,0,0,0,0,0,1,1,1,0.0,0.0,0.0,0.0,1.0,0.0,0.0,255,18,0.07,0.93,0.0,0.0,0.0,0.06,0.92,0.0,warezmaster,1,0,NORMAL,0,0
0,tcp,ftp_data,SF,12,0,0,0,0,0,0,0,0,0,0,0,0,0,0,0,0,0,2,2,0.0,0.0,0.0,0.0,1.0,0.0,0.0,6,6,1.0,0.0,1.0,0.0,0.0,0.0,0.0,0.0,warezmaster,1,0,NORMAL,0,0
0,tcp,ftp,SF,26,157,0,0,0,0,1,0,0,0,0,0,0,0,0,0,0,1,1,1,0.0,0.0,0.0,0.0,1.0,0.0,0.0,214,104,0.49,0.03,0.0,0.0,0.0,0.0,0.0,0.0,guess_passwd,1,0,NORMAL,0,0
0,tcp,http,S0,0,0,0,0,0,0,0,0,0,0,0,0,0,0,0,0,0,0,71,71,1.0,1.0,0.0,0.0,1.0,0.0,0.0,255,255,1.0,0.0,0.0,0.0,0.35,0.35,0.64,0.64,apache2,1,0,NORMAL,0,0
0,tcp,imap4,RSTO,0,44,0,0,0,0,0,0,0,0,0,0,0,0,0,0,0,0,2,2,0.0,0.0,0.5,1.0,0.5,1.0,1.0,255,47,0.18,0.02,0.0,0.0,0.0,0.0,0.66,0.98,mscan,1,0,NORMAL,0,0
4,tcp,pop_3,SF,27,93,0,0,0,0,0,1,0,0,0,0,0,0,0,0,0,0,1,1,0.0,0.0,0.0,0.0,1.0,0.0,0.0,255,227,0.89,0.02,0.0,0.0,0.0,0.0,0.02,0.0,guess_passwd,1,0,NORMAL,0,0
4,tcp,pop_3,SF,28,93,0,0,0,0,0,1,0,0,0,0,0,0,0,0,0,0,1,1,0.0,0.0,0.0,0.0,1.0,0.0,0.0,128,113,0.88,0.02,0.01,0.02,0.0,0.0,0.08,0.0,guess_passwd,1,0,NORMAL,0,0
0,tcp,telnet,S3,0,44,0,0,0,0,0,0,0,0,0,0,0,0,0,0,0,0,1,1,1.0,1.0,0.0,0.0,1.0,0.0,0.0,255,57,0.22,0.69,0.0,0.0,0.13,0.56,0.67,0.0,processtable,1,0,NORMAL,0,0
0,tcp,telnet,RSTO,0,12,0,0,0,0,0,0,0,0,0,0,0,0,0,0,0,0,1,10,0.0,0.2,1.0,0.7,1.0,0.0,0.9,255,31,0.12,0.02,0.0,0.0,0.0,0.0,0.18,0.52,mscan,1,0,NORMAL,0,0
0,udp,private,SF,47,0,0,0,0,0,0,0,0,0,0,0,0,0,0,0,0,0,2,2,0.0,0.0,0.0,0.0,1.0,0.0,0.0,255,254,1.0,0.01,0.0,0.0,0.0,0.0,0.0,0.0,snmpguess,1,0,NORMAL,0,0
5,tcp,pop_3,SF,32,93,0,0,0,0,0,1,0,0,0,0,0,0,0,0,0,0,1,1,0.0,0.0,0.0,0.0,1.0,0.0,0.0,3,6,1.0,0.0,0.33,0.5,0.0,0.0,0.0,0.0,guess_passwd,1,0,NORMAL,0,0
7642,tcp,telnet,SF,0,44,0,0,0,0,0,0,0,0,0,0,0,0,0,0,0,0,1,1,0.0,0.0,0.0,0.0,1.0,0.0,0.0,255,165,0.65,0.03,0.0,0.0,0.33,0.51,0.11,0.08,processtable,1,0,NORMAL,0,0
4,tcp,pop_3,SF,28,93,0,0,0,0,0,1,0,0,0,0,0,0,0,0,0,0,1,1,0.0,0.0,0.0,0.0,1.0,0.0,0.0,133,117,0.87,0.02,0.01,0.02,0.0,0.0,0.08,0.0,guess_passwd,1,0,NORMAL,0,0
0,tcp,ftp_data,SF,12,0,0,0,0,0,0,0,0,0,0,0,0,0,0,0,0,0,2,2,0.0,0.0,0.0,0.0,1.0,0.0,0.0,4,12,1.0,0.0,1.0,0.25,0.0,0.0,0.0,0.0,warezmaster,1,0,NORMAL,0,0
282,tcp,ftp,SF,157,593,0,0,0,2,0,1,0,0,0,0,0,0,0,0,0,1,1,1,0.0,0.0,0.0,0.0,1.0,0.0,0.0,255,94,0.37,0.03,0.0,0.0,0.0,0.0,0.0,0.0,warezmaster,1,0,NORMAL,0,0
0,tcp,http,S0,0,0,0,0,0,0,0,0,0,0,0,0,0,0,0,0,0,0,13,13,1.0,1.0,0.0,0.0,1.0,0.0,0.0,255,245,0.96,0.01,0.0,0.0,0.18,0.18,0.56,0.59,apache2,1,0,NORMAL,0,0
4,tcp,pop_3,SF,31,93,0,0,0,0,0,1,0,0,0,0,0,0,0,0,0,0,1,1,0.0,0.0,0.0,0.0,1.0,0.0,0.0,255,201,0.79,0.02,0.0,0.0,0.0,0.0,0.07,0.0,guess_passwd,1,0,NORMAL,0,0
0,udp,private,SF,1,0,0,0,0,0,0,0,0,0,0,0,0,0,0,0,0,0,149,69,0.0,0.0,0.0,0.0,0.46,0.28,0.0,255,74,0.29,0.51,1.0,0.0,0.0,0.0,0.0,0.0,normal,0,1,ATTACK,1,0
5,tcp,pop_3,SF,28,93,0,0,0,0,0,1,0,0,0,0,0,0,0,0,0,0,1,1,0.0,0.0,0.0,0.0,1.0,0.0,0.0,255,254,1.0,0.01,0.0,0.0,0.0,0.0,0.0,0.0,guess_passwd,1,0,NORMAL,0,0
62,tcp,telnet,SF,2615,4233,0,0,0,5,0,1,2,1,0,0,0,0,0,0,0,0,1,1,0.0,0.0,0.0,0.0,1.0,0.0,0.0,255,1,0.0,0.07,0.0,0.0,1.0,0.0,0.0,0.0,buffer_overflow,1,0,NORMAL,0,0
4,tcp,pop_3,SF,28,93,0,0,0,0,0,1,0,0,0,0,0,0,0,0,0,0,1,1,0.0,0.0,0.0,0.0,1.0,0.0,0.0,255,250,0.98,0.01,0.0,0.0,0.0,0.0,0.02,0.0,guess_passwd,1,0,NORMAL,0,0
0,udp,private,SF,105,147,0,0,0,0,0,0,0,0,0,0,0,0,0,0,0,0,1,1,0.0,0.0,0.0,0.0,1.0,0.0,0.0,255,253,0.99,0.01,0.01,0.0,0.0,0.0,0.0,0.0,snmpgetattack,1,0,NORMAL,0,0
0,udp,private,SF,52,52,0,0,0,0,0,0,0,0,0,0,0,0,0,0,0,0,2,2,0.0,0.0,0.0,0.0,1.0,0.0,0.0,255,255,1.0,0.0,0.01,0.0,0.0,0.0,0.0,0.0,snmpguess,1,0,NORMAL,0,0
7292,tcp,telnet,SF,0,44,0,0,0,0,0,0,0,0,0,0,0,0,0,0,0,0,1,1,0.0,0.0,0.0,0.0,1.0,0.0,0.0,255,242,0.95,0.02,0.0,0.0,0.33,0.35,0.07,0.03,processtable,1,0,NORMAL,0,0
7775,tcp,telnet,SF,0,44,0,0,0,0,0,0,0,0,0,0,0,0,0,0,0,0,1,1,0.0,0.0,0.0,0.0,1.0,0.0,0.0,255,115,0.45,0.49,0.0,0.0,0.35,0.77,0.47,0.0,processtable,1,0,NORMAL,0,0
0,tcp,ftp_data,SF,12,0,0,0,0,0,0,0,0,0,0,0,0,0,0,0,0,0,1,1,0.0,0.0,0.0,0.0,1.0,0.0,0.0,7,11,1.0,0.0,1.0,0.18,0.0,0.0,0.0,0.0,warezmaster,1,0,NORMAL,0,0
4,tcp,pop_3,SF,28,93,0,0,0,0,0,1,0,0,0,0,0,0,0,0,0,0,1,1,0.0,0.0,0.0,0.0,1.0,0.0,0.0,255,229,0.9,0.02,0.0,0.0,0.0,0.0,0.07,0.0,guess_passwd,1,0,NORMAL,0,0
4,tcp,pop_3,SF,32,93,0,0,0,0,0,1,0,0,0,0,0,0,0,0,0,0,1,1,0.0,0.0,0.0,0.0,1.0,0.0,0.0,255,246,0.96,0.02,0.0,0.0,0.0,0.0,0.02,0.0,guess_passwd,1,0,NORMAL,0,0
0,tcp,telnet,S3,0,44,0,0,0,0,0,0,0,0,0,0,0,0,0,0,0,0,1,1,1.0,1.0,0.0,0.0,1.0,0.0,0.0,255,95,0.37,0.03,0.0,0.0,0.06,0.17,0.11,0.14,processtable,1,0,NORMAL,0,0
1,tcp,smtp,SF,2599,293,0,0,0,0,0,1,0,0,0,0,0,0,0,0,0,0,3,2,0.0,0.0,0.33,0.0,0.67,0.67,0.0,255,246,0.96,0.04,0.0,0.0,0.0,0.0,0.04,0.0,mailbomb,1,0,NORMAL,0,0
0,tcp,telnet,SF,126,174,0,0,0,0,1,0,0,0,0,0,0,0,0,0,0,0,1,1,0.0,0.0,0.0,0.0,1.0,0.0,0.0,255,71,0.28,0.02,0.0,0.0,0.0,0.0,0.01,0.04,guess_passwd,1,0,NORMAL,0,0
1,tcp,smtp,SF,2599,293,0,0,0,0,0,1,0,0,0,0,0,0,0,0,0,0,3,3,0.0,0.0,0.0,0.0,1.0,0.0,0.0,255,218,0.85,0.13,0.0,0.0,0.0,0.0,0.13,0.0,mailbomb,1,0,NORMAL,0,0
0,udp,private,SF,45,45,0,0,0,0,0,0,0,0,0,0,0,0,0,0,0,0,2,2,0.0,0.0,0.0,0.0,1.0,0.0,0.0,255,255,1.0,0.0,0.01,0.0,0.0,0.0,0.0,0.0,snmpguess,1,0,NORMAL,0,0
0,tcp,pop_3,REJ,0,0,0,0,0,0,0,0,0,0,0,0,0,0,0,0,0,0,1,3,0.0,0.0,1.0,1.0,1.0,0.0,1.0,198,65,0.25,0.02,0.01,0.03,0.0,0.0,0.85,1.0,mscan,1,0,NORMAL,0,0
4,tcp,pop_3,SF,30,93,0,0,0,0,0,1,0,0,0,0,0,0,0,0,0,0,2,1,0.0,0.0,0.0,0.0,0.5,1.0,0.0,255,250,0.98,0.01,0.0,0.0,0.0,0.0,0.0,0.0,guess_passwd,1,0,NORMAL,0,0
0,tcp,telnet,REJ,0,0,0,0,0,0,0,0,0,0,0,0,0,0,0,0,0,0,1,23,0.0,0.26,1.0,0.52,1.0,0.0,0.78,8,84,0.38,0.62,0.12,0.04,0.0,0.0,0.62,0.68,mscan,1,0,NORMAL,0,0
1,tcp,telnet,RSTO,123,177,0,0,0,0,1,0,0,0,0,0,0,0,0,0,0,0,1,1,0.0,0.0,1.0,1.0,1.0,0.0,0.0,255,4,0.02,0.35,0.0,0.0,0.0,0.0,0.65,0.5,guess_passwd,1,0,NORMAL,0,0
1,tcp,smtp,SF,2599,293,0,0,0,0,0,1,0,0,0,0,0,0,0,0,0,0,3,2,0.0,0.0,0.33,0.0,0.67,0.67,0.0,255,58,0.23,0.15,0.0,0.0,0.0,0.0,0.76,0.0,mailbomb,1,0,NORMAL,0,0
1,tcp,telnet,RSTO,0,15,0,0,0,0,0,0,0,0,0,0,0,0,0,0,0,0,1,2,0.0,0.0,1.0,1.0,1.0,0.0,1.0,139,86,0.34,0.04,0.01,0.02,0.0,0.0,0.89,0.71,mscan,1,0,NORMAL,0,0
0,tcp,other,REJ,0,0,0,0,0,0,0,0,0,0,0,0,0,0,0,0,0,0,1,1,0.0,0.0,1.0,1.0,1.0,0.0,0.0,255,17,0.07,0.01,0.0,0.0,0.0,0.0,0.04,0.65,httptunnel,1,0,NORMAL,0,0
282,tcp,ftp,SF,162,597,0,0,0,2,0,1,0,0,0,0,0,0,0,0,0,1,1,1,0.0,0.0,0.0,0.0,1.0,0.0,0.0,3,2,0.67,0.67,0.33,0.0,0.0,0.0,0.0,0.0,warezmaster,1,0,NORMAL,0,0
0,tcp,telnet,SF,120,188,0,0,0,0,1,0,0,0,0,0,0,0,0,0,0,0,2,2,0.0,0.0,0.0,0.0,1.0,0.0,0.0,255,93,0.36,0.02,0.0,0.0,0.0,0.0,0.01,0.03,guess_passwd,1,0,NORMAL,0,0
0,tcp,other,REJ,0,0,0,0,0,0,0,0,0,0,0,0,0,0,0,0,0,0,1,1,0.0,0.0,1.0,1.0,1.0,0.0,0.0,86,8,0.09,0.03,0.01,0.0,0.0,0.0,0.09,1.0,httptunnel,1,0,NORMAL,0,0
0,tcp,telnet,S3,0,44,0,0,0,0,0,0,0,0,0,0,0,0,0,0,0,0,1,1,1.0,1.0,0.0,0.0,1.0,0.0,0.0,255,138,0.54,0.02,0.0,0.0,0.53,0.46,0.01,0.01,processtable,1,0,NORMAL,0,0
0,udp,private,SF,42,42,0,0,0,0,0,0,0,0,0,0,0,0,0,0,0,0,3,3,0.0,0.0,0.0,0.0,1.0,0.0,0.0,255,254,1.0,0.01,0.01,0.0,0.0,0.0,0.0,0.0,snmpguess,1,0,NORMAL,0,0
0,tcp,http,REJ,0,0,0,0,0,0,0,0,0,0,0,0,0,0,0,0,0,0,1,1,0.0,0.0,1.0,1.0,1.0,0.0,0.0,17,17,1.0,0.0,0.06,0.0,0.0,0.0,0.06,0.06,phf,1,0,NORMAL,0,0
0,tcp,ftp_data,SF,12,0,0,0,0,0,0,0,0,0,0,0,0,0,0,0,0,0,1,1,0.0,0.0,0.0,0.0,1.0,0.0,0.0,13,13,1.0,0.0,1.0,0.0,0.0,0.0,0.0,0.0,warezmaster,1,0,NORMAL,0,0
0,tcp,ftp_data,SF,12,0,0,0,0,0,0,0,0,0,0,0,0,0,0,0,0,0,1,1,0.0,0.0,0.0,0.0,1.0,0.0,0.0,7,9,1.0,0.0,1.0,0.22,0.0,0.0,0.0,0.0,warezmaster,1,0,NORMAL,0,0
1,tcp,smtp,SF,2599,293,0,0,0,0,0,1,0,0,0,0,0,0,0,0,0,0,2,3,0.0,0.0,0.0,0.0,1.0,0.0,0.67,255,246,0.96,0.04,0.0,0.0,0.0,0.0,0.03,0.0,mailbomb,1,0,NORMAL,0,0
0,tcp,telnet,SF,121,174,0,0,0,0,1,0,0,0,0,0,0,0,0,0,0,0,2,2,0.0,0.0,0.0,0.0,1.0,0.0,0.0,255,248,0.97,0.01,0.0,0.0,0.0,0.0,0.02,0.02,guess_passwd,1,0,NORMAL,0,0
5,tcp,pop_3,SF,32,93,0,0,0,0,0,1,0,0,0,0,0,0,0,0,0,0,1,1,0.0,0.0,0.0,0.0,1.0,0.0,0.0,255,228,0.89,0.02,0.0,0.0,0.0,0.0,0.07,0.0,guess_passwd,1,0,NORMAL,0,0
5,tcp,pop_3,SF,30,93,0,0,0,0,0,1,0,0,0,0,0,0,0,0,0,0,1,1,0.0,0.0,0.0,0.0,1.0,0.0,0.0,255,246,0.96,0.01,0.0,0.0,0.0,0.0,0.0,0.0,guess_passwd,1,0,NORMAL,0,0
3,tcp,link,RSTR,0,0,0,0,0,0,0,0,0,0,0,0,0,0,0,0,0,0,153,2,0.0,0.0,1.0,1.0,0.01,0.54,0.0,160,2,0.01,0.52,0.96,0.0,0.0,0.0,0.96,1.0,normal,0,1,ATTACK,1,1
0,tcp,telnet,S3,0,44,0,0,0,0,0,0,0,0,0,0,0,0,0,0,0,0,1,1,1.0,1.0,0.0,0.0,1.0,0.0,0.0,255,147,0.58,0.39,0.0,0.0,0.47,0.81,0.38,0.01,processtable,1,0,NORMAL,0,0
0,tcp,telnet,SF,123,174,0,0,0,0,1,0,0,0,0,0,0,0,0,0,0,0,1,1,0.0,0.0,0.0,0.0,1.0,0.0,0.0,255,145,0.57,0.02,0.0,0.0,0.0,0.0,0.02,0.03,guess_passwd,1,0,NORMAL,0,0
0,udp,private,SF,105,147,0,0,0,0,0,0,0,0,0,0,0,0,0,0,0,0,2,1,0.0,0.0,0.0,0.0,0.5,1.0,0.0,255,252,0.99,0.01,0.01,0.0,0.0,0.0,0.0,0.0,snmpgetattack,1,0,NORMAL,0,0
281,tcp,ftp,SF,160,599,0,0,0,2,0,1,0,0,0,0,0,0,0,0,0,1,1,1,0.0,0.0,0.0,0.0,1.0,0.0,0.0,58,31,0.53,0.05,0.02,0.0,0.0,0.0,0.0,0.0,warezmaster,1,0,NORMAL,0,0
0,udp,private,SF,105,146,0,0,0,0,0,0,0,0,0,0,0,0,0,0,0,0,1,1,0.0,0.0,0.0,0.0,1.0,0.0,0.0,255,254,1.0,0.01,0.0,0.0,0.0,0.0,0.0,0.0,snmpgetattack,1,0,NORMAL,0,0
282,tcp,ftp,SF,160,597,0,0,0,2,0,1,0,0,0,0,0,0,0,0,0,1,1,1,0.0,0.0,0.0,0.0,1.0,0.0,0.0,255,54,0.21,0.03,0.0,0.0,0.15,0.0,0.02,0.0,warezmaster,1,0,NORMAL,0,0
7618,tcp,telnet,SF,0,44,0,0,0,0,0,0,0,0,0,0,0,0,0,0,0,0,1,1,0.0,0.0,0.0,0.0,1.0,0.0,0.0,255,172,0.67,0.02,0.0,0.0,0.47,0.45,0.01,0.01,processtable,1,0,NORMAL,0,0
282,tcp,ftp,SF,162,599,0,0,0,2,0,1,0,0,0,0,0,0,0,0,0,1,1,1,0.0,0.0,0.0,0.0,1.0,0.0,0.0,255,18,0.07,0.93,0.0,0.0,0.0,0.0,0.93,0.0,warezmaster,1,0,NORMAL,0,0
0,tcp,other,REJ,0,0,0,0,0,0,0,0,0,0,0,0,0,0,0,0,0,0,1,1,0.0,0.0,1.0,1.0,1.0,0.0,0.0,255,44,0.17,0.02,0.0,0.0,0.0,0.0,0.15,0.82,httptunnel,1,0,NORMAL,0,0
282,tcp,ftp,SF,158,597,0,0,0,2,0,1,0,0,0,0,0,0,0,0,0,1,1,1,0.0,0.0,0.0,0.0,1.0,0.0,0.0,255,37,0.15,0.03,0.0,0.0,0.33,0.0,0.02,0.0,warezmaster,1,0,NORMAL,0,0
282,tcp,ftp,SF,160,595,0,0,0,2,0,1,0,0,0,0,0,0,0,0,0,1,1,1,0.0,0.0,0.0,0.0,1.0,0.0,0.0,242,85,0.35,0.03,0.0,0.0,0.0,0.0,0.0,0.0,warezmaster,1,0,NORMAL,0,0
0,tcp,telnet,S3,0,44,0,0,0,0,0,0,0,0,0,0,0,0,0,0,0,0,1,1,1.0,1.0,0.0,0.0,1.0,0.0,0.0,255,133,0.52,0.03,0.0,0.0,0.22,0.43,0.11,0.1,processtable,1,0,NORMAL,0,0
1,tcp,smtp,SF,2599,293,0,0,0,0,0,1,0,0,0,0,0,0,0,0,0,0,2,2,0.0,0.0,0.0,0.0,1.0,0.0,0.0,255,86,0.34,0.14,0.0,0.0,0.0,0.0,0.65,0.0,mailbomb,1,0,NORMAL,0,0
0,udp,private,SF,43,0,0,0,0,0,0,0,0,0,0,0,0,0,0,0,0,0,6,6,0.0,0.0,0.0,0.0,1.0,0.0,0.0,255,253,0.99,0.01,0.0,0.0,0.0,0.0,0.0,0.0,snmpguess,1,0,NORMAL,0,0
789,tcp,http,RSTR,2484,1,0,0,0,0,0,1,0,0,0,0,0,0,0,0,0,0,28,28,0.0,0.0,1.0,1.0,1.0,0.0,0.0,255,253,0.99,0.01,0.0,0.0,0.0,0.0,0.15,0.15,apache2,1,0,NORMAL,0,0
933,tcp,http,RSTR,8324,0,0,0,0,0,0,1,0,0,0,0,0,0,0,0,0,0,69,69,0.01,0.01,0.97,0.97,1.0,0.0,0.0,255,255,1.0,0.0,0.0,0.0,0.0,0.0,0.26,0.26,apache2,1,0,NORMAL,0,0
0,udp,private,SF,48,48,0,0,0,0,0,0,0,0,0,0,0,0,0,0,0,0,3,3,0.0,0.0,0.0,0.0,1.0,0.0,0.0,255,254,1.0,0.01,0.01,0.0,0.0,0.0,0.0,0.0,snmpguess,1,0,NORMAL,0,0
60,tcp,telnet,S3,122,188,0,0,0,0,1,0,0,0,0,0,0,0,0,0,0,0,1,1,1.0,1.0,0.0,0.0,1.0,0.0,0.0,255,255,1.0,0.0,0.0,0.0,0.01,0.01,0.02,0.02,guess_passwd,1,0,NORMAL,0,0
0,udp,private,SF,43,43,0,0,0,0,0,0,0,0,0,0,0,0,0,0,0,0,2,2,0.0,0.0,0.0,0.0,1.0,0.0,0.0,255,254,1.0,0.01,0.01,0.0,0.0,0.0,0.0,0.0,snmpguess,1,0,NORMAL,0,0
0,udp,private,SF,1,74,0,0,0,0,0,0,0,0,0,0,0,0,0,0,0,0,43,11,0.0,0.0,0.0,0.0,0.26,0.23,0.0,255,11,0.04,0.75,0.31,0.0,0.0,0.0,0.69,0.0,normal,0,1,ATTACK,1,0
0,tcp,telnet,REJ,0,0,0,0,0,0,0,0,0,0,0,0,0,0,0,0,0,0,1,15,0.0,0.07,1.0,0.8,1.0,0.0,0.93,232,11,0.02,0.03,0.0,0.18,0.0,0.0,0.04,0.64,mscan,1,0,NORMAL,0,0
0,tcp,other,REJ,0,0,0,0,0,0,0,0,0,0,0,0,0,0,0,0,0,0,1,1,0.0,0.0,1.0,1.0,1.0,0.0,0.0,255,30,0.12,0.02,0.0,0.0,0.0,0.0,0.1,0.73,httptunnel,1,0,NORMAL,0,0
0,tcp,http,S0,0,0,0,0,0,0,0,0,0,0,0,0,0,0,0,0,0,0,14,14,1.0,1.0,0.0,0.0,1.0,0.0,0.0,255,245,0.96,0.01,0.0,0.0,0.16,0.17,0.56,0.59,apache2,1,0,NORMAL,0,0
1,tcp,smtp,SF,2599,293,0,0,0,0,0,1,0,0,0,0,0,0,0,0,0,0,3,3,0.0,0.0,0.0,0.0,1.0,0.0,0.0,255,80,0.31,0.14,0.0,0.0,0.0,0.0,0.67,0.0,mailbomb,1,0,NORMAL,0,0
0,udp,private,SF,105,146,0,0,0,0,0,0,0,0,0,0,0,0,0,0,0,0,2,2,0.0,0.0,0.0,0.0,1.0,0.0,0.0,255,253,0.99,0.01,0.0,0.0,0.0,0.0,0.0,0.0,snmpgetattack,1,0,NORMAL,0,0
282,tcp,ftp,SF,162,597,0,0,0,2,0,1,0,0,0,0,0,0,0,0,0,1,1,1,0.0,0.0,0.0,0.0,1.0,0.0,0.0,251,93,0.37,0.03,0.0,0.0,0.0,0.0,0.0,0.0,warezmaster,1,0,NORMAL,0,0
3,tcp,pop_3,SF,31,93,0,0,0,0,0,1,0,0,0,0,0,0,0,0,0,0,1,1,0.0,0.0,0.0,0.0,1.0,0.0,0.0,255,236,0.93,0.01,0.0,0.0,0.0,0.0,0.04,0.0,guess_passwd,1,0,NORMAL,0,0
7232,tcp,telnet,SF,0,44,0,0,0,0,0,0,0,0,0,0,0,0,0,0,0,0,1,1,0.0,0.0,0.0,0.0,1.0,0.0,0.0,255,248,0.97,0.02,0.0,0.0,0.33,0.34,0.04,0.02,processtable,1,0,NORMAL,0,0
1,tcp,telnet,SF,24,613,0,0,0,0,0,0,0,0,0,0,0,0,0,0,0,0,1,2,0.0,0.5,0.0,0.0,1.0,0.0,1.0,255,56,0.22,0.02,0.0,0.0,0.0,0.02,0.59,0.71,mscan,1,0,NORMAL,0,0
0,tcp,telnet,REJ,0,0,0,0,0,0,0,0,0,0,0,0,0,0,0,0,0,0,1,8,0.0,0.0,1.0,0.88,1.0,0.0,0.88,217,85,0.33,0.02,0.0,0.02,0.0,0.0,0.88,0.68,mscan,1,0,NORMAL,0,0
284,tcp,ftp,SF,162,597,0,0,0,2,0,1,0,0,0,0,0,0,0,0,0,1,1,1,0.0,0.0,0.0,0.0,1.0,0.0,0.0,5,3,0.6,0.4,0.2,0.0,0.0,0.0,0.0,0.0,warezmaster,1,0,NORMAL,0,0
1,tcp,smtp,SF,2599,293,0,0,0,0,0,1,0,0,0,0,0,0,0,0,0,0,3,3,0.0,0.0,0.0,0.0,1.0,0.0,0.0,255,247,0.97,0.04,0.04,0.0,0.0,0.0,0.03,0.0,mailbomb,1,0,NORMAL,0,0
0,icmp,ecr_i,SF,1480,0,0,1,0,0,0,0,0,0,0,0,0,0,0,0,0,0,2,4,0.0,0.0,0.0,0.0,1.0,0.0,0.5,2,18,1.0,0.0,1.0,0.5,0.0,0.0,0.0,0.0,normal,0,1,ATTACK,1,0
0,udp,private,SF,43,43,0,0,0,0,0,0,0,0,0,0,0,0,0,0,0,0,3,3,0.0,0.0,0.0,0.0,1.0,0.0,0.0,255,254,1.0,0.01,0.01,0.0,0.0,0.0,0.0,0.0,snmpguess,1,0,NORMAL,0,0
0,tcp,http,S0,0,0,0,0,0,0,0,0,0,0,0,0,0,0,0,0,0,0,12,12,1.0,1.0,0.0,0.0,1.0,0.0,0.0,255,244,0.96,0.01,0.0,0.0,0.08,0.09,0.56,0.59,apache2,1,0,NORMAL,0,0
2,tcp,telnet,SF,24,109,0,0,0,0,0,0,0,0,0,0,0,0,0,0,0,0,2,6,0.0,0.0,0.5,0.5,1.0,0.0,0.5,136,85,0.33,0.04,0.01,0.02,0.0,0.0,0.88,0.66,mscan,1,0,NORMAL,0,0
0,tcp,telnet,SF,122,174,0,0,0,0,1,0,0,0,0,0,0,0,0,0,0,0,1,1,0.0,0.0,0.0,0.0,1.0,0.0,0.0,255,152,0.6,0.02,0.0,0.0,0.0,0.0,0.02,0.03,guess_passwd,1,0,NORMAL,0,0
0,udp,private,SF,105,146,0,0,0,0,0,0,0,0,0,0,0,0,0,0,0,0,2,2,0.0,0.0,0.0,0.0,1.0,0.0,0.0,255,255,1.0,0.0,0.0,0.0,0.0,0.0,0.0,0.0,snmpgetattack,1,0,NORMAL,0,0
7380,tcp,telnet,SF,0,44,0,0,0,0,0,0,0,0,0,0,0,0,0,0,0,0,1,1,0.0,0.0,0.0,0.0,1.0,0.0,0.0,255,228,0.89,0.02,0.0,0.0,0.33,0.37,0.12,0.06,processtable,1,0,NORMAL,0,0
0,udp,private,SF,43,0,0,0,0,0,0,0,0,0,0,0,0,0,0,0,0,0,4,4,0.0,0.0,0.0,0.0,1.0,0.0,0.0,255,255,1.0,0.0,0.01,0.0,0.0,0.0,0.0,0.0,snmpguess,1,0,NORMAL,0,0
0,tcp,ftp_data,SF,16225,0,0,0,0,0,0,0,0,0,0,0,0,0,0,0,0,0,1,1,0.0,0.0,0.0,0.0,1.0,0.0,0.0,255,1,0.0,0.01,0.0,0.0,0.0,0.0,0.0,0.0,multihop,1,0,NORMAL,0,0
282,tcp,ftp,SF,162,597,0,0,0,2,0,1,0,0,0,0,0,0,0,0,0,1,1,1,0.0,0.0,0.0,0.0,1.0,0.0,0.0,240,83,0.35,0.03,0.0,0.0,0.0,0.0,0.0,0.0,warezmaster,1,0,NORMAL,0,0
4,tcp,pop_3,SF,25,93,0,0,0,0,0,1,0,0,0,0,0,0,0,0,0,0,1,1,0.0,0.0,0.0,0.0,1.0,0.0,0.0,74,71,0.95,0.03,0.01,0.03,0.0,0.0,0.0,0.0,guess_passwd,1,0,NORMAL,0,0
0,udp,private,SF,42,0,0,0,0,0,0,0,0,0,0,0,0,0,0,0,0,0,4,4,0.0,0.0,0.0,0.0,1.0,0.0,0.0,255,255,1.0,0.0,0.02,0.0,0.0,0.0,0.0,0.0,snmpguess,1,0,NORMAL,0,0
0,tcp,http,S0,0,0,0,0,0,0,0,0,0,0,0,0,0,0,0,0,0,0,61,61,1.0,1.0,0.0,0.0,1.0,0.0,0.0,255,255,1.0,0.0,0.0,0.0,0.31,0.31,0.68,0.68,apache2,1,0,NORMAL,0,0
0,tcp,telnet,SF,122,174,0,0,0,0,1,0,0,0,0,0,0,0,0,0,0,0,1,1,0.0,0.0,0.0,0.0,1.0,0.0,0.0,255,227,0.89,0.02,0.0,0.0,0.0,0.0,0.02,0.03,guess_passwd,1,0,NORMAL,0,0
0,tcp,telnet,S3,0,44,0,0,0,0,0,0,0,0,0,0,0,0,0,0,0,0,1,1,1.0,1.0,0.0,0.0,1.0,0.0,0.0,255,104,0.41,0.03,0.0,0.0,0.11,0.26,0.11,0.12,processtable,1,0,NORMAL,0,0
7412,tcp,telnet,SF,0,44,0,0,0,0,0,0,0,0,0,0,0,0,0,0,0,0,1,1,0.0,0.0,0.0,0.0,1.0,0.0,0.0,255,221,0.87,0.02,0.0,0.0,0.33,0.38,0.12,0.06,processtable,1,0,NORMAL,0,0
0,tcp,telnet,S3,0,44,0,0,0,0,0,0,0,0,0,0,0,0,0,0,0,0,1,1,1.0,1.0,0.0,0.0,1.0,0.0,0.0,255,152,0.6,0.03,0.0,0.0,0.31,0.52,0.11,0.09,processtable,1,0,NORMAL,0,0
0,tcp,sunrpc,REJ,0,0,0,0,0,0,0,0,0,0,0,0,0,0,0,0,0,0,1,4,0.0,0.0,1.0,1.0,1.0,0.0,1.0,213,49,0.18,0.02,0.0,0.04,0.0,0.0,0.89,1.0,mscan,1,0,NORMAL,0,0
226,tcp,telnet,SF,507,60530,0,0,0,0,0,1,1,0,0,1,0,0,0,0,0,0,1,1,0.0,0.0,0.0,0.0,1.0,0.0,0.0,255,2,0.01,0.02,0.0,0.0,0.0,0.0,0.0,0.0,xlock,1,0,NORMAL,0,0
0,tcp,telnet,S3,0,44,0,0,0,0,0,0,0,0,0,0,0,0,0,0,0,0,1,1,1.0,1.0,0.0,0.0,1.0,0.0,0.0,255,81,0.32,0.6,0.0,0.0,0.22,0.69,0.59,0.0,processtable,1,0,NORMAL,0,0
0,udp,private,SF,1,0,0,0,0,0,0,0,0,0,0,0,0,0,0,0,0,0,71,4,0.0,0.0,0.0,0.0,0.06,0.8,0.0,255,9,0.04,0.7,1.0,0.0,0.0,0.0,0.0,0.0,normal,0,1,ATTACK,1,0
7420,tcp,telnet,SF,0,44,0,0,0,0,0,0,0,0,0,0,0,0,0,0,0,0,1,1,0.0,0.0,0.0,0.0,1.0,0.0,0.0,255,219,0.86,0.03,0.0,0.0,0.33,0.39,0.12,0.06,processtable,1,0,NORMAL,0,0
1,tcp,smtp,SF,2599,293,0,0,0,0,0,1,0,0,0,0,0,0,0,0,0,0,2,2,0.0,0.0,0.0,0.0,1.0,0.0,0.0,255,212,0.83,0.13,0.0,0.0,0.0,0.0,0.16,0.0,mailbomb,1,0,NORMAL,0,0
0,udp,private,SF,45,0,0,0,0,0,0,0,0,0,0,0,0,0,0,0,0,0,2,2,0.0,0.0,0.0,0.0,1.0,0.0,0.0,255,254,1.0,0.01,0.0,0.0,0.0,0.0,0.0,0.0,snmpguess,1,0,NORMAL,0,0
283,tcp,ftp,SF,158,595,0,0,0,2,0,1,0,0,0,0,0,0,0,0,0,1,1,1,0.0,0.0,0.0,0.0,1.0,0.0,0.0,255,83,0.33,0.03,0.0,0.0,0.02,0.0,0.02,0.0,warezmaster,1,0,NORMAL,0,0
1,tcp,smtp,SF,2599,293,0,0,0,0,0,1,0,0,0,0,0,0,0,0,0,0,2,2,0.0,0.0,0.0,0.0,1.0,0.0,0.0,255,202,0.79,0.13,0.0,0.0,0.0,0.0,0.2,0.0,mailbomb,1,0,NORMAL,0,0
0,udp,private,SF,44,0,0,0,0,0,0,0,0,0,0,0,0,0,0,0,0,0,1,1,0.0,0.0,0.0,0.0,1.0,0.0,0.0,255,255,1.0,0.0,0.01,0.0,0.0,0.0,0.0,0.0,snmpguess,1,0,NORMAL,0,0
0,tcp,ftp_data,SF,12,0,0,0,0,0,0,0,0,0,0,0,0,0,0,0,0,0,1,1,0.0,0.0,0.0,0.0,1.0,0.0,0.0,3,19,1.0,0.0,1.0,0.16,0.0,0.0,0.0,0.0,warezmaster,1,0,NORMAL,0,0
4,tcp,pop_3,SF,26,93,0,0,0,0,0,1,0,0,0,0,0,0,0,0,0,0,1,1,0.0,0.0,0.0,0.0,1.0,0.0,0.0,255,248,0.97,0.02,0.0,0.0,0.0,0.0,0.01,0.0,guess_passwd,1,0,NORMAL,0,0
5,tcp,pop_3,SF,30,93,0,0,0,0,0,1,0,0,0,0,0,0,0,0,0,0,1,1,0.0,0.0,0.0,0.0,1.0,0.0,0.0,255,247,0.97,0.01,0.0,0.0,0.0,0.0,0.0,0.0,guess_passwd,1,0,NORMAL,0,0
0,udp,private,SF,1,0,0,0,0,0,0,0,0,0,0,0,0,0,0,0,0,0,48,4,0.0,0.0,0.0,0.0,0.08,0.94,0.0,255,4,0.02,0.61,0.99,0.0,0.0,0.0,0.01,0.0,normal,0,1,ATTACK,1,0
1,tcp,smtp,SF,2599,293,0,0,0,0,0,1,0,0,0,0,0,0,0,0,0,0,2,2,0.0,0.0,0.0,0.0,1.0,0.0,0.0,255,5,0.02,0.16,0.0,0.0,0.0,0.0,0.96,0.0,mailbomb,1,0,NORMAL,0,0
283,tcp,ftp,SF,160,595,0,0,0,2,0,1,0,0,0,0,0,0,0,0,0,1,1,1,0.0,0.0,0.0,0.0,1.0,0.0,0.0,255,32,0.13,0.02,0.0,0.0,0.0,0.0,0.4,0.0,warezmaster,1,0,NORMAL,0,0
4,tcp,pop_3,SF,32,93,0,0,0,0,0,1,0,0,0,0,0,0,0,0,0,0,1,1,0.0,0.0,0.0,0.0,1.0,0.0,0.0,29,30,1.0,0.0,0.03,0.07,0.0,0.0,0.0,0.0,guess_passwd,1,0,NORMAL,0,0
0,udp,private,SF,105,146,0,0,0,0,0,0,0,0,0,0,0,0,0,0,0,0,2,1,0.0,0.0,0.0,0.0,0.5,1.0,0.0,255,252,0.99,0.01,0.0,0.0,0.0,0.0,0.0,0.0,snmpgetattack,1,0,NORMAL,0,0
7689,tcp,telnet,SF,0,44,0,0,0,0,0,0,0,0,0,0,0,0,0,0,0,0,1,1,0.0,0.0,0.0,0.0,1.0,0.0,0.0,255,154,0.6,0.03,0.0,0.0,0.31,0.52,0.11,0.08,processtable,1,0,NORMAL,0,0
280,tcp,ftp_data,SF,283618,0,0,0,0,0,0,0,0,0,0,0,0,0,0,0,0,0,2,2,0.0,0.0,0.0,0.0,1.0,0.0,0.0,7,6,0.86,0.29,0.86,0.0,0.0,0.0,0.0,0.0,warezmaster,1,0,NORMAL,0,0
0,udp,private,SF,42,0,0,0,0,0,0,0,0,0,0,0,0,0,0,0,0,0,3,3,0.0,0.0,0.0,0.0,1.0,0.0,0.0,255,254,1.0,0.01,0.0,0.0,0.0,0.0,0.0,0.0,snmpguess,1,0,NORMAL,0,0
0,udp,private,SF,45,0,0,0,0,0,0,0,0,0,0,0,0,0,0,0,0,0,4,4,0.0,0.0,0.0,0.0,1.0,0.0,0.0,255,254,1.0,0.01,0.02,0.0,0.0,0.0,0.0,0.0,snmpguess,1,0,NORMAL,0,0
7250,tcp,telnet,SF,0,44,0,0,0,0,0,0,0,0,0,0,0,0,0,0,0,0,1,1,0.0,0.0,0.0,0.0,1.0,0.0,0.0,255,228,0.89,0.11,0.0,0.0,0.5,0.56,0.11,0.01,processtable,1,0,NORMAL,0,0
0,udp,private,SF,105,146,0,0,0,0,0,0,0,0,0,0,0,0,0,0,0,0,2,2,0.0,0.0,0.0,0.0,1.0,0.0,0.0,255,251,0.98,0.01,0.01,0.0,0.0,0.0,0.0,0.0,snmpgetattack,1,0,NORMAL,0,0
283,tcp,ftp,SF,158,595,0,0,0,2,0,1,0,0,0,0,0,0,0,0,0,1,1,1,0.0,0.0,0.0,0.0,1.0,0.0,0.0,255,49,0.19,0.02,0.0,0.0,0.0,0.0,0.55,0.0,warezmaster,1,0,NORMAL,0,0
0,udp,private,SF,46,0,0,0,0,0,0,0,0,0,0,0,0,0,0,0,0,0,4,4,0.0,0.0,0.0,0.0,1.0,0.0,0.0,255,254,1.0,0.01,0.0,0.0,0.0,0.0,0.0,0.0,snmpguess,1,0,NORMAL,0,0
0,tcp,telnet,S3,0,44,0,0,0,0,0,0,0,0,0,0,0,0,0,0,0,0,1,1,1.0,1.0,0.0,0.0,1.0,0.0,0.0,255,55,0.22,0.69,0.0,0.0,0.12,0.55,0.68,0.0,processtable,1,0,NORMAL,0,0
1,tcp,smtp,SF,2599,293,0,0,0,0,0,1,0,0,0,0,0,0,0,0,0,0,2,2,0.0,0.0,0.0,0.0,1.0,0.0,0.0,255,189,0.74,0.13,0.0,0.0,0.0,0.0,0.25,0.0,mailbomb,1,0,NORMAL,0,0
282,tcp,ftp,SF,158,595,0,0,0,2,0,1,0,0,0,0,0,0,0,0,0,1,1,1,0.0,0.0,0.0,0.0,1.0,0.0,0.0,255,102,0.4,0.03,0.0,0.0,0.02,0.0,0.01,0.0,warezmaster,1,0,NORMAL,0,0
280,tcp,ftp_data,SF,283618,0,0,0,0,0,0,0,0,0,0,0,0,0,0,0,0,0,1,1,0.0,0.0,0.0,0.0,1.0,0.0,0.0,6,7,0.83,0.33,0.83,0.29,0.0,0.0,0.0,0.0,warezmaster,1,0,NORMAL,0,0
0,udp,private,SF,1,0,0,0,0,0,0,0,0,0,0,0,0,0,0,0,0,0,13,12,0.0,0.0,0.0,0.0,0.92,0.15,0.0,255,19,0.07,0.16,1.0,0.0,0.0,0.0,0.0,0.0,normal,0,1,ATTACK,1,0
0,tcp,ftp_data,SF,12,0,0,0,0,0,0,0,0,0,0,0,0,0,0,0,0,0,2,2,0.0,0.0,0.0,0.0,1.0,0.0,0.0,4,26,1.0,0.0,1.0,0.19,0.0,0.0,0.0,0.0,warezmaster,1,0,NORMAL,0,0
6,tcp,ftp,SF,94,332,0,0,0,1,0,1,0,0,0,0,1,0,0,0,0,0,1,1,0.0,0.0,0.0,0.0,1.0,0.0,0.0,96,1,0.01,0.03,0.01,0.0,0.01,0.0,0.0,0.0,ps,1,0,NORMAL,0,0
7364,tcp,telnet,SF,0,44,0,0,0,0,0,0,0,0,0,0,0,0,0,0,0,0,1,1,0.0,0.0,0.0,0.0,1.0,0.0,0.0,255,230,0.9,0.02,0.0,0.0,0.33,0.37,0.1,0.05,processtable,1,0,NORMAL,0,0
281,tcp,ftp_data,SF,283618,0,0,0,0,0,0,0,0,0,0,0,0,0,0,0,0,0,1,1,0.0,0.0,0.0,0.0,1.0,0.0,0.0,88,33,0.15,0.07,0.15,0.06,0.0,0.0,0.0,0.0,warezmaster,1,0,NORMAL,0,0
7418,tcp,telnet,SF,0,44,0,0,0,0,0,0,0,0,0,0,0,0,0,0,0,0,1,1,0.0,0.0,0.0,0.0,1.0,0.0,0.0,255,210,0.82,0.02,0.0,0.0,0.29,0.33,0.01,0.01,processtable,1,0,NORMAL,0,0
0,tcp,pop_3,SF,30,217,0,0,0,0,0,1,0,0,0,0,0,0,0,0,0,0,1,1,0.0,0.0,0.0,0.0,1.0,0.0,0.0,255,8,0.03,0.02,0.0,0.0,0.0,0.0,0.0,0.0,guess_passwd,1,0,NORMAL,0,0
2,tcp,telnet,SF,24,306,0,0,0,0,0,0,0,0,0,0,0,0,0,0,0,0,3,6,0.0,0.0,0.67,0.33,0.33,1.0,0.67,135,89,0.31,0.04,0.01,0.02,0.02,0.02,0.9,0.64,mscan,1,0,NORMAL,0,0
4,tcp,pop_3,SF,26,93,0,0,0,0,0,1,0,0,0,0,0,0,0,0,0,0,1,1,0.0,0.0,0.0,0.0,1.0,0.0,0.0,241,222,0.92,0.01,0.0,0.0,0.0,0.0,0.04,0.0,guess_passwd,1,0,NORMAL,0,0
1,tcp,smtp,SF,2599,293,0,0,0,0,0,1,0,0,0,0,0,0,0,0,0,0,2,2,0.0,0.0,0.0,0.0,1.0,0.0,0.0,255,90,0.35,0.14,0.0,0.0,0.0,0.0,0.63,0.0,mailbomb,1,0,NORMAL,0,0
205,tcp,private,S2,91,0,0,0,0,0,0,0,0,0,0,0,0,0,0,0,0,0,1,1,1.0,1.0,0.0,0.0,1.0,0.0,0.0,35,1,0.03,0.14,0.03,0.0,0.17,1.0,0.0,0.0,normal,0,1,ATTACK,1,0
1,tcp,smtp,SF,2599,293,0,0,0,0,0,1,0,0,0,0,0,0,0,0,0,0,2,2,0.0,0.0,0.0,0.0,1.0,0.0,0.0,255,101,0.4,0.14,0.0,0.0,0.0,0.0,0.59,0.0,mailbomb,1,0,NORMAL,0,0
287,tcp,ftp,SF,162,599,0,0,0,2,0,1,0,0,0,0,0,0,0,0,0,1,1,1,0.0,0.0,0.0,0.0,1.0,0.0,0.0,255,27,0.11,0.02,0.0,0.0,0.0,0.0,0.36,0.0,warezmaster,1,0,NORMAL,0,0
0,udp,private,SF,105,0,0,0,0,0,0,0,0,0,0,0,0,0,0,0,0,0,2,2,0.0,0.0,0.0,0.0,1.0,0.0,0.0,255,254,1.0,0.01,0.0,0.0,0.0,0.0,0.0,0.0,snmpgetattack,1,0,NORMAL,0,0
8003,tcp,telnet,SF,0,44,0,0,0,0,0,0,0,0,0,0,0,0,0,0,0,0,1,1,0.0,0.0,0.0,0.0,1.0,0.0,0.0,255,102,0.4,0.02,0.0,0.0,0.58,0.4,0.01,0.01,processtable,1,0,NORMAL,0,0
282,tcp,ftp,SF,162,599,0,0,0,2,0,1,0,0,0,0,0,0,0,0,0,1,1,1,0.0,0.0,0.0,0.0,1.0,0.0,0.0,178,84,0.47,0.03,0.01,0.0,0.0,0.0,0.0,0.0,warezmaster,1,0,NORMAL,0,0
282,tcp,ftp,SF,162,597,0,0,0,2,0,1,0,0,0,0,0,0,0,0,0,1,1,1,0.0,0.0,0.0,0.0,1.0,0.0,0.0,255,19,0.07,0.71,0.0,0.0,0.0,0.05,0.68,0.0,warezmaster,1,0,NORMAL,0,0
0,tcp,telnet,SF,120,188,0,0,0,0,1,0,0,0,0,0,0,0,0,0,0,0,1,1,0.0,0.0,0.0,0.0,1.0,0.0,0.0,255,254,1.0,0.01,0.0,0.0,0.02,0.02,0.02,0.02,guess_passwd,1,0,NORMAL,0,0
4,tcp,pop_3,SF,28,93,0,0,0,0,0,1,0,0,0,0,0,0,0,0,0,0,1,1,0.0,0.0,0.0,0.0,1.0,0.0,0.0,255,249,0.98,0.01,0.0,0.0,0.0,0.0,0.02,0.0,guess_passwd,1,0,NORMAL,0,0
4,tcp,pop_3,SF,30,93,0,0,0,0,0,1,0,0,0,0,0,0,0,0,0,0,1,1,0.0,0.0,0.0,0.0,1.0,0.0,0.0,255,226,0.89,0.02,0.0,0.0,0.0,0.0,0.02,0.0,guess_passwd,1,0,NORMAL,0,0
8035,tcp,telnet,SF,0,44,0,0,0,0,0,0,0,0,0,0,0,0,0,0,0,0,1,1,0.0,0.0,0.0,0.0,1.0,0.0,0.0,255,96,0.38,0.02,0.0,0.0,0.62,0.45,0.01,0.01,processtable,1,0,NORMAL,0,0
1,tcp,smtp,SF,2599,293,0,0,0,0,0,1,0,0,0,0,0,0,0,0,0,0,3,3,0.0,0.0,0.0,0.0,1.0,0.0,0.0,255,107,0.42,0.14,0.0,0.0,0.0,0.0,0.56,0.0,mailbomb,1,0,NORMAL,0,0
0,tcp,http,SF,54540,8314,0,0,0,2,0,1,1,0,0,0,0,0,0,0,0,0,3,10,0.0,0.0,0.0,0.0,1.0,0.0,0.3,255,251,0.98,0.01,0.0,0.0,0.0,0.0,0.0,0.0,back,1,0,NORMAL,0,0
0,tcp,pop_3,SF,36,236,0,0,0,0,0,1,0,0,0,0,0,0,0,0,0,0,1,1,0.0,0.0,0.0,0.0,1.0,0.0,0.0,255,3,0.01,0.02,0.0,0.0,0.0,0.0,0.0,0.0,guess_passwd,1,0,NORMAL,0,0
8128,tcp,telnet,SF,0,15,0,0,0,0,0,0,0,0,0,0,0,0,0,0,0,0,1,1,0.0,0.0,0.0,0.0,1.0,0.0,0.0,255,59,0.23,0.04,0.0,0.0,0.0,0.02,0.11,0.22,processtable,1,0,NORMAL,0,0
0,tcp,telnet,SF,129,174,0,0,0,0,1,0,0,0,0,0,0,0,0,0,0,0,1,1,0.0,0.0,0.0,0.0,1.0,0.0,0.0,255,255,1.0,0.0,0.0,0.0,0.0,0.0,0.02,0.02,guess_passwd,1,0,NORMAL,0,0
0,tcp,ftp_data,SF,12,0,0,0,0,0,0,0,0,0,0,0,0,0,0,0,0,0,2,2,0.0,0.0,0.0,0.0,1.0,0.0,0.0,6,28,1.0,0.0,1.0,0.14,0.0,0.0,0.0,0.0,warezmaster,1,0,NORMAL,0,0
1,tcp,smtp,SF,2599,293,0,0,0,0,0,1,0,0,0,0,0,0,0,0,0,0,3,3,0.0,0.0,0.0,0.0,1.0,0.0,0.0,255,100,0.39,0.14,0.0,0.0,0.0,0.0,0.59,0.0,mailbomb,1,0,NORMAL,0,0
4,tcp,pop_3,SF,32,93,0,0,0,0,0,1,0,0,0,0,0,0,0,0,0,0,1,1,0.0,0.0,0.0,0.0,1.0,0.0,0.0,244,225,0.92,0.01,0.0,0.0,0.0,0.0,0.04,0.0,guess_passwd,1,0,NORMAL,0,0
0,tcp,telnet,REJ,0,0,0,0,0,0,0,0,0,0,0,0,0,0,0,0,0,0,4,2,0.0,0.0,0.75,0.5,0.5,0.75,0.0,255,127,0.5,0.01,0.0,0.0,0.0,0.0,0.67,0.33,mscan,1,0,NORMAL,0,0
7662,tcp,telnet,SF,0,44,0,0,0,0,0,0,0,0,0,0,0,0,0,0,0,0,1,1,0.0,0.0,0.0,0.0,1.0,0.0,0.0,255,165,0.65,0.02,0.0,0.0,0.51,0.49,0.01,0.01,processtable,1,0,NORMAL,0,0
5,tcp,pop_3,SF,30,93,0,0,0,0,0,1,0,0,0,0,0,0,0,0,0,0,2,1,0.0,0.0,0.0,0.0,0.5,1.0,0.0,255,245,0.96,0.01,0.0,0.0,0.0,0.0,0.0,0.0,guess_passwd,1,0,NORMAL,0,0
8124,tcp,telnet,SF,0,15,0,0,0,0,0,0,0,0,0,0,0,0,0,0,0,0,1,1,0.0,0.0,0.0,0.0,1.0,0.0,0.0,255,80,0.31,0.02,0.0,0.0,0.68,0.57,0.01,0.03,processtable,1,0,NORMAL,0,0
0,udp,private,SF,1,0,0,0,0,0,0,0,0,0,0,0,0,0,0,0,0,0,42,6,0.0,0.0,0.0,0.0,0.14,0.07,0.0,255,18,0.07,0.54,0.99,0.0,0.0,0.0,0.01,0.0,normal,0,1,ATTACK,1,0
5,tcp,pop_3,SF,30,93,0,0,0,0,0,1,0,0,0,0,0,0,0,0,0,0,1,1,0.0,0.0,0.0,0.0,1.0,0.0,0.0,255,254,1.0,0.01,0.0,0.0,0.0,0.0,0.0,0.0,guess_passwd,1,0,NORMAL,0,0
7220,tcp,telnet,SF,0,44,0,0,0,0,0,0,0,0,0,0,0,0,0,0,0,0,1,1,0.0,0.0,0.0,0.0,1.0,0.0,0.0,255,248,0.97,0.02,0.0,0.0,0.33,0.34,0.04,0.02,processtable,1,0,NORMAL,0,0
5,tcp,pop_3,SF,30,93,0,0,0,0,0,1,0,0,0,0,0,0,0,0,0,0,1,1,0.0,0.0,0.0,0.0,1.0,0.0,0.0,255,249,0.98,0.01,0.0,0.0,0.0,0.0,0.0,0.0,guess_passwd,1,0,NORMAL,0,0
0,tcp,http,REJ,0,0,0,0,0,0,0,0,0,0,0,0,0,0,0,0,0,0,1,1,0.0,0.0,1.0,1.0,1.0,0.0,0.0,255,7,0.03,0.98,0.0,0.0,0.13,0.0,0.87,1.0,normal,0,1,ATTACK,1,0
1,tcp,smtp,SF,2599,293,0,0,0,0,0,1,0,0,0,0,0,0,0,0,0,0,2,2,0.0,0.0,0.0,0.0,1.0,0.0,0.0,255,230,0.9,0.1,0.0,0.0,0.0,0.0,0.09,0.0,mailbomb,1,0,NORMAL,0,0
4,tcp,pop_3,SF,30,93,0,0,0,0,0,1,0,0,0,0,0,0,0,0,0,0,1,1,0.0,0.0,0.0,0.0,1.0,0.0,0.0,255,245,0.96,0.01,0.0,0.0,0.0,0.0,0.0,0.0,guess_passwd,1,0,NORMAL,0,0
4,tcp,pop_3,SF,26,93,0,0,0,0,0,1,0,0,0,0,0,0,0,0,0,0,1,1,0.0,0.0,0.0,0.0,1.0,0.0,0.0,255,232,0.91,0.02,0.0,0.0,0.0,0.0,0.02,0.0,guess_passwd,1,0,NORMAL,0,0
4,tcp,pop_3,SF,30,93,0,0,0,0,0,1,0,0,0,0,0,0,0,0,0,0,1,1,0.0,0.0,0.0,0.0,1.0,0.0,0.0,255,250,0.98,0.01,0.0,0.0,0.0,0.0,0.02,0.0,guess_passwd,1,0,NORMAL,0,0
5,tcp,pop_3,SF,30,93,0,0,0,0,0,1,0,0,0,0,0,0,0,0,0,0,1,1,0.0,0.0,0.0,0.0,1.0,0.0,0.0,255,219,0.86,0.04,0.0,0.0,0.0,0.0,0.0,0.0,guess_passwd,1,0,NORMAL,0,0
126,tcp,other,SF,263,0,0,0,0,0,0,0,0,0,0,0,0,0,0,0,0,0,1,1,0.0,0.0,0.0,0.0,1.0,0.0,0.0,65,10,0.15,0.08,0.02,0.0,0.0,0.0,0.11,0.7,httptunnel,1,0,NORMAL,0,0
0,tcp,ftp_data,SF,12,0,0,0,0,0,0,0,0,0,0,0,0,0,0,0,0,0,1,1,0.0,0.0,0.0,0.0,1.0,0.0,0.0,5,13,1.0,0.0,1.0,0.15,0.0,0.0,0.0,0.0,warezmaster,1,0,NORMAL,0,0
4,tcp,pop_3,SF,27,93,0,0,0,0,0,1,0,0,0,0,0,0,0,0,0,0,1,1,0.0,0.0,0.0,0.0,1.0,0.0,0.0,255,212,0.83,0.02,0.0,0.0,0.0,0.0,0.04,0.0,guess_passwd,1,0,NORMAL,0,0
0,udp,private,SF,43,0,0,0,0,0,0,0,0,0,0,0,0,0,0,0,0,0,2,2,0.0,0.0,0.0,0.0,1.0,0.0,0.0,255,255,1.0,0.0,0.02,0.0,0.0,0.0,0.0,0.0,snmpguess,1,0,NORMAL,0,0
0,tcp,other,SF,12127,0,0,0,0,0,0,0,0,0,0,0,0,0,0,0,0,0,1,1,0.0,0.0,0.0,0.0,1.0,0.0,0.0,255,27,0.11,0.02,0.0,0.0,0.0,0.0,0.09,0.78,httptunnel,1,0,NORMAL,0,0
0,tcp,http,S0,0,0,0,0,0,0,0,0,0,0,0,0,0,0,0,0,0,0,58,58,1.0,1.0,0.0,0.0,1.0,0.0,0.0,255,255,1.0,0.0,0.0,0.0,0.3,0.3,0.69,0.69,apache2,1,0,NORMAL,0,0
4,tcp,pop_3,SF,28,93,0,0,0,0,0,1,0,0,0,0,0,0,0,0,0,0,1,1,0.0,0.0,0.0,0.0,1.0,0.0,0.0,255,246,0.96,0.02,0.0,0.0,0.0,0.0,0.01,0.0,guess_passwd,1,0,NORMAL,0,0
0,tcp,sunrpc,REJ,0,0,0,0,0,0,0,0,0,0,0,0,0,0,0,0,0,0,1,5,0.0,0.0,1.0,1.0,1.0,0.0,1.0,255,15,0.06,0.03,0.0,0.0,0.02,0.0,0.27,1.0,mscan,1,0,NORMAL,0,0
4,tcp,pop_3,SF,32,93,0,0,0,0,0,1,0,0,0,0,0,0,0,0,0,0,1,1,0.0,0.0,0.0,0.0,1.0,0.0,0.0,204,185,0.91,0.01,0.0,0.0,0.0,0.0,0.05,0.0,guess_passwd,1,0,NORMAL,0,0
4,tcp,pop_3,SF,32,93,0,0,0,0,0,1,0,0,0,0,0,0,0,0,0,0,1,1,0.0,0.0,0.0,0.0,1.0,0.0,0.0,255,247,0.97,0.02,0.0,0.0,0.0,0.0,0.02,0.0,guess_passwd,1,0,NORMAL,0,0
0,udp,private,SF,105,146,0,0,0,0,0,0,0,0,0,0,0,0,0,0,0,0,1,1,0.0,0.0,0.0,0.0,1.0,0.0,0.0,255,249,0.98,0.01,0.01,0.0,0.0,0.0,0.0,0.0,snmpgetattack,1,0,NORMAL,0,0
0,udp,private,SF,49,0,0,0,0,0,0,0,0,0,0,0,0,0,0,0,0,0,3,3,0.0,0.0,0.0,0.0,1.0,0.0,0.0,255,254,1.0,0.01,0.0,0.0,0.0,0.0,0.0,0.0,snmpguess,1,0,NORMAL,0,0
0,udp,private,SF,41,0,0,0,0,0,0,0,0,0,0,0,0,0,0,0,0,0,4,3,0.0,0.0,0.0,0.0,0.75,0.5,0.0,255,253,0.99,0.01,0.0,0.0,0.0,0.0,0.0,0.0,snmpguess,1,0,NORMAL,0,0
0,udp,private,SF,46,0,0,0,0,0,0,0,0,0,0,0,0,0,0,0,0,0,5,5,0.0,0.0,0.0,0.0,1.0,0.0,0.0,255,253,0.99,0.01,0.0,0.0,0.0,0.0,0.0,0.0,snmpguess,1,0,NORMAL,0,0
0,tcp,telnet,SF,125,174,0,0,0,0,1,0,0,0,0,0,0,0,0,0,0,0,1,1,0.0,0.0,0.0,0.0,1.0,0.0,0.0,255,67,0.26,0.02,0.0,0.0,0.0,0.0,0.01,0.04,guess_passwd,1,0,NORMAL,0,0
0,tcp,telnet,SF,121,174,0,0,0,0,1,0,0,0,0,0,0,0,0,0,0,0,1,1,0.0,0.0,0.0,0.0,1.0,0.0,0.0,255,230,0.9,0.02,0.0,0.0,0.0,0.0,0.02,0.03,guess_passwd,1,0,NORMAL,0,0
281,tcp,ftp,SF,158,595,0,0,0,2,0,1,0,0,0,0,0,0,0,0,0,1,1,1,0.0,0.0,0.0,0.0,1.0,0.0,0.0,123,56,0.46,0.03,0.01,0.0,0.0,0.0,0.0,0.0,warezmaster,1,0,NORMAL,0,0
0,tcp,sunrpc,REJ,0,0,0,0,0,0,0,0,0,0,0,0,0,0,0,0,0,0,1,2,0.0,0.0,1.0,1.0,1.0,0.0,1.0,153,26,0.17,0.03,0.01,0.0,0.01,0.0,0.93,1.0,mscan,1,0,NORMAL,0,0
7625,tcp,telnet,SF,0,44,0,0,0,0,0,0,0,0,0,0,0,0,0,0,0,0,1,1,0.0,0.0,0.0,0.0,1.0,0.0,0.0,255,169,0.66,0.03,0.0,0.0,0.33,0.5,0.11,0.08,processtable,1,0,NORMAL,0,0
0,tcp,telnet,SF,124,174,0,0,0,0,1,0,0,0,0,0,0,0,0,0,0,0,1,1,0.0,0.0,0.0,0.0,1.0,0.0,0.0,255,251,0.98,0.01,0.0,0.0,0.0,0.0,0.02,0.02,guess_passwd,1,0,NORMAL,0,0
0,udp,private,SF,46,0,0,0,0,0,0,0,0,0,0,0,0,0,0,0,0,0,1,1,0.0,0.0,0.0,0.0,1.0,0.0,0.0,255,254,1.0,0.01,0.01,0.0,0.0,0.0,0.0,0.0,snmpguess,1,0,NORMAL,0,0
284,tcp,ftp,SF,152,591,0,0,0,2,0,1,0,0,0,0,0,0,0,0,0,1,1,1,0.0,0.0,0.0,0.0,1.0,0.0,0.0,255,17,0.07,0.94,0.0,0.0,0.0,0.0,0.93,0.0,warezmaster,1,0,NORMAL,0,0
281,tcp,ftp,SF,158,597,0,0,0,2,0,1,0,0,0,0,0,0,0,0,0,1,1,1,0.0,0.0,0.0,0.0,1.0,0.0,0.0,15,5,0.33,0.2,0.07,0.0,0.0,0.0,0.0,0.0,warezmaster,1,0,NORMAL,0,0
6,tcp,pop_3,SF,30,93,0,0,0,0,0,1,0,0,0,0,0,0,0,0,0,0,1,1,0.0,0.0,0.0,0.0,1.0,0.0,0.0,255,249,0.98,0.01,0.0,0.0,0.0,0.0,0.0,0.0,guess_passwd,1,0,NORMAL,0,0
2,tcp,telnet,RSTO,123,177,0,0,0,0,1,0,0,0,0,0,0,0,0,0,0,0,1,1,0.0,0.0,1.0,1.0,1.0,0.0,0.0,9,1,0.11,0.33,0.11,0.0,0.0,0.0,0.11,1.0,guess_passwd,1,0,NORMAL,0,0
0,tcp,telnet,S3,0,44,0,0,0,0,0,0,0,0,0,0,0,0,0,0,0,0,1,1,1.0,1.0,0.0,0.0,1.0,0.0,0.0,255,132,0.52,0.44,0.0,0.0,0.41,0.79,0.43,0.02,processtable,1,0,NORMAL,0,0
0,tcp,http,S0,0,0,0,0,0,0,0,0,0,0,0,0,0,0,0,0,0,0,36,36,0.08,0.08,0.92,0.92,1.0,0.0,0.0,255,255,1.0,0.0,0.0,0.0,0.02,0.02,0.61,0.61,apache2,1,0,NORMAL,0,0
0,udp,private,SF,47,47,0,0,0,0,0,0,0,0,0,0,0,0,0,0,0,0,3,3,0.0,0.0,0.0,0.0,1.0,0.0,0.0,255,254,1.0,0.01,0.01,0.0,0.0,0.0,0.0,0.0,snmpguess,1,0,NORMAL,0,0
7686,tcp,telnet,SF,0,44,0,0,0,0,0,0,0,0,0,0,0,0,0,0,0,0,1,1,0.0,0.0,0.0,0.0,1.0,0.0,0.0,255,162,0.64,0.02,0.0,0.0,0.53,0.52,0.01,0.01,processtable,1,0,NORMAL,0,0
7550,tcp,telnet,SF,0,44,0,0,0,0,0,0,0,0,0,0,0,0,0,0,0,0,1,1,0.0,0.0,0.0,0.0,1.0,0.0,0.0,255,170,0.67,0.31,0.0,0.0,0.5,0.75,0.31,0.01,processtable,1,0,NORMAL,0,0
0,tcp,telnet,SF,120,174,0,0,0,0,1,0,0,0,0,0,0,0,0,0,0,0,2,2,0.0,0.0,0.0,0.0,1.0,0.0,0.0,255,255,1.0,0.0,0.0,0.0,0.01,0.01,0.02,0.02,guess_passwd,1,0,NORMAL,0,0
0,tcp,ftp,SF,26,157,0,0,0,0,1,0,0,0,0,0,0,0,0,0,0,1,1,1,0.0,0.0,0.0,0.0,1.0,0.0,0.0,242,121,0.5,0.02,0.0,0.0,0.0,0.0,0.0,0.0,guess_passwd,1,0,NORMAL,0,0
937,tcp,http,RSTR,11244,0,0,0,0,0,0,1,0,0,0,0,0,0,0,0,0,0,79,79,0.03,0.03,0.97,0.97,1.0,0.0,0.0,255,253,0.99,0.01,0.0,0.0,0.01,0.01,0.37,0.38,apache2,1,0,NORMAL,0,0
7634,tcp,telnet,SF,0,44,0,0,0,0,0,0,0,0,0,0,0,0,0,0,0,0,1,1,0.0,0.0,0.0,0.0,1.0,0.0,0.0,255,170,0.67,0.02,0.0,0.0,0.49,0.47,0.01,0.01,processtable,1,0,NORMAL,0,0
282,tcp,ftp,SF,158,595,0,0,0,2,0,1,0,0,0,0,0,0,0,0,0,1,1,1,0.0,0.0,0.0,0.0,1.0,0.0,0.0,154,53,0.34,0.05,0.01,0.0,0.0,0.0,0.0,0.0,warezmaster,1,0,NORMAL,0,0
4,tcp,pop_3,SF,31,93,0,0,0,0,0,1,0,0,0,0,0,0,0,0,0,0,1,1,0.0,0.0,0.0,0.0,1.0,0.0,0.0,255,133,0.52,0.02,0.0,0.0,0.0,0.0,0.18,0.02,guess_passwd,1,0,NORMAL,0,0
4,tcp,pop_3,SF,26,93,0,0,0,0,0,1,0,0,0,0,0,0,0,0,0,0,1,1,0.0,0.0,0.0,0.0,1.0,0.0,0.0,118,103,0.86,0.03,0.01,0.02,0.0,0.0,0.08,0.0,guess_passwd,1,0,NORMAL,0,0
4,tcp,pop_3,SF,32,93,0,0,0,0,0,1,0,0,0,0,0,0,0,0,0,0,1,1,0.0,0.0,0.0,0.0,1.0,0.0,0.0,47,46,0.96,0.04,0.02,0.04,0.0,0.0,0.0,0.0,guess_passwd,1,0,NORMAL,0,0
0,udp,private,SF,1,0,0,0,0,0,0,0,0,0,0,0,0,0,0,0,0,0,110,19,0.0,0.0,0.0,0.0,0.17,0.65,0.0,255,20,0.08,0.83,1.0,0.0,0.0,0.0,0.0,0.0,normal,0,1,ATTACK,1,0
0,udp,private,SF,28,0,0,3,0,0,0,0,0,0,0,0,0,0,0,0,0,0,18,18,0.0,0.0,0.0,0.0,1.0,0.0,0.0,255,18,0.07,0.02,0.07,0.0,0.21,0.0,0.44,0.0,normal,0,1,ATTACK,1,0
4,tcp,pop_3,SF,32,93,0,0,0,0,0,1,0,0,0,0,0,0,0,0,0,0,1,1,0.0,0.0,0.0,0.0,1.0,0.0,0.0,255,132,0.52,0.02,0.0,0.0,0.0,0.0,0.17,0.01,guess_passwd,1,0,NORMAL,0,0
4,tcp,pop_3,SF,28,93,0,0,0,0,0,1,0,0,0,0,0,0,0,0,0,0,1,1,0.0,0.0,0.0,0.0,1.0,0.0,0.0,255,237,0.93,0.01,0.0,0.0,0.0,0.0,0.04,0.0,guess_passwd,1,0,NORMAL,0,0
282,tcp,ftp,SF,164,599,0,0,0,2,0,1,0,0,0,0,0,0,0,0,0,1,1,1,0.0,0.0,0.0,0.0,1.0,0.0,0.0,2,2,1.0,0.0,0.5,0.0,0.0,0.0,0.0,0.0,warezmaster,1,0,NORMAL,0,0
0,tcp,telnet,SF,120,174,0,0,0,0,1,0,0,0,0,0,0,0,0,0,0,0,2,2,0.0,0.0,0.0,0.0,1.0,0.0,0.0,255,73,0.29,0.02,0.0,0.0,0.0,0.0,0.01,0.04,guess_passwd,1,0,NORMAL,0,0
0,tcp,telnet,SF,125,174,0,0,0,0,1,0,0,0,0,0,0,0,0,0,0,0,1,1,0.0,0.0,0.0,0.0,1.0,0.0,0.0,255,148,0.58,0.02,0.0,0.0,0.0,0.0,0.02,0.03,guess_passwd,1,0,NORMAL,0,0
0,udp,private,SF,28,0,0,3,0,0,0,0,0,0,0,0,0,0,0,0,0,0,73,73,0.0,0.0,0.0,0.0,1.0,0.0,0.0,255,73,0.29,0.02,0.29,0.0,0.19,0.0,0.25,0.0,normal,0,1,ATTACK,1,0
0,tcp,ftp_data,SF,12,0,0,0,0,0,0,0,0,0,0,0,0,0,0,0,0,0,1,1,0.0,0.0,0.0,0.0,1.0,0.0,0.0,5,15,1.0,0.0,1.0,0.13,0.0,0.0,0.0,0.0,warezmaster,1,0,NORMAL,0,0
1,tcp,smtp,SF,2599,293,0,0,0,0,0,1,0,0,0,0,0,0,0,0,0,0,2,2,0.0,0.0,0.0,0.0,1.0,0.0,0.0,255,78,0.31,0.14,0.0,0.0,0.0,0.0,0.68,0.0,mailbomb,1,0,NORMAL,0,0
284,tcp,ftp,SF,160,599,0,0,0,2,0,1,0,0,0,0,0,0,0,0,0,1,1,1,0.0,0.0,0.0,0.0,1.0,0.0,0.0,162,9,0.06,0.66,0.01,0.0,0.0,0.0,0.67,0.11,warezmaster,1,0,NORMAL,0,0
282,tcp,ftp,SF,156,593,0,0,0,2,0,1,0,0,0,0,0,0,0,0,0,1,2,1,0.0,0.0,0.0,0.0,0.5,1.0,0.0,255,1,0.0,0.04,0.0,0.0,0.0,0.0,0.03,0.0,warezmaster,1,0,NORMAL,0,0
2782,udp,other,SF,146,105,0,0,0,0,0,0,0,0,0,0,0,0,0,0,0,0,1,1,0.0,0.0,0.0,0.0,1.0,0.0,0.0,49,6,0.12,0.08,1.0,0.0,0.0,0.0,0.0,0.0,snmpgetattack,1,0,NORMAL,0,0
0,tcp,telnet,SF,126,174,0,0,0,0,1,0,0,0,0,0,0,0,0,0,0,0,1,1,0.0,0.0,0.0,0.0,1.0,0.0,0.0,255,254,1.0,0.01,0.0,0.0,0.02,0.02,0.01,0.01,guess_passwd,1,0,NORMAL,0,0
0,tcp,telnet,SF,122,174,0,0,0,0,1,0,0,0,0,0,0,0,0,0,0,0,1,1,0.0,0.0,0.0,0.0,1.0,0.0,0.0,255,146,0.57,0.02,0.0,0.0,0.0,0.0,0.02,0.03,guess_passwd,1,0,NORMAL,0,0
0,udp,private,SF,105,146,0,0,0,0,0,0,0,0,0,0,0,0,0,0,0,0,3,2,0.0,0.0,0.0,0.0,0.67,0.67,0.0,255,253,0.99,0.01,0.0,0.0,0.0,0.0,0.0,0.0,snmpgetattack,1,0,NORMAL,0,0
0,tcp,telnet,SF,121,174,0,0,0,0,1,0,0,0,0,0,0,0,0,0,0,0,1,1,0.0,0.0,0.0,0.0,1.0,0.0,0.0,255,91,0.36,0.02,0.0,0.0,0.0,0.0,0.01,0.03,guess_passwd,1,0,NORMAL,0,0
7554,tcp,telnet,SF,0,44,0,0,0,0,0,0,0,0,0,0,0,0,0,0,0,0,1,1,0.0,0.0,0.0,0.0,1.0,0.0,0.0,255,182,0.71,0.02,0.0,0.0,0.42,0.41,0.01,0.01,processtable,1,0,NORMAL,0,0
0,tcp,other,SF,249,0,0,0,0,0,0,0,0,0,0,0,0,0,0,0,0,0,1,1,0.0,0.0,0.0,0.0,1.0,0.0,0.0,255,20,0.08,0.02,0.0,0.0,0.0,0.0,0.08,0.9,httptunnel,1,0,NORMAL,0,0
3,tcp,telnet,SF,24,154,0,0,0,0,0,0,0,0,0,0,0,0,0,0,0,0,4,9,0.0,0.0,0.75,0.44,0.5,0.75,0.56,228,86,0.34,0.02,0.0,0.02,0.0,0.0,0.89,0.7,mscan,1,0,NORMAL,0,0
0,tcp,telnet,S3,0,44,0,0,0,0,0,0,0,0,0,0,0,0,0,0,0,0,1,1,1.0,1.0,0.0,0.0,1.0,0.0,0.0,255,151,0.59,0.02,0.0,0.0,0.54,0.51,0.01,0.01,processtable,1,0,NORMAL,0,0
7276,tcp,telnet,SF,0,44,0,0,0,0,0,0,0,0,0,0,0,0,0,0,0,0,1,1,0.0,0.0,0.0,0.0,1.0,0.0,0.0,255,244,0.96,0.02,0.0,0.0,0.33,0.35,0.05,0.02,processtable,1,0,NORMAL,0,0
8192,tcp,telnet,SF,0,15,0,0,0,0,0,0,0,0,0,0,0,0,0,0,0,0,1,1,0.0,0.0,0.0,0.0,1.0,0.0,0.0,255,41,0.16,0.04,0.0,0.0,0.0,0.02,0.08,0.24,processtable,1,0,NORMAL,0,0
14,tcp,pop_3,SF,30,93,0,0,0,0,0,1,0,0,0,0,0,0,0,0,0,0,1,1,0.0,0.0,0.0,0.0,1.0,0.0,0.0,255,247,0.97,0.01,0.0,0.0,0.0,0.0,0.02,0.0,guess_passwd,1,0,NORMAL,0,0
0,tcp,telnet,SF,124,174,0,0,0,0,1,0,0,0,0,0,0,0,0,0,0,0,1,1,0.0,0.0,0.0,0.0,1.0,0.0,0.0,255,127,0.5,0.02,0.0,0.0,0.0,0.0,0.02,0.03,guess_passwd,1,0,NORMAL,0,0
1,tcp,smtp,SF,2599,293,0,0,0,0,0,1,0,0,0,0,0,0,0,0,0,0,2,2,0.0,0.0,0.0,0.0,1.0,0.0,0.0,255,174,0.68,0.13,0.0,0.0,0.0,0.0,0.31,0.0,mailbomb,1,0,NORMAL,0,0
3,tcp,pop_3,SF,28,93,0,0,0,0,0,1,0,0,0,0,0,0,0,0,0,0,1,1,0.0,0.0,0.0,0.0,1.0,0.0,0.0,255,217,0.85,0.04,0.0,0.0,0.0,0.0,0.0,0.0,guess_passwd,1,0,NORMAL,0,0
1,tcp,smtp,SF,2599,293,0,0,0,0,0,1,0,0,0,0,0,0,0,0,0,0,3,3,0.0,0.0,0.0,0.0,1.0,0.0,0.0,255,175,0.69,0.13,0.0,0.0,0.0,0.0,0.3,0.0,mailbomb,1,0,NORMAL,0,0
284,tcp,ftp,SF,162,597,0,0,0,2,0,1,0,0,0,0,0,0,0,0,0,1,1,1,0.0,0.0,0.0,0.0,1.0,0.0,0.0,255,53,0.21,0.03,0.0,0.0,0.15,0.0,0.02,0.0,warezmaster,1,0,NORMAL,0,0
4,tcp,pop_3,SF,26,93,0,0,0,0,0,1,0,0,0,0,0,0,0,0,0,0,1,1,0.0,0.0,0.0,0.0,1.0,0.0,0.0,136,119,0.87,0.02,0.01,0.02,0.0,0.0,0.07,0.0,guess_passwd,1,0,NORMAL,0,0
0,tcp,http,S0,0,0,0,0,0,0,0,0,0,0,0,0,0,0,0,0,0,0,8,8,1.0,1.0,0.0,0.0,1.0,0.0,0.0,255,245,0.96,0.01,0.0,0.0,0.11,0.12,0.56,0.59,apache2,1,0,NORMAL,0,0
1,tcp,smtp,SF,2599,293,0,0,0,0,0,1,0,0,0,0,0,0,0,0,0,0,3,2,0.0,0.0,0.33,0.0,0.67,0.67,0.0,255,240,0.94,0.06,0.0,0.0,0.0,0.0,0.05,0.0,mailbomb,1,0,NORMAL,0,0
5,tcp,pop_3,SF,28,93,0,0,0,0,0,1,0,0,0,0,0,0,0,0,0,0,1,1,0.0,0.0,0.0,0.0,1.0,0.0,0.0,255,247,0.97,0.01,0.0,0.0,0.0,0.0,0.02,0.0,guess_passwd,1,0,NORMAL,0,0
0,tcp,ftp,SF,26,157,0,0,0,0,1,0,0,0,0,0,0,0,0,0,0,1,1,1,0.0,0.0,0.0,0.0,1.0,0.0,0.0,243,122,0.5,0.02,0.0,0.0,0.0,0.0,0.0,0.0,guess_passwd,1,0,NORMAL,0,0
0,tcp,telnet,SF,126,174,0,0,0,0,1,0,0,0,0,0,0,0,0,0,0,0,2,2,0.0,0.0,0.0,0.0,1.0,0.0,0.0,255,46,0.18,0.02,0.0,0.0,0.0,0.0,0.01,0.04,guess_passwd,1,0,NORMAL,0,0
283,tcp,ftp,SF,160,597,0,0,0,2,0,1,0,0,0,0,0,0,0,0,0,1,1,1,0.0,0.0,0.0,0.0,1.0,0.0,0.0,255,88,0.35,0.03,0.01,0.0,0.02,0.0,0.01,0.0,warezmaster,1,0,NORMAL,0,0
0,tcp,telnet,SF,122,174,0,0,0,0,1,0,0,0,0,0,0,0,0,0,0,0,2,2,0.0,0.0,0.0,0.0,1.0,0.0,0.0,255,248,0.97,0.01,0.0,0.0,0.0,0.0,0.02,0.02,guess_passwd,1,0,NORMAL,0,0
7522,tcp,telnet,SF,0,44,0,0,0,0,0,0,0,0,0,0,0,0,0,0,0,0,1,1,0.0,0.0,0.0,0.0,1.0,0.0,0.0,255,188,0.74,0.02,0.0,0.0,0.39,0.39,0.01,0.01,processtable,1,0,NORMAL,0,0
0,tcp,sunrpc,REJ,0,0,0,0,0,0,0,0,0,0,0,0,0,0,0,0,0,0,1,8,0.0,0.0,1.0,1.0,1.0,0.0,1.0,35,5,0.14,0.14,0.03,0.0,0.03,0.0,0.77,1.0,mscan,1,0,NORMAL,0,0
3,tcp,pop_3,SF,32,93,0,0,0,0,0,1,0,0,0,0,0,0,0,0,0,0,1,1,0.0,0.0,0.0,0.0,1.0,0.0,0.0,255,135,0.53,0.02,0.0,0.0,0.0,0.0,0.17,0.02,guess_passwd,1,0,NORMAL,0,0
283,tcp,ftp,SF,160,595,0,0,0,2,0,1,0,0,0,0,0,0,0,0,0,1,1,1,0.0,0.0,0.0,0.0,1.0,0.0,0.0,255,89,0.35,0.03,0.0,0.0,0.02,0.0,0.01,0.0,warezmaster,1,0,NORMAL,0,0
0,udp,private,SF,1,0,0,0,0,0,0,0,0,0,0,0,0,0,0,0,0,0,73,5,0.0,0.0,0.0,0.0,0.07,0.88,0.0,255,9,0.04,0.73,0.95,0.0,0.0,0.0,0.05,0.0,normal,0,1,ATTACK,1,0
0,udp,private,SF,1,0,0,0,0,0,0,0,0,0,0,0,0,0,0,0,0,0,510,9,0.0,0.0,0.0,0.0,0.02,0.98,0.0,255,9,0.04,0.97,1.0,0.0,0.0,0.0,0.0,0.0,normal,0,1,ATTACK,1,0
0,udp,private,SF,1,0,0,0,0,0,0,0,0,0,0,0,0,0,0,0,0,0,75,2,0.0,0.0,0.0,0.0,0.03,0.68,0.0,255,2,0.01,0.76,0.71,0.0,0.02,0.0,0.26,0.0,normal,0,1,ATTACK,1,0
0,udp,private,SF,50,0,0,0,0,0,0,0,0,0,0,0,0,0,0,0,0,0,3,3,0.0,0.0,0.0,0.0,1.0,0.0,0.0,255,253,0.99,0.01,0.0,0.0,0.0,0.0,0.0,0.0,snmpguess,1,0,NORMAL,0,0
5,tcp,pop_3,SF,32,93,0,0,0,0,0,1,0,0,0,0,0,0,0,0,0,0,1,1,0.0,0.0,0.0,0.0,1.0,0.0,0.0,58,56,0.95,0.03,0.02,0.04,0.0,0.0,0.0,0.0,guess_passwd,1,0,NORMAL,0,0
0,udp,private,SF,45,0,0,0,0,0,0,0,0,0,0,0,0,0,0,0,0,0,3,3,0.0,0.0,0.0,0.0,1.0,0.0,0.0,255,255,1.0,0.0,0.0,0.0,0.0,0.0,0.0,0.0,snmpguess,1,0,NORMAL,0,0
8076,tcp,telnet,S2,0,15,0,0,0,0,0,0,0,0,0,0,0,0,0,0,0,0,1,1,1.0,1.0,0.0,0.0,1.0,0.0,0.0,255,88,0.35,0.02,0.0,0.0,0.64,0.5,0.01,0.01,processtable,1,0,NORMAL,0,0
277,tcp,X11,SF,61712,36604,0,0,0,0,0,0,0,0,0,0,0,0,0,0,0,0,1,1,0.0,0.0,0.0,0.0,1.0,0.0,0.0,7,1,0.14,0.29,0.14,0.0,0.0,0.0,0.0,0.0,named,1,0,NORMAL,0,0
0,tcp,pop_3,SF,30,217,0,0,0,0,0,1,0,0,0,0,0,0,0,0,0,0,1,1,0.0,0.0,0.0,0.0,1.0,0.0,0.0,31,4,0.13,0.16,0.03,0.0,0.0,0.0,0.0,0.0,guess_passwd,1,0,NORMAL,0,0
0,tcp,pop_3,REJ,0,0,0,0,0,0,0,0,0,0,0,0,0,0,0,0,0,0,1,8,0.0,0.0,1.0,1.0,1.0,0.0,1.0,255,21,0.08,0.02,0.0,0.0,0.15,0.0,0.24,1.0,mscan,1,0,NORMAL,0,0
0,tcp,ftp_data,SF,12,0,0,0,0,0,0,0,0,0,0,0,0,0,0,0,0,0,2,2,0.0,0.0,0.0,0.0,1.0,0.0,0.0,9,8,0.89,0.22,0.89,0.0,0.0,0.0,0.0,0.0,warezmaster,1,0,NORMAL,0,0
0,tcp,ftp,SF,26,157,0,0,0,0,1,0,0,0,0,0,0,0,0,0,0,1,1,1,0.0,0.0,0.0,0.0,1.0,0.0,0.0,85,47,0.55,0.05,0.01,0.0,0.0,0.0,0.0,0.0,guess_passwd,1,0,NORMAL,0,0
0,udp,private,SF,46,0,0,0,0,0,0,0,0,0,0,0,0,0,0,0,0,0,3,3,0.0,0.0,0.0,0.0,1.0,0.0,0.0,255,254,1.0,0.01,0.02,0.0,0.0,0.0,0.0,0.0,snmpguess,1,0,NORMAL,0,0
0,tcp,ftp,SF,26,157,0,0,0,0,1,0,0,0,0,0,0,0,0,0,0,1,1,1,0.0,0.0,0.0,0.0,1.0,0.0,0.0,194,93,0.48,0.03,0.01,0.0,0.0,0.0,0.0,0.0,guess_passwd,1,0,NORMAL,0,0
92,tcp,telnet,SF,2458,9336,0,0,0,6,0,1,8,1,0,2,0,0,0,0,0,0,1,1,0.0,0.0,0.0,0.0,1.0,0.0,0.0,146,19,0.13,0.03,0.01,0.0,0.0,0.0,0.0,0.0,buffer_overflow,1,0,NORMAL,0,0
1,tcp,smtp,SF,2599,293,0,0,0,0,0,1,0,0,0,0,0,0,0,0,0,0,2,2,0.0,0.0,0.0,0.0,1.0,0.0,0.0,255,164,0.64,0.13,0.0,0.0,0.0,0.0,0.35,0.0,mailbomb,1,0,NORMAL,0,0
0,udp,private,SF,49,0,0,0,0,0,0,0,0,0,0,0,0,0,0,0,0,0,6,6,0.0,0.0,0.0,0.0,1.0,0.0,0.0,255,255,1.0,0.0,0.01,0.0,0.0,0.0,0.0,0.0,snmpguess,1,0,NORMAL,0,0
7505,tcp,telnet,SF,0,44,0,0,0,0,0,0,0,0,0,0,0,0,0,0,0,0,1,1,0.0,0.0,0.0,0.0,1.0,0.0,0.0,255,200,0.78,0.03,0.0,0.0,0.33,0.43,0.12,0.07,processtable,1,0,NORMAL,0,0
0,tcp,telnet,SF,124,174,0,0,0,0,1,0,0,0,0,0,0,0,0,0,0,0,1,1,0.0,0.0,0.0,0.0,1.0,0.0,0.0,255,50,0.2,0.02,0.0,0.0,0.0,0.0,0.01,0.04,guess_passwd,1,0,NORMAL,0,0
0,tcp,other,REJ,0,0,0,0,0,0,0,0,0,0,0,0,0,0,0,0,0,0,1,1,0.0,0.0,1.0,1.0,1.0,0.0,0.0,123,21,0.17,0.06,0.01,0.0,0.0,0.0,0.12,0.71,httptunnel,1,0,NORMAL,0,0
7266,tcp,telnet,SF,0,44,0,0,0,0,0,0,0,0,0,0,0,0,0,0,0,0,2,1,0.0,0.0,0.5,0.0,0.5,1.0,0.0,255,229,0.9,0.11,0.0,0.0,0.5,0.55,0.11,0.01,processtable,1,0,NORMAL,0,0
0,icmp,ecr_i,SF,1480,0,0,1,0,0,0,0,0,0,0,0,0,0,0,0,0,0,2,4,0.0,0.0,0.0,0.0,1.0,0.0,0.5,2,22,1.0,0.0,1.0,0.5,0.0,0.0,0.0,0.0,normal,0,1,ATTACK,1,0
0,udp,private,SF,46,0,0,0,0,0,0,0,0,0,0,0,0,0,0,0,0,0,3,3,0.0,0.0,0.0,0.0,1.0,0.0,0.0,255,255,1.0,0.0,0.02,0.0,0.0,0.0,0.0,0.0,snmpguess,1,0,NORMAL,0,0
0,tcp,sunrpc,REJ,0,0,0,0,0,0,0,0,0,0,0,0,0,0,0,0,0,0,1,2,0.0,0.0,1.0,1.0,1.0,0.0,1.0,255,21,0.08,0.03,0.0,0.0,0.02,0.0,0.38,1.0,mscan,1,0,NORMAL,0,0
0,tcp,other,REJ,0,0,0,0,0,0,0,0,0,0,0,0,0,0,0,0,0,0,1,1,0.0,0.0,1.0,1.0,1.0,0.0,0.0,81,5,0.06,0.04,0.01,0.0,0.0,0.0,0.06,1.0,httptunnel,1,0,NORMAL,0,0
4,tcp,pop_3,SF,30,93,0,0,0,0,0,1,0,0,0,0,0,0,0,0,0,0,1,1,0.0,0.0,0.0,0.0,1.0,0.0,0.0,255,248,0.97,0.02,0.0,0.0,0.0,0.0,0.02,0.0,guess_passwd,1,0,NORMAL,0,0
0,tcp,other,RSTR,0,0,0,0,0,0,0,0,0,0,0,0,0,0,0,0,0,0,1,1,0.0,0.0,1.0,1.0,1.0,0.0,0.0,255,1,0.0,0.56,0.55,0.0,0.0,0.0,0.55,1.0,normal,0,1,ATTACK,1,0
0,tcp,telnet,S3,0,44,0,0,0,0,0,0,0,0,0,0,0,0,0,0,0,0,1,1,1.0,1.0,0.0,0.0,1.0,0.0,0.0,255,111,0.44,0.03,0.0,0.0,0.14,0.32,0.11,0.12,processtable,1,0,NORMAL,0,0
282,tcp,ftp,SF,162,599,0,0,0,2,0,1,0,0,0,0,0,0,0,0,0,1,1,1,0.0,0.0,0.0,0.0,1.0,0.0,0.0,255,94,0.37,0.03,0.0,0.0,0.0,0.0,0.0,0.0,warezmaster,1,0,NORMAL,0,0
4,tcp,pop_3,SF,28,93,0,0,0,0,0,1,0,0,0,0,0,0,0,0,0,0,1,1,0.0,0.0,0.0,0.0,1.0,0.0,0.0,255,245,0.96,0.02,0.0,0.0,0.0,0.0,0.02,0.0,guess_passwd,1,0,NORMAL,0,0
4,tcp,pop_3,SF,32,93,0,0,0,0,0,1,0,0,0,0,0,0,0,0,0,0,1,1,0.0,0.0,0.0,0.0,1.0,0.0,0.0,38,38,0.97,0.05,0.03,0.05,0.0,0.0,0.0,0.0,guess_passwd,1,0,NORMAL,0,0
7502,tcp,telnet,SF,0,44,0,0,0,0,0,0,0,0,0,0,0,0,0,0,0,0,1,1,0.0,0.0,0.0,0.0,1.0,0.0,0.0,255,191,0.75,0.02,0.0,0.0,0.37,0.37,0.01,0.01,processtable,1,0,NORMAL,0,0
0,udp,other,SF,1,0,0,0,0,0,0,0,0,0,0,0,0,0,0,0,0,0,151,3,0.0,0.0,0.0,0.0,0.02,0.77,0.0,255,3,0.01,0.87,1.0,0.0,0.0,0.0,0.0,0.0,normal,0,1,ATTACK,1,0
0,tcp,sunrpc,REJ,0,0,0,0,0,0,0,0,0,0,0,0,0,0,0,0,0,0,1,7,0.0,0.0,1.0,1.0,1.0,0.0,1.0,255,17,0.07,0.03,0.0,0.0,0.0,0.0,0.37,1.0,mscan,1,0,NORMAL,0,0
0,udp,private,SF,105,146,0,0,0,0,0,0,0,0,0,0,0,0,0,0,0,0,2,2,0.0,0.0,0.0,0.0,1.0,0.0,0.0,255,252,0.99,0.01,0.01,0.0,0.0,0.0,0.0,0.0,snmpgetattack,1,0,NORMAL,0,0
282,tcp,ftp,SF,162,597,0,0,0,2,0,1,0,0,0,0,0,0,0,0,0,1,1,1,0.0,0.0,0.0,0.0,1.0,0.0,0.0,255,7,0.03,0.36,0.0,0.0,0.0,0.0,0.35,0.0,warezmaster,1,0,NORMAL,0,0
818,tcp,http,RSTR,15424,0,0,0,0,0,0,1,0,0,0,0,0,0,0,0,0,0,33,33,0.03,0.03,0.97,0.97,1.0,0.0,0.0,255,253,0.99,0.01,0.0,0.0,0.01,0.01,0.64,0.64,apache2,1,0,NORMAL,0,0
2,tcp,telnet,SF,24,110,0,0,0,0,0,0,0,0,0,0,0,0,0,0,0,0,3,7,0.0,0.14,0.67,0.43,0.67,0.67,0.57,221,88,0.34,0.02,0.0,0.02,0.04,0.09,0.88,0.62,mscan,1,0,NORMAL,0,0
0,tcp,ftp_data,SF,12,0,0,0,0,0,0,0,0,0,0,0,0,0,0,0,0,0,2,2,0.0,0.0,0.0,0.0,1.0,0.0,0.0,4,2,0.5,0.5,0.5,0.0,0.0,0.0,0.0,0.0,warezmaster,1,0,NORMAL,0,0
283,tcp,ftp,SF,162,597,0,0,0,2,0,1,0,0,0,0,0,0,0,0,0,1,1,1,0.0,0.0,0.0,0.0,1.0,0.0,0.0,255,79,0.31,0.03,0.0,0.0,0.02,0.0,0.02,0.0,warezmaster,1,0,NORMAL,0,0
0,tcp,telnet,REJ,0,0,0,0,0,0,0,0,0,0,0,0,0,0,0,0,0,0,1,9,0.0,0.22,1.0,0.78,1.0,0.0,0.89,112,93,0.36,0.04,0.01,0.02,0.05,0.06,0.87,0.61,mscan,1,0,NORMAL,0,0
0,udp,private,SF,105,146,0,0,0,0,0,0,0,0,0,0,0,0,0,0,0,0,1,1,0.0,0.0,0.0,0.0,1.0,0.0,0.0,255,254,1.0,0.01,0.01,0.0,0.0,0.0,0.0,0.0,snmpgetattack,1,0,NORMAL,0,0
0,udp,private,SF,50,0,0,0,0,0,0,0,0,0,0,0,0,0,0,0,0,0,2,2,0.0,0.0,0.0,0.0,1.0,0.0,0.0,255,254,1.0,0.01,0.01,0.0,0.0,0.0,0.0,0.0,snmpguess,1,0,NORMAL,0,0
0,tcp,telnet,SF,118,174,0,0,0,0,1,0,0,0,0,0,0,0,0,0,0,0,1,1,0.0,0.0,0.0,0.0,1.0,0.0,0.0,255,122,0.48,0.02,0.0,0.0,0.0,0.0,0.01,0.02,guess_passwd,1,0,NORMAL,0,0
0,tcp,other,REJ,0,0,0,0,0,0,0,0,0,0,0,0,0,0,0,0,0,0,1,1,0.0,0.0,1.0,1.0,1.0,0.0,0.0,87,9,0.1,0.03,0.01,0.0,0.0,0.0,0.1,1.0,httptunnel,1,0,NORMAL,0,0
0,tcp,ftp,SF,25,157,0,0,0,0,1,0,0,0,0,0,0,0,0,0,0,1,1,1,0.0,0.0,0.0,0.0,1.0,0.0,0.0,44,19,0.43,0.09,0.02,0.0,0.0,0.0,0.0,0.0,guess_passwd,1,0,NORMAL,0,0
0,udp,other,SF,1,1,0,0,0,0,0,0,0,0,0,0,0,0,0,0,0,0,159,10,0.0,0.0,0.0,0.0,0.06,0.47,0.0,255,10,0.04,0.65,1.0,0.0,0.0,0.0,0.0,0.0,normal,0,1,ATTACK,1,0
0,tcp,ftp_data,SF,12,0,0,0,0,0,0,0,0,0,0,0,0,0,0,0,0,0,2,2,0.0,0.0,0.0,0.0,1.0,0.0,0.0,7,32,0.86,0.29,0.86,0.16,0.0,0.0,0.0,0.0,warezmaster,1,0,NORMAL,0,0
7216,tcp,telnet,SF,0,44,0,0,0,0,0,0,0,0,0,0,0,0,0,0,0,0,1,1,0.0,0.0,0.0,0.0,1.0,0.0,0.0,255,228,0.89,0.11,0.0,0.0,0.49,0.54,0.11,0.01,processtable,1,0,NORMAL,0,0
900,tcp,domain,RSTO,1562,0,0,0,0,0,0,0,0,0,0,0,0,0,0,0,0,0,1,1,0.0,0.0,1.0,1.0,1.0,0.0,0.0,8,3,0.38,0.25,0.12,0.0,0.0,0.0,0.25,0.67,named,1,0,NORMAL,0,0
0,tcp,telnet,SF,21,97,0,0,0,0,0,0,0,0,0,0,0,0,0,0,0,0,4,14,0.0,0.21,0.75,0.57,0.5,0.75,0.93,255,40,0.16,0.02,0.0,0.0,0.0,0.0,0.24,0.5,mscan,1,0,NORMAL,0,0
0,tcp,telnet,RSTO,125,188,0,0,0,0,1,0,0,0,0,0,0,0,0,0,0,0,1,1,0.0,0.0,1.0,1.0,1.0,0.0,0.0,255,175,0.69,0.02,0.0,0.0,0.0,0.0,0.02,0.03,guess_passwd,1,0,NORMAL,0,0
282,tcp,ftp,SF,158,595,0,0,0,2,0,1,0,0,0,0,0,0,0,0,0,1,1,1,0.0,0.0,0.0,0.0,1.0,0.0,0.0,9,1,0.11,1.0,0.11,0.0,0.0,0.0,0.67,0.0,warezmaster,1,0,NORMAL,0,0
281,tcp,ftp,SF,159,595,0,0,0,2,0,1,0,0,0,0,0,0,0,0,0,1,1,1,0.0,0.0,0.0,0.0,1.0,0.0,0.0,255,100,0.39,0.03,0.0,0.0,0.0,0.0,0.0,0.0,warezmaster,1,0,NORMAL,0,0
8100,tcp,telnet,SF,0,15,0,0,0,0,0,0,0,0,0,0,0,0,0,0,0,0,1,1,0.0,0.0,0.0,0.0,1.0,0.0,0.0,255,84,0.33,0.02,0.0,0.0,0.66,0.52,0.01,0.02,processtable,1,0,NORMAL,0,0
0,tcp,telnet,S3,0,44,0,0,0,0,0,0,0,0,0,0,0,0,0,0,0,0,1,1,1.0,1.0,0.0,0.0,1.0,0.0,0.0,255,96,0.38,0.03,0.0,0.0,0.07,0.18,0.11,0.14,processtable,1,0,NORMAL,0,0
283,tcp,ftp,SF,160,597,0,0,0,2,0,1,0,0,0,0,0,0,0,0,0,1,1,1,0.0,0.0,0.0,0.0,1.0,0.0,0.0,255,29,0.11,0.03,0.0,0.0,0.44,0.0,0.02,0.0,warezmaster,1,0,NORMAL,0,0
6,tcp,ftp,SF,50,199,0,0,0,0,0,1,0,0,0,0,0,0,0,0,0,0,1,1,0.0,0.0,0.0,0.0,1.0,0.0,0.0,25,19,0.76,0.12,0.04,0.0,0.0,0.0,0.0,0.0,ps,1,0,NORMAL,0,0
0,tcp,other,REJ,0,0,0,0,0,0,0,0,0,0,0,0,0,0,0,0,0,0,1,1,0.0,0.0,1.0,1.0,1.0,0.0,0.0,255,9,0.04,0.01,0.0,0.0,0.0,0.0,0.04,1.0,httptunnel,1,0,NORMAL,0,0
8089,tcp,telnet,S3,1,15,0,0,0,0,0,0,0,0,0,0,0,0,0,0,0,0,1,1,1.0,1.0,0.0,0.0,1.0,0.0,0.0,255,39,0.15,0.75,0.0,0.0,0.05,0.36,0.73,0.0,processtable,1,0,NORMAL,0,0
7549,tcp,telnet,SF,0,44,0,0,0,0,0,0,0,0,0,0,0,0,0,0,0,0,1,1,0.0,0.0,0.0,0.0,1.0,0.0,0.0,255,189,0.74,0.03,0.0,0.0,0.33,0.45,0.12,0.07,processtable,1,0,NORMAL,0,0
0,tcp,telnet,S3,0,44,0,0,0,0,0,0,0,0,0,0,0,0,0,0,0,0,1,1,1.0,1.0,0.0,0.0,1.0,0.0,0.0,255,114,0.45,0.03,0.0,0.0,0.15,0.33,0.11,0.11,processtable,1,0,NORMAL,0,0
7418,tcp,telnet,SF,0,44,0,0,0,0,0,0,0,0,0,0,0,0,0,0,0,0,1,1,0.0,0.0,0.0,0.0,1.0,0.0,0.0,255,202,0.79,0.2,0.0,0.0,0.5,0.63,0.2,0.01,processtable,1,0,NORMAL,0,0
4,tcp,telnet,SF,24,1254,0,0,0,0,0,0,0,0,0,0,0,0,0,0,0,0,4,35,0.0,0.14,0.75,0.51,0.5,0.75,0.66,6,85,0.33,0.67,0.17,0.04,0.0,0.01,0.5,0.67,mscan,1,0,NORMAL,0,0
282,tcp,ftp,SF,162,599,0,0,0,2,0,1,0,0,0,0,0,0,0,0,0,1,1,1,0.0,0.0,0.0,0.0,1.0,0.0,0.0,207,99,0.48,0.03,0.0,0.0,0.0,0.0,0.0,0.0,warezmaster,1,0,NORMAL,0,0
282,tcp,ftp,SF,160,599,0,0,0,2,0,1,0,0,0,0,0,0,0,0,0,1,1,1,0.0,0.0,0.0,0.0,1.0,0.0,0.0,39,25,0.64,0.08,0.03,0.0,0.0,0.0,0.0,0.0,warezmaster,1,0,NORMAL,0,0
0,udp,private,SF,28,0,0,3,0,0,0,0,0,0,0,0,0,0,0,0,0,0,60,60,0.0,0.0,0.0,0.0,1.0,0.0,0.0,255,60,0.24,0.02,0.24,0.0,0.0,0.0,0.0,0.0,normal,0,1,ATTACK,1,0
0,tcp,telnet,SF,125,174,0,0,0,0,1,0,0,0,0,0,0,0,0,0,0,0,1,1,0.0,0.0,0.0,0.0,1.0,0.0,0.0,255,106,0.42,0.02,0.0,0.0,0.0,0.0,0.01,0.03,guess_passwd,1,0,NORMAL,0,0
0,tcp,telnet,S3,0,44,0,0,0,0,0,0,0,0,0,0,0,0,0,0,0,0,1,1,1.0,1.0,0.0,0.0,1.0,0.0,0.0,255,87,0.34,0.58,0.0,0.0,0.24,0.71,0.57,0.0,processtable,1,0,NORMAL,0,0
0,tcp,telnet,SF,121,174,0,0,0,0,1,0,0,0,0,0,0,0,0,0,0,0,1,1,0.0,0.0,0.0,0.0,1.0,0.0,0.0,255,254,1.0,0.01,0.0,0.0,0.01,0.01,0.01,0.01,guess_passwd,1,0,NORMAL,0,0
0,udp,private,SF,42,0,0,0,0,0,0,0,0,0,0,0,0,0,0,0,0,0,4,4,0.0,0.0,0.0,0.0,1.0,0.0,0.0,255,255,1.0,0.0,0.0,0.0,0.0,0.0,0.0,0.0,snmpguess,1,0,NORMAL,0,0
0,tcp,telnet,REJ,0,0,0,0,0,0,0,0,0,0,0,0,0,0,0,0,0,0,4,11,0.0,0.09,0.75,0.82,0.5,0.75,0.91,255,127,0.5,0.01,0.0,0.0,0.0,0.0,0.67,0.33,mscan,1,0,NORMAL,0,0
0,tcp,telnet,SF,123,174,0,0,0,0,1,0,0,0,0,0,0,0,0,0,0,0,1,1,0.0,0.0,0.0,0.0,1.0,0.0,0.0,255,254,1.0,0.01,0.0,0.0,0.01,0.01,0.01,0.01,guess_passwd,1,0,NORMAL,0,0
0,udp,private,SF,45,0,0,0,0,0,0,0,0,0,0,0,0,0,0,0,0,0,5,5,0.0,0.0,0.0,0.0,1.0,0.0,0.0,255,254,1.0,0.01,0.01,0.0,0.0,0.0,0.0,0.0,snmpguess,1,0,NORMAL,0,0
0,udp,private,SF,28,0,0,3,0,0,0,0,0,0,0,0,0,0,0,0,0,0,82,82,0.0,0.0,0.0,0.0,1.0,0.0,0.0,102,82,0.8,0.03,0.8,0.0,0.0,0.0,0.0,0.0,normal,0,1,ATTACK,1,0
0,udp,private,SF,49,0,0,0,0,0,0,0,0,0,0,0,0,0,0,0,0,0,3,3,0.0,0.0,0.0,0.0,1.0,0.0,0.0,255,255,1.0,0.0,0.0,0.0,0.0,0.0,0.0,0.0,snmpguess,1,0,NORMAL,0,0
0,tcp,telnet,S3,0,44,0,0,0,0,0,0,0,0,0,0,0,0,0,0,0,0,1,1,1.0,1.0,0.0,0.0,1.0,0.0,0.0,255,116,0.45,0.02,0.0,0.0,0.53,0.36,0.01,0.01,processtable,1,0,NORMAL,0,0
0,udp,private,SF,1,1,0,0,0,0,0,0,0,0,0,0,0,0,0,0,0,0,14,4,0.0,0.0,0.0,0.0,0.29,0.29,0.0,255,4,0.02,0.16,1.0,0.0,0.0,0.0,0.0,0.0,normal,0,1,ATTACK,1,0
0,tcp,telnet,RSTO,0,3,0,0,0,0,0,0,0,0,0,0,0,0,0,0,0,0,1,6,0.0,0.33,1.0,0.5,1.0,0.0,0.67,255,80,0.31,0.12,0.0,0.0,0.0,0.0,0.32,0.49,mscan,1,0,NORMAL,0,0
1,tcp,smtp,SF,2599,293,0,0,0,0,0,1,0,0,0,0,0,0,0,0,0,0,4,3,0.0,0.0,0.25,0.0,0.75,0.5,0.0,255,59,0.23,0.15,0.0,0.0,0.0,0.0,0.75,0.0,mailbomb,1,0,NORMAL,0,0
0,udp,private,SF,105,146,0,0,0,0,0,0,0,0,0,0,0,0,0,0,0,0,3,2,0.0,0.0,0.0,0.0,0.67,0.67,0.0,255,252,0.99,0.01,0.0,0.0,0.0,0.0,0.0,0.0,snmpgetattack,1,0,NORMAL,0,0
281,tcp,ftp,SF,158,597,0,0,0,2,0,1,0,0,0,0,0,0,0,0,0,1,2,1,0.0,0.0,0.5,0.0,0.5,1.0,0.0,255,15,0.06,0.79,0.0,0.0,0.0,0.0,0.78,0.0,warezmaster,1,0,NORMAL,0,0
7478,tcp,telnet,SF,0,44,0,0,0,0,0,0,0,0,0,0,0,0,0,0,0,0,1,1,0.0,0.0,0.0,0.0,1.0,0.0,0.0,255,188,0.74,0.25,0.0,0.0,0.5,0.68,0.25,0.01,processtable,1,0,NORMAL,0,0
0,tcp,ftp,SF,26,157,0,0,0,0,1,0,0,0,0,0,0,0,0,0,0,1,1,1,0.0,0.0,0.0,0.0,1.0,0.0,0.0,135,63,0.47,0.03,0.01,0.0,0.0,0.0,0.0,0.0,guess_passwd,1,0,NORMAL,0,0
1,tcp,smtp,SF,2599,293,0,0,0,0,0,1,0,0,0,0,0,0,0,0,0,0,2,2,0.0,0.0,0.0,0.0,1.0,0.0,0.0,255,165,0.65,0.13,0.0,0.0,0.0,0.0,0.34,0.0,mailbomb,1,0,NORMAL,0,0
4,tcp,pop_3,SF,32,93,0,0,0,0,0,1,0,0,0,0,0,0,0,0,0,0,1,1,0.0,0.0,0.0,0.0,1.0,0.0,0.0,240,221,0.92,0.01,0.0,0.0,0.0,0.0,0.04,0.0,guess_passwd,1,0,NORMAL,0,0
0,udp,other,SF,1,0,0,0,0,0,0,0,0,0,0,0,0,0,0,0,0,0,65,10,0.0,0.0,0.0,0.0,0.15,0.86,0.0,255,10,0.04,0.73,1.0,0.0,0.0,0.0,0.0,0.0,normal,0,1,ATTACK,1,0
0,tcp,telnet,S3,0,44,0,0,0,0,0,0,0,0,0,0,0,0,0,0,0,0,1,1,1.0,1.0,0.0,0.0,1.0,0.0,0.0,255,151,0.59,0.37,0.0,0.0,0.48,0.81,0.36,0.01,processtable,1,0,NORMAL,0,0
280,tcp,ftp_data,SF,283618,0,0,0,0,0,0,0,0,0,0,0,0,0,0,0,0,0,2,2,0.0,0.0,0.0,0.0,1.0,0.0,0.0,13,20,0.92,0.15,0.92,0.1,0.0,0.0,0.0,0.0,warezmaster,1,0,NORMAL,0,0
0,tcp,telnet,S3,0,44,0,0,0,0,0,0,0,0,0,0,0,0,0,0,0,0,1,1,1.0,1.0,0.0,0.0,1.0,0.0,0.0,255,145,0.57,0.02,0.0,0.0,0.53,0.49,0.01,0.01,processtable,1,0,NORMAL,0,0
5,tcp,pop_3,SF,30,93,0,0,0,0,0,1,0,0,0,0,0,0,0,0,0,0,1,1,0.0,0.0,0.0,0.0,1.0,0.0,0.0,255,252,0.99,0.01,0.0,0.0,0.0,0.0,0.0,0.0,guess_passwd,1,0,NORMAL,0,0
0,udp,private,SF,42,0,0,0,0,0,0,0,0,0,0,0,0,0,0,0,0,0,2,2,0.0,0.0,0.0,0.0,1.0,0.0,0.0,255,253,0.99,0.01,0.0,0.0,0.0,0.0,0.0,0.0,snmpguess,1,0,NORMAL,0,0
0,tcp,telnet,REJ,0,0,0,0,0,0,0,0,0,0,0,0,0,0,0,0,0,0,1,24,0.0,0.08,1.0,0.71,1.0,0.0,0.96,22,101,0.32,0.23,0.05,0.02,0.0,0.0,0.86,0.45,mscan,1,0,NORMAL,0,0
0,udp,private,SF,45,0,0,0,0,0,0,0,0,0,0,0,0,0,0,0,0,0,4,4,0.0,0.0,0.0,0.0,1.0,0.0,0.0,255,255,1.0,0.0,0.02,0.0,0.0,0.0,0.0,0.0,snmpguess,1,0,NORMAL,0,0
8076,tcp,telnet,SF,0,15,0,0,0,0,0,0,0,0,0,0,0,0,0,0,0,0,1,1,0.0,0.0,0.0,0.0,1.0,0.0,0.0,255,70,0.27,0.03,0.0,0.0,0.0,0.01,0.11,0.19,processtable,1,0,NORMAL,0,0
0,udp,private,SF,1,0,0,0,0,0,0,0,0,0,0,0,0,0,0,0,0,0,12,11,0.0,0.0,0.0,0.0,0.92,0.17,0.0,255,11,0.04,0.17,1.0,0.0,0.0,0.0,0.0,0.0,normal,0,1,ATTACK,1,0
7376,tcp,telnet,SF,0,44,0,0,0,0,0,0,0,0,0,0,0,0,0,0,0,0,1,1,0.0,0.0,0.0,0.0,1.0,0.0,0.0,255,228,0.89,0.02,0.0,0.0,0.33,0.37,0.11,0.06,processtable,1,0,NORMAL,0,0
6,tcp,pop_3,SF,30,93,0,0,0,0,0,1,0,0,0,0,0,0,0,0,0,0,1,1,0.0,0.0,0.0,0.0,1.0,0.0,0.0,255,222,0.87,0.04,0.0,0.0,0.0,0.0,0.0,0.0,guess_passwd,1,0,NORMAL,0,0
0,icmp,ecr_i,SF,1480,0,0,1,0,0,0,0,0,0,0,0,0,0,0,0,0,0,2,4,0.0,0.0,0.0,0.0,1.0,0.0,0.5,2,36,1.0,0.0,1.0,0.5,0.0,0.0,0.0,0.0,normal,0,1,ATTACK,1,0
0,tcp,telnet,SF,122,174,0,0,0,0,1,0,0,0,0,0,0,0,0,0,0,0,1,1,0.0,0.0,0.0,0.0,1.0,0.0,0.0,255,251,0.98,0.01,0.0,0.0,0.0,0.0,0.02,0.02,guess_passwd,1,0,NORMAL,0,0
0,tcp,telnet,REJ,0,0,0,0,0,0,0,0,0,0,0,0,0,0,0,0,0,0,1,8,0.0,0.0,1.0,0.88,1.0,0.0,0.88,96,84,0.33,0.05,0.01,0.02,0.0,0.0,0.89,0.69,mscan,1,0,NORMAL,0,0
0,udp,private,SF,1,0,0,0,0,0,0,0,0,0,0,0,0,0,0,0,0,0,106,3,0.0,0.0,0.0,0.0,0.03,0.98,0.0,255,3,0.01,0.82,1.0,0.0,0.0,0.0,0.0,0.0,normal,0,1,ATTACK,1,0
4,tcp,pop_3,SF,32,93,0,0,0,0,0,1,0,0,0,0,0,0,0,0,0,0,1,1,0.0,0.0,0.0,0.0,1.0,0.0,0.0,255,214,0.84,0.02,0.0,0.0,0.0,0.0,0.07,0.0,guess_passwd,1,0,NORMAL,0,0
0,udp,domain_u,SF,1,0,0,0,0,0,0,0,0,0,0,0,0,0,0,0,0,0,71,4,0.0,0.0,0.0,0.0,0.06,0.68,0.0,255,4,0.02,0.89,0.35,0.0,0.09,0.0,0.55,0.0,normal,0,1,ATTACK,1,0
0,tcp,ftp,SF,25,157,0,0,0,0,1,0,0,0,0,0,0,0,0,0,0,1,1,1,0.0,0.0,0.0,0.0,1.0,0.0,0.0,40,17,0.43,0.1,0.03,0.0,0.0,0.0,0.0,0.0,guess_passwd,1,0,NORMAL,0,0
4,tcp,pop_3,SF,28,93,0,0,0,0,0,1,0,0,0,0,0,0,0,0,0,0,1,1,0.0,0.0,0.0,0.0,1.0,0.0,0.0,255,248,0.97,0.01,0.01,0.0,0.0,0.0,0.0,0.0,guess_passwd,1,0,NORMAL,0,0
0,tcp,telnet,S3,0,44,0,0,0,0,0,0,0,0,0,0,0,0,0,0,0,0,1,1,1.0,1.0,0.0,0.0,1.0,0.0,0.0,255,119,0.47,0.48,0.0,0.0,0.36,0.76,0.47,0.02,processtable,1,0,NORMAL,0,0
1,tcp,smtp,SF,2599,293,0,0,0,0,0,1,0,0,0,0,0,0,0,0,0,0,2,2,0.0,0.0,0.0,0.0,1.0,0.0,0.0,255,246,0.96,0.04,0.0,0.0,0.0,0.0,0.03,0.0,mailbomb,1,0,NORMAL,0,0
789,tcp,http,RSTR,2464,1,0,0,0,0,0,1,0,0,0,0,0,0,0,0,0,0,37,37,0.03,0.03,0.97,0.97,1.0,0.0,0.0,255,253,0.99,0.01,0.0,0.0,0.01,0.01,0.62,0.63,apache2,1,0,NORMAL,0,0
0,tcp,sunrpc,REJ,0,0,0,0,0,0,0,0,0,0,0,0,0,0,0,0,0,0,1,3,0.0,0.0,1.0,1.0,1.0,0.0,1.0,255,33,0.13,0.03,0.0,0.0,0.0,0.0,0.63,1.0,mscan,1,0,NORMAL,0,0
280,tcp,ftp_data,SF,283618,0,0,0,0,0,0,0,0,0,0,0,0,0,0,0,0,0,1,1,0.0,0.0,0.0,0.0,1.0,0.0,0.0,6,31,0.83,0.33,0.83,0.16,0.0,0.0,0.0,0.0,warezmaster,1,0,NORMAL,0,0
3,tcp,pop_3,SF,28,93,0,0,0,0,0,1,0,0,0,0,0,0,0,0,0,0,1,1,0.0,0.0,0.0,0.0,1.0,0.0,0.0,255,236,0.93,0.01,0.0,0.0,0.0,0.0,0.04,0.0,guess_passwd,1,0,NORMAL,0,0
0,udp,private,SF,46,0,0,0,0,0,0,0,0,0,0,0,0,0,0,0,0,0,4,4,0.0,0.0,0.0,0.0,1.0,0.0,0.0,255,254,1.0,0.01,0.02,0.0,0.0,0.0,0.0,0.0,snmpguess,1,0,NORMAL,0,0
7530,tcp,telnet,SF,0,44,0,0,0,0,0,0,0,0,0,0,0,0,0,0,0,0,1,1,0.0,0.0,0.0,0.0,1.0,0.0,0.0,255,175,0.69,0.29,0.0,0.0,0.5,0.73,0.29,0.01,processtable,1,0,NORMAL,0,0
4,tcp,pop_3,SF,32,93,0,0,0,0,0,1,0,0,0,0,0,0,0,0,0,0,1,1,0.0,0.0,0.0,0.0,1.0,0.0,0.0,255,246,0.96,0.01,0.0,0.0,0.0,0.0,0.01,0.0,guess_passwd,1,0,NORMAL,0,0
0,udp,private,SF,41,0,0,0,0,0,0,0,0,0,0,0,0,0,0,0,0,0,3,3,0.0,0.0,0.0,0.0,1.0,0.0,0.0,255,253,0.99,0.01,0.0,0.0,0.0,0.0,0.0,0.0,snmpguess,1,0,NORMAL,0,0
0,tcp,telnet,SF,123,174,0,0,0,0,1,0,0,0,0,0,0,0,0,0,0,0,1,1,0.0,0.0,0.0,0.0,1.0,0.0,0.0,255,5,0.02,0.02,0.0,0.0,0.0,0.0,0.0,0.2,guess_passwd,1,0,NORMAL,0,0
0,tcp,telnet,SF,122,174,0,0,0,0,1,0,0,0,0,0,0,0,0,0,0,0,1,1,0.0,0.0,0.0,0.0,1.0,0.0,0.0,255,48,0.19,0.02,0.0,0.0,0.0,0.0,0.01,0.04,guess_passwd,1,0,NORMAL,0,0
0,tcp,imap4,RSTO,0,44,0,0,0,0,0,0,0,0,0,0,0,0,0,0,0,0,1,2,0.0,0.0,1.0,1.0,1.0,0.0,1.0,255,38,0.15,0.03,0.0,0.0,0.02,0.08,0.52,0.87,mscan,1,0,NORMAL,0,0
282,tcp,ftp,SF,158,595,0,0,0,2,0,1,0,0,0,0,0,0,0,0,0,1,1,1,0.0,0.0,0.0,0.0,1.0,0.0,0.0,255,68,0.27,0.03,0.0,0.0,0.07,0.0,0.02,0.0,warezmaster,1,0,NORMAL,0,0
0,tcp,ftp,SF,26,157,0,0,0,0,1,0,0,0,0,0,0,0,0,0,0,1,1,1,0.0,0.0,0.0,0.0,1.0,0.0,0.0,196,94,0.48,0.03,0.01,0.0,0.0,0.0,0.0,0.0,guess_passwd,1,0,NORMAL,0,0
282,tcp,ftp,SF,160,595,0,0,0,2,0,1,0,0,0,0,0,0,0,0,0,1,1,1,0.0,0.0,0.0,0.0,1.0,0.0,0.0,151,52,0.34,0.04,0.01,0.0,0.0,0.0,0.0,0.0,warezmaster,1,0,NORMAL,0,0
0,udp,private,SF,47,0,0,0,0,0,0,0,0,0,0,0,0,0,0,0,0,0,3,3,0.0,0.0,0.0,0.0,1.0,0.0,0.0,255,254,1.0,0.01,0.01,0.0,0.0,0.0,0.0,0.0,snmpguess,1,0,NORMAL,0,0
0,tcp,http,S0,0,0,0,0,0,0,0,0,0,0,0,0,0,0,0,0,0,0,14,14,1.0,1.0,0.0,0.0,1.0,0.0,0.0,255,245,0.96,0.01,0.0,0.0,0.18,0.19,0.56,0.59,apache2,1,0,NORMAL,0,0
0,tcp,other,REJ,0,0,0,0,0,0,0,0,0,0,0,0,0,0,0,0,0,0,1,1,0.0,0.0,1.0,1.0,1.0,0.0,0.0,255,34,0.13,0.02,0.0,0.0,0.0,0.0,0.11,0.76,httptunnel,1,0,NORMAL,0,0
0,tcp,ftp_data,SF,12,0,0,0,0,0,0,0,0,0,0,0,0,0,0,0,0,0,1,1,0.0,0.0,0.0,0.0,1.0,0.0,0.0,12,3,0.25,0.17,0.25,0.0,0.0,0.0,0.0,0.0,warezmaster,1,0,NORMAL,0,0
0,tcp,other,REJ,0,0,0,0,0,0,0,0,0,0,0,0,0,0,0,0,0,0,1,1,0.0,0.0,1.0,1.0,1.0,0.0,0.0,255,17,0.07,0.02,0.0,0.0,0.0,0.0,0.08,1.0,httptunnel,1,0,NORMAL,0,0
8120,tcp,telnet,SF,0,15,0,0,0,0,0,0,0,0,0,0,0,0,0,0,0,0,1,1,0.0,0.0,0.0,0.0,1.0,0.0,0.0,255,61,0.24,0.04,0.0,0.0,0.0,0.02,0.11,0.21,processtable,1,0,NORMAL,0,0
7438,tcp,telnet,SF,0,44,0,0,0,0,0,0,0,0,0,0,0,0,0,0,0,0,1,1,0.0,0.0,0.0,0.0,1.0,0.0,0.0,255,198,0.78,0.21,0.0,0.0,0.5,0.64,0.21,0.01,processtable,1,0,NORMAL,0,0
4,tcp,pop_3,SF,32,93,0,0,0,0,0,1,0,0,0,0,0,0,0,0,0,0,1,1,0.0,0.0,0.0,0.0,1.0,0.0,0.0,19,20,1.0,0.0,0.05,0.1,0.0,0.0,0.0,0.0,guess_passwd,1,0,NORMAL,0,0
0,tcp,telnet,RSTO,15,94,0,0,0,0,0,0,0,0,0,0,0,0,0,0,0,0,1,3,0.0,0.0,1.0,0.67,1.0,0.0,0.67,145,128,0.5,0.02,0.01,0.02,0.0,0.0,0.84,0.52,mscan,1,0,NORMAL,0,0
8232,tcp,telnet,S2,0,15,0,0,0,0,0,0,0,0,0,0,0,0,0,0,0,0,1,1,1.0,1.0,0.0,0.0,1.0,0.0,0.0,255,32,0.13,0.04,0.0,0.0,0.0,0.03,0.08,0.31,processtable,1,0,NORMAL,0,0
5,tcp,telnet,SF,0,0,0,0,0,0,0,0,0,0,0,0,0,0,0,0,0,0,1,5,0.0,0.0,0.0,0.4,1.0,0.0,0.8,3,88,0.33,0.67,0.33,0.03,0.0,0.0,0.0,0.66,mscan,1,0,NORMAL,0,0
282,tcp,ftp,SF,158,595,0,0,0,2,0,1,0,0,0,0,0,0,0,0,0,1,1,1,0.0,0.0,0.0,0.0,1.0,0.0,0.0,255,48,0.19,0.02,0.0,0.0,0.0,0.0,0.55,0.0,warezmaster,1,0,NORMAL,0,0
11,tcp,telnet,SF,118,2425,0,0,0,0,0,1,0,0,0,0,0,0,0,0,0,0,1,2,0.0,0.0,0.0,0.0,1.0,0.0,1.0,255,10,0.04,0.01,0.0,0.0,0.0,0.0,0.02,0.6,guess_passwd,1,0,NORMAL,0,0
60,tcp,telnet,S3,132,178,0,0,0,0,1,0,0,0,0,0,0,0,0,0,0,0,1,1,1.0,1.0,0.0,0.0,1.0,0.0,0.0,255,5,0.02,0.35,0.0,0.0,0.01,0.2,0.65,0.4,guess_passwd,1,0,NORMAL,0,0
282,tcp,ftp,SF,160,597,0,0,0,2,0,1,0,0,0,0,0,0,0,0,0,1,1,1,0.0,0.0,0.0,0.0,1.0,0.0,0.0,255,14,0.05,0.84,0.0,0.0,0.0,0.0,0.82,0.0,warezmaster,1,0,NORMAL,0,0
0,udp,private,SF,41,0,0,0,0,0,0,0,0,0,0,0,0,0,0,0,0,0,2,2,0.0,0.0,0.0,0.0,1.0,0.0,0.0,255,253,0.99,0.01,0.01,0.0,0.0,0.0,0.0,0.0,snmpguess,1,0,NORMAL,0,0
4,tcp,pop_3,SF,26,93,0,0,0,0,0,1,0,0,0,0,0,0,0,0,0,0,1,1,0.0,0.0,0.0,0.0,1.0,0.0,0.0,169,151,0.89,0.02,0.01,0.01,0.0,0.0,0.06,0.0,guess_passwd,1,0,NORMAL,0,0
0,tcp,telnet,S3,0,44,0,0,0,0,0,0,0,0,0,0,0,0,0,0,0,0,1,1,1.0,1.0,0.0,0.0,1.0,0.0,0.0,255,88,0.35,0.03,0.0,0.0,0.04,0.1,0.11,0.15,processtable,1,0,NORMAL,0,0
280,tcp,ftp_data,SF,283618,0,0,0,0,0,0,0,0,0,0,0,0,0,0,0,0,0,2,2,0.0,0.0,0.0,0.0,1.0,0.0,0.0,3,4,0.67,0.67,0.67,0.5,0.0,0.0,0.0,0.0,warezmaster,1,0,NORMAL,0,0
1,tcp,smtp,SF,2599,293,0,0,0,0,0,1,0,0,0,0,0,0,0,0,0,0,2,2,0.0,0.0,0.0,0.0,1.0,0.0,0.0,255,14,0.05,0.16,0.0,0.0,0.0,0.0,0.93,0.0,mailbomb,1,0,NORMAL,0,0
0,udp,private,SF,47,0,0,0,0,0,0,0,0,0,0,0,0,0,0,0,0,0,3,3,0.0,0.0,0.0,0.0,1.0,0.0,0.0,255,253,0.99,0.01,0.01,0.0,0.0,0.0,0.0,0.0,snmpguess,1,0,NORMAL,0,0
0,tcp,telnet,SF,119,174,0,0,0,0,1,0,0,0,0,0,0,0,0,0,0,0,1,1,0.0,0.0,0.0,0.0,1.0,0.0,0.0,255,16,0.06,0.02,0.01,0.0,0.0,0.0,0.0,0.06,guess_passwd,1,0,NORMAL,0,0
4,tcp,pop_3,SF,28,93,0,0,0,0,0,1,0,0,0,0,0,0,0,0,0,0,1,1,0.0,0.0,0.0,0.0,1.0,0.0,0.0,255,230,0.9,0.02,0.0,0.0,0.0,0.0,0.06,0.0,guess_passwd,1,0,NORMAL,0,0
4,tcp,pop_3,SF,28,93,0,0,0,0,0,1,0,0,0,0,0,0,0,0,0,0,1,1,0.0,0.0,0.0,0.0,1.0,0.0,0.0,255,150,0.59,0.02,0.0,0.0,0.0,0.0,0.14,0.0,guess_passwd,1,0,NORMAL,0,0
0,udp,private,SF,105,146,0,0,0,0,0,0,0,0,0,0,0,0,0,0,0,0,4,3,0.0,0.0,0.0,0.0,0.75,0.5,0.0,255,251,0.98,0.01,0.0,0.0,0.0,0.0,0.0,0.0,snmpgetattack,1,0,NORMAL,0,0
11,tcp,pop_3,SF,30,93,0,0,0,0,0,1,0,0,0,0,0,0,0,0,0,0,1,1,0.0,0.0,0.0,0.0,1.0,0.0,0.0,255,249,0.98,0.01,0.0,0.0,0.0,0.0,0.01,0.0,guess_passwd,1,0,NORMAL,0,0
0,tcp,telnet,REJ,0,0,0,0,0,0,0,0,0,0,0,0,0,0,0,0,0,0,1,17,0.0,0.12,1.0,0.71,1.0,0.0,0.76,241,6,0.02,0.03,0.0,0.0,0.0,0.17,0.05,0.67,mscan,1,0,NORMAL,0,0
0,tcp,telnet,SF,123,174,0,0,0,0,1,0,0,0,0,0,0,0,0,0,0,0,1,1,0.0,0.0,0.0,0.0,1.0,0.0,0.0,255,255,1.0,0.0,0.0,0.0,0.0,0.0,0.02,0.02,guess_passwd,1,0,NORMAL,0,0
0,udp,private,SF,28,0,0,3,0,0,0,0,0,0,0,0,0,0,0,0,0,0,38,38,0.0,0.0,0.0,0.0,1.0,0.0,0.0,58,38,0.66,0.05,0.66,0.0,0.0,0.0,0.0,0.0,normal,0,1,ATTACK,1,0
0,udp,private,SF,42,0,0,0,0,0,0,0,0,0,0,0,0,0,0,0,0,0,4,4,0.0,0.0,0.0,0.0,1.0,0.0,0.0,255,255,1.0,0.0,0.01,0.0,0.0,0.0,0.0,0.0,snmpguess,1,0,NORMAL,0,0
788,tcp,http,RSTR,1024,0,0,0,0,0,0,1,0,0,0,0,0,0,0,0,0,0,65,65,0.03,0.03,0.97,0.97,1.0,0.0,0.0,255,253,0.99,0.01,0.0,0.0,0.01,0.01,0.51,0.52,apache2,1,0,NORMAL,0,0
0,tcp,telnet,SF,120,174,0,0,0,0,1,0,0,0,0,0,0,0,0,0,0,0,1,1,0.0,0.0,0.0,0.0,1.0,0.0,0.0,255,248,0.97,0.01,0.0,0.0,0.0,0.0,0.02,0.02,guess_passwd,1,0,NORMAL,0,0
1,tcp,telnet,RSTO,0,15,0,0,0,0,0,0,0,0,0,0,0,0,0,0,0,0,4,10,0.0,0.1,0.75,0.6,0.5,0.75,0.7,180,90,0.33,0.03,0.01,0.02,0.02,0.01,0.88,0.63,mscan,1,0,NORMAL,0,0
1,tcp,telnet,RSTO,0,3,0,0,0,0,0,0,0,0,0,0,0,0,0,0,0,0,1,6,0.0,0.17,1.0,0.5,1.0,0.0,0.67,255,90,0.35,0.05,0.0,0.0,0.0,0.0,0.35,0.49,mscan,1,0,NORMAL,0,0
1,tcp,smtp,SF,2599,293,0,0,0,0,0,1,0,0,0,0,0,0,0,0,0,0,2,2,0.0,0.0,0.0,0.0,1.0,0.0,0.0,255,121,0.47,0.15,0.0,0.0,0.0,0.0,0.51,0.0,mailbomb,1,0,NORMAL,0,0
0,udp,private,SF,28,0,0,3,0,0,0,0,0,0,0,0,0,0,0,0,0,0,52,52,0.0,0.0,0.0,0.0,1.0,0.0,0.0,72,52,0.72,0.04,0.72,0.0,0.0,0.0,0.0,0.0,normal,0,1,ATTACK,1,0
4,tcp,pop_3,SF,32,93,0,0,0,0,0,1,0,0,0,0,0,0,0,0,0,0,1,1,0.0,0.0,0.0,0.0,1.0,0.0,0.0,226,207,0.92,0.01,0.0,0.0,0.0,0.0,0.04,0.0,guess_passwd,1,0,NORMAL,0,0
281,tcp,ftp,SF,162,597,0,0,0,2,0,1,0,0,0,0,0,0,0,0,0,1,1,1,0.0,0.0,0.0,0.0,1.0,0.0,0.0,33,2,0.06,0.88,0.03,0.0,0.0,0.0,0.79,0.0,warezmaster,1,0,NORMAL,0,0
282,tcp,ftp,SF,156,595,0,0,0,2,0,1,0,0,0,0,0,0,0,0,0,1,1,1,0.0,0.0,0.0,0.0,1.0,0.0,0.0,225,113,0.5,0.03,0.0,0.0,0.0,0.0,0.0,0.0,warezmaster,1,0,NORMAL,0,0
5,tcp,pop_3,SF,26,93,0,0,0,0,0,1,0,0,0,0,0,0,0,0,0,0,1,1,0.0,0.0,0.0,0.0,1.0,0.0,0.0,255,228,0.89,0.02,0.0,0.0,0.0,0.0,0.07,0.0,guess_passwd,1,0,NORMAL,0,0
7258,tcp,telnet,SF,0,44,0,0,0,0,0,0,0,0,0,0,0,0,0,0,0,0,1,1,0.0,0.0,0.0,0.0,1.0,0.0,0.0,255,228,0.89,0.11,0.0,0.0,0.5,0.56,0.11,0.01,processtable,1,0,NORMAL,0,0
0,icmp,eco_i,SF,40008,0,0,0,0,0,0,0,0,0,0,0,0,0,0,0,0,0,3,3,0.0,0.0,0.0,0.0,1.0,0.0,0.0,176,145,0.38,0.03,0.38,0.28,0.0,0.0,0.02,0.0,normal,0,1,ATTACK,1,0
0,tcp,ftp_data,SF,12,0,0,0,0,0,0,0,0,0,0,0,0,0,0,0,0,0,2,2,0.0,0.0,0.0,0.0,1.0,0.0,0.0,8,34,1.0,0.0,1.0,0.12,0.0,0.0,0.0,0.0,warezmaster,1,0,NORMAL,0,0
0,tcp,ftp_data,SF,12,0,0,0,0,0,0,0,0,0,0,0,0,0,0,0,0,0,2,2,0.0,0.0,0.0,0.0,1.0,0.0,0.0,10,10,1.0,0.0,1.0,0.0,0.0,0.0,0.0,0.0,warezmaster,1,0,NORMAL,0,0
0,icmp,ecr_i,SF,40008,0,0,0,0,0,0,0,0,0,0,0,0,0,0,0,0,0,3,3,0.0,0.0,0.0,0.0,1.0,0.0,0.0,68,68,1.0,0.0,1.0,0.0,0.0,0.0,0.0,0.0,normal,0,1,ATTACK,1,0
1,tcp,smtp,SF,2599,293,0,0,0,0,0,1,0,0,0,0,0,0,0,0,0,0,2,2,0.0,0.0,0.0,0.0,1.0,0.0,0.0,255,128,0.5,0.15,0.0,0.0,0.0,0.0,0.48,0.0,mailbomb,1,0,NORMAL,0,0
283,tcp,ftp,SF,158,595,0,0,0,2,0,1,0,0,0,0,0,0,0,0,0,1,1,1,0.0,0.0,0.0,0.0,1.0,0.0,0.0,255,93,0.36,0.03,0.0,0.0,0.02,0.0,0.01,0.0,warezmaster,1,0,NORMAL,0,0
0,tcp,telnet,SF,124,174,0,0,0,0,1,0,0,0,0,0,0,0,0,0,0,0,1,1,0.0,0.0,0.0,0.0,1.0,0.0,0.0,255,234,0.92,0.02,0.0,0.0,0.0,0.0,0.02,0.03,guess_passwd,1,0,NORMAL,0,0
1,tcp,smtp,SF,2599,293,0,0,0,0,0,1,0,0,0,0,0,0,0,0,0,0,3,3,0.0,0.0,0.0,0.0,1.0,0.0,0.0,255,176,0.69,0.13,0.0,0.0,0.0,0.0,0.3,0.0,mailbomb,1,0,NORMAL,0,0
4,tcp,pop_3,SF,30,93,0,0,0,0,0,1,0,0,0,0,0,0,0,0,0,0,1,1,0.0,0.0,0.0,0.0,1.0,0.0,0.0,255,250,0.98,0.01,0.0,0.0,0.0,0.0,0.0,0.0,guess_passwd,1,0,NORMAL,0,0
7670,tcp,telnet,SF,0,44,0,0,0,0,0,0,0,0,0,0,0,0,0,0,0,0,1,1,0.0,0.0,0.0,0.0,1.0,0.0,0.0,255,164,0.64,0.02,0.0,0.0,0.52,0.5,0.01,0.01,processtable,1,0,NORMAL,0,0
4,tcp,pop_3,SF,28,93,0,0,0,0,0,1,0,0,0,0,0,0,0,0,0,0,1,1,0.0,0.0,0.0,0.0,1.0,0.0,0.0,255,244,0.96,0.02,0.0,0.0,0.0,0.0,0.02,0.0,guess_passwd,1,0,NORMAL,0,0
281,tcp,ftp,SF,160,597,0,0,0,2,0,1,0,0,0,0,0,0,0,0,0,1,1,1,0.0,0.0,0.0,0.0,1.0,0.0,0.0,206,67,0.33,0.03,0.0,0.0,0.0,0.0,0.0,0.0,warezmaster,1,0,NORMAL,0,0
1,tcp,smtp,SF,2599,293,0,0,0,0,0,1,0,0,0,0,0,0,0,0,0,0,3,3,0.0,0.0,0.0,0.0,1.0,0.0,0.0,255,87,0.34,0.14,0.0,0.0,0.0,0.0,0.64,0.0,mailbomb,1,0,NORMAL,0,0
0,tcp,telnet,S3,0,44,0,0,0,0,0,0,0,0,0,0,0,0,0,0,0,0,1,1,1.0,1.0,0.0,0.0,1.0,0.0,0.0,255,144,0.56,0.4,0.0,0.0,0.45,0.81,0.39,0.01,processtable,1,0,NORMAL,0,0
7518,tcp,telnet,SF,0,44,0,0,0,0,0,0,0,0,0,0,0,0,0,0,0,0,1,1,0.0,0.0,0.0,0.0,1.0,0.0,0.0,255,178,0.7,0.28,0.0,0.0,0.5,0.71,0.28,0.01,processtable,1,0,NORMAL,0,0
0,udp,other,SF,516,516,0,0,0,0,0,0,0,0,0,0,0,0,0,0,0,0,1,1,0.0,0.0,0.0,0.0,1.0,0.0,0.0,22,20,0.91,0.09,0.09,0.0,0.0,0.0,0.0,0.0,multihop,1,0,NORMAL,0,0
4,tcp,pop_3,SF,31,93,0,0,0,0,0,1,0,0,0,0,0,0,0,0,0,0,1,1,0.0,0.0,0.0,0.0,1.0,0.0,0.0,255,140,0.55,0.02,0.0,0.0,0.0,0.0,0.17,0.02,guess_passwd,1,0,NORMAL,0,0
0,tcp,telnet,S3,0,44,0,0,0,0,0,0,0,0,0,0,0,0,0,0,0,0,1,1,1.0,1.0,0.0,0.0,1.0,0.0,0.0,255,122,0.48,0.03,0.0,0.0,0.17,0.36,0.11,0.11,processtable,1,0,NORMAL,0,0
0,tcp,http,S0,0,0,0,0,0,0,0,0,0,0,0,0,0,0,0,0,0,0,15,15,1.0,1.0,0.0,0.0,1.0,0.0,0.0,255,245,0.96,0.01,0.0,0.0,0.2,0.21,0.56,0.59,apache2,1,0,NORMAL,0,0
0,tcp,telnet,S3,0,44,0,0,0,0,0,0,0,0,0,0,0,0,0,0,0,0,1,1,1.0,1.0,0.0,0.0,1.0,0.0,0.0,255,116,0.45,0.03,0.0,0.0,0.16,0.34,0.11,0.11,processtable,1,0,NORMAL,0,0
0,udp,private,SF,45,45,0,0,0,0,0,0,0,0,0,0,0,0,0,0,0,0,3,3,0.0,0.0,0.0,0.0,1.0,0.0,0.0,255,255,1.0,0.0,0.01,0.0,0.0,0.0,0.0,0.0,snmpguess,1,0,NORMAL,0,0
283,tcp,ftp,SF,156,591,0,0,0,2,0,1,0,0,0,0,0,0,0,0,0,1,1,1,0.0,0.0,0.0,0.0,1.0,0.0,0.0,255,100,0.39,0.03,0.0,0.0,0.02,0.0,0.01,0.0,warezmaster,1,0,NORMAL,0,0
0,tcp,other,REJ,0,0,0,0,0,0,0,0,0,0,0,0,0,0,0,0,0,0,1,1,0.0,0.0,1.0,1.0,1.0,0.0,0.0,255,41,0.16,0.02,0.0,0.0,0.0,0.0,0.14,0.8,httptunnel,1,0,NORMAL,0,0
0,tcp,telnet,S3,0,44,0,0,0,0,0,0,0,0,0,0,0,0,0,0,0,0,1,1,1.0,1.0,0.0,0.0,1.0,0.0,0.0,255,123,0.48,0.02,0.0,0.0,0.53,0.4,0.01,0.01,processtable,1,0,NORMAL,0,0
1,tcp,smtp,SF,2599,293,0,0,0,0,0,1,0,0,0,0,0,0,0,0,0,0,3,3,0.0,0.0,0.0,0.0,1.0,0.0,0.0,255,116,0.45,0.15,0.0,0.0,0.0,0.0,0.53,0.0,mailbomb,1,0,NORMAL,0,0
1,tcp,smtp,SF,2599,293,0,0,0,0,0,1,0,0,0,0,0,0,0,0,0,0,3,2,0.0,0.0,0.33,0.0,0.67,0.67,0.0,255,244,0.96,0.05,0.0,0.0,0.0,0.0,0.03,0.0,mailbomb,1,0,NORMAL,0,0
4,tcp,pop_3,SF,28,93,0,0,0,0,0,1,0,0,0,0,0,0,0,0,0,0,1,1,0.0,0.0,0.0,0.0,1.0,0.0,0.0,207,188,0.91,0.01,0.0,0.0,0.0,0.0,0.05,0.0,guess_passwd,1,0,NORMAL,0,0
0,tcp,sunrpc,REJ,0,0,0,0,0,0,0,0,0,0,0,0,0,0,0,0,0,0,1,2,0.0,0.0,1.0,1.0,1.0,0.0,1.0,73,34,0.01,0.1,0.01,0.06,0.0,0.0,0.04,1.0,mscan,1,0,NORMAL,0,0
0,tcp,telnet,REJ,0,0,0,0,0,0,0,0,0,0,0,0,0,0,0,0,0,0,1,22,0.0,0.09,1.0,0.68,1.0,0.0,0.95,255,10,0.04,0.03,0.0,0.0,0.0,0.0,0.07,0.5,mscan,1,0,NORMAL,0,0
4,tcp,pop_3,SF,30,93,0,0,0,0,0,1,0,0,0,0,0,0,0,0,0,0,2,1,0.0,0.0,0.0,0.0,0.5,1.0,0.0,255,251,0.98,0.01,0.0,0.0,0.0,0.0,0.0,0.0,guess_passwd,1,0,NORMAL,0,0
5,tcp,pop_3,SF,26,93,0,0,0,0,0,1,0,0,0,0,0,0,0,0,0,0,1,1,0.0,0.0,0.0,0.0,1.0,0.0,0.0,193,174,0.9,0.02,0.01,0.0,0.0,0.0,0.05,0.0,guess_passwd,1,0,NORMAL,0,0
0,tcp,telnet,SF,21,104,0,0,0,0,0,0,0,0,0,0,0,0,0,0,0,0,2,1,0.0,0.0,0.0,0.0,0.5,1.0,0.0,237,103,0.41,0.02,0.0,0.02,0.0,0.0,0.16,0.41,mscan,1,0,NORMAL,0,0
908,tcp,http,RSTR,1024,0,0,0,0,0,0,1,0,0,0,0,0,0,0,0,0,0,84,84,0.02,0.02,0.98,0.98,1.0,0.0,0.0,255,253,0.99,0.01,0.0,0.0,0.01,0.01,0.45,0.46,apache2,1,0,NORMAL,0,0
7372,tcp,telnet,SF,0,44,0,0,0,0,0,0,0,0,0,0,0,0,0,0,0,0,1,1,0.0,0.0,0.0,0.0,1.0,0.0,0.0,255,229,0.9,0.02,0.0,0.0,0.33,0.37,0.11,0.06,processtable,1,0,NORMAL,0,0
0,udp,private,SF,28,28,0,3,0,0,0,0,0,0,0,0,0,0,0,0,0,0,100,100,0.0,0.0,0.0,0.0,1.0,0.0,0.0,255,100,0.39,0.02,0.39,0.0,0.0,0.0,0.0,0.0,normal,0,1,ATTACK,1,0
283,tcp,ftp,SF,162,599,0,0,0,2,0,1,0,0,0,0,0,0,0,0,0,1,1,1,0.0,0.0,0.0,0.0,1.0,0.0,0.0,255,81,0.32,0.03,0.0,0.0,0.02,0.0,0.02,0.0,warezmaster,1,0,NORMAL,0,0
0,tcp,http,S0,0,0,0,0,0,0,0,0,0,0,0,0,0,0,0,0,0,0,12,12,0.75,0.75,0.25,0.25,1.0,0.0,0.0,255,244,0.96,0.01,0.0,0.0,0.05,0.06,0.56,0.59,apache2,1,0,NORMAL,0,0
4,tcp,pop_3,SF,32,93,0,0,0,0,0,1,0,0,0,0,0,0,0,0,0,0,1,1,0.0,0.0,0.0,0.0,1.0,0.0,0.0,255,227,0.89,0.02,0.0,0.0,0.0,0.0,0.07,0.0,guess_passwd,1,0,NORMAL,0,0
0,udp,private,SF,47,0,0,0,0,0,0,0,0,0,0,0,0,0,0,0,0,0,2,2,0.0,0.0,0.0,0.0,1.0,0.0,0.0,255,255,1.0,0.0,0.0,0.0,0.0,0.0,0.0,0.0,snmpguess,1,0,NORMAL,0,0
0,tcp,telnet,SF,124,174,0,0,0,0,1,0,0,0,0,0,0,0,0,0,0,0,1,1,0.0,0.0,0.0,0.0,1.0,0.0,0.0,255,160,0.63,0.02,0.0,0.0,0.0,0.0,0.02,0.03,guess_passwd,1,0,NORMAL,0,0
21,tcp,ftp,SF,132,572,0,0,0,2,0,1,0,0,0,0,0,0,0,0,1,0,1,1,0.0,0.0,0.0,0.0,1.0,0.0,0.0,18,1,0.06,0.17,0.06,0.0,0.0,0.0,0.0,0.0,xterm,1,0,NORMAL,0,0
4,tcp,pop_3,SF,31,93,0,0,0,0,0,1,0,0,0,0,0,0,0,0,0,0,1,1,0.0,0.0,0.0,0.0,1.0,0.0,0.0,255,206,0.81,0.02,0.0,0.0,0.0,0.0,0.07,0.0,guess_passwd,1,0,NORMAL,0,0
5,tcp,pop_3,SF,32,93,0,0,0,0,0,1,0,0,0,0,0,0,0,0,0,0,2,1,0.0,0.0,0.0,0.0,0.5,1.0,0.0,255,245,0.96,0.02,0.0,0.0,0.0,0.0,0.02,0.0,guess_passwd,1,0,NORMAL,0,0
4,tcp,pop_3,SF,32,93,0,0,0,0,0,1,0,0,0,0,0,0,0,0,0,0,1,1,0.0,0.0,0.0,0.0,1.0,0.0,0.0,212,193,0.91,0.01,0.0,0.0,0.0,0.0,0.05,0.0,guess_passwd,1,0,NORMAL,0,0
0,udp,private,SF,46,0,0,0,0,0,0,0,0,0,0,0,0,0,0,0,0,0,5,5,0.0,0.0,0.0,0.0,1.0,0.0,0.0,255,252,0.99,0.01,0.0,0.0,0.0,0.0,0.0,0.0,snmpguess,1,0,NORMAL,0,0
7270,tcp,telnet,SF,0,44,0,0,0,0,0,0,0,0,0,0,0,0,0,0,0,0,1,1,0.0,0.0,0.0,0.0,1.0,0.0,0.0,255,230,0.9,0.1,0.0,0.0,0.5,0.55,0.1,0.01,processtable,1,0,NORMAL,0,0
0,tcp,telnet,SF,127,174,0,0,0,0,1,0,0,0,0,0,0,0,0,0,0,0,1,1,0.0,0.0,0.0,0.0,1.0,0.0,0.0,255,255,1.0,0.0,0.0,0.0,0.01,0.01,0.02,0.02,guess_passwd,1,0,NORMAL,0,0
4,tcp,pop_3,SF,28,93,0,0,0,0,0,1,0,0,0,0,0,0,0,0,0,0,1,1,0.0,0.0,0.0,0.0,1.0,0.0,0.0,255,227,0.89,0.02,0.0,0.0,0.0,0.0,0.07,0.0,guess_passwd,1,0,NORMAL,0,0
0,udp,private,SF,54,0,0,0,0,0,0,0,0,0,0,0,0,0,0,0,0,0,3,3,0.0,0.0,0.0,0.0,1.0,0.0,0.0,255,255,1.0,0.0,0.02,0.0,0.0,0.0,0.0,0.0,snmpguess,1,0,NORMAL,0,0
0,tcp,other,RSTR,0,0,0,0,0,0,0,0,0,0,0,0,0,0,0,0,0,0,1,1,0.0,0.0,1.0,1.0,1.0,0.0,0.0,255,1,0.0,0.93,0.93,0.0,0.0,0.0,0.93,1.0,normal,0,1,ATTACK,1,0
0,tcp,telnet,S3,0,44,0,0,0,0,0,0,0,0,0,0,0,0,0,0,0,0,1,1,1.0,1.0,0.0,0.0,1.0,0.0,0.0,255,89,0.35,0.03,0.0,0.0,0.04,0.11,0.11,0.15,processtable,1,0,NORMAL,0,0
0,tcp,ftp_data,SF,12,0,0,0,0,0,0,0,0,0,0,0,0,0,0,0,0,0,2,2,0.0,0.0,0.0,0.0,1.0,0.0,0.0,8,8,1.0,0.0,1.0,0.0,0.0,0.0,0.0,0.0,warezmaster,1,0,NORMAL,0,0
0,tcp,telnet,S3,0,44,0,0,0,0,0,0,0,0,0,0,0,0,0,0,0,0,1,1,1.0,1.0,0.0,0.0,1.0,0.0,0.0,255,68,0.27,0.65,0.0,0.0,0.17,0.63,0.64,0.0,processtable,1,0,NORMAL,0,0
8204,tcp,telnet,SF,0,15,0,0,0,0,0,0,0,0,0,0,0,0,0,0,0,0,1,1,0.0,0.0,0.0,0.0,1.0,0.0,0.0,255,39,0.15,0.04,0.0,0.0,0.0,0.03,0.08,0.26,processtable,1,0,NORMAL,0,0
3,tcp,pop_3,SF,30,93,0,0,0,0,0,1,0,0,0,0,0,0,0,0,0,0,1,1,0.0,0.0,0.0,0.0,1.0,0.0,0.0,255,216,0.85,0.02,0.0,0.0,0.0,0.0,0.03,0.0,guess_passwd,1,0,NORMAL,0,0
5,tcp,pop_3,SF,28,93,0,0,0,0,0,1,0,0,0,0,0,0,0,0,0,0,1,1,0.0,0.0,0.0,0.0,1.0,0.0,0.0,243,224,0.92,0.01,0.0,0.0,0.0,0.0,0.04,0.0,guess_passwd,1,0,NORMAL,0,0
0,tcp,ftp,SF,26,157,0,0,0,0,1,0,0,0,0,0,0,0,0,0,0,1,1,1,0.0,0.0,0.0,0.0,1.0,0.0,0.0,64,34,0.53,0.06,0.02,0.0,0.0,0.0,0.0,0.0,guess_passwd,1,0,NORMAL,0,0
0,tcp,telnet,S3,0,44,0,0,0,0,0,0,0,0,0,0,0,0,0,0,0,0,1,1,1.0,1.0,0.0,0.0,1.0,0.0,0.0,255,142,0.56,0.03,0.0,0.0,0.26,0.46,0.11,0.09,processtable,1,0,NORMAL,0,0
4,tcp,pop_3,SF,32,93,0,0,0,0,0,1,0,0,0,0,0,0,0,0,0,0,1,1,0.0,0.0,0.0,0.0,1.0,0.0,0.0,255,229,0.9,0.02,0.0,0.0,0.0,0.0,0.07,0.0,guess_passwd,1,0,NORMAL,0,0
4,tcp,pop_3,SF,32,93,0,0,0,0,0,1,0,0,0,0,0,0,0,0,0,0,1,1,0.0,0.0,0.0,0.0,1.0,0.0,0.0,255,224,0.88,0.02,0.0,0.0,0.0,0.0,0.06,0.0,guess_passwd,1,0,NORMAL,0,0
1,tcp,smtp,SF,2599,293,0,0,0,0,0,1,0,0,0,0,0,0,0,0,0,0,3,3,0.0,0.0,0.0,0.0,1.0,0.0,0.0,255,247,0.97,0.04,0.0,0.0,0.0,0.0,0.03,0.0,mailbomb,1,0,NORMAL,0,0
7366,tcp,telnet,SF,0,44,0,0,0,0,0,0,0,0,0,0,0,0,0,0,0,0,1,1,0.0,0.0,0.0,0.0,1.0,0.0,0.0,255,215,0.84,0.16,0.0,0.0,0.5,0.59,0.16,0.01,processtable,1,0,NORMAL,0,0
0,tcp,ftp_data,SF,12,0,0,0,0,0,0,0,0,0,0,0,0,0,0,0,0,0,1,1,0.0,0.0,0.0,0.0,1.0,0.0,0.0,4,9,0.75,0.5,0.75,0.33,0.0,0.0,0.0,0.0,warezmaster,1,0,NORMAL,0,0
0,udp,private,SF,45,0,0,0,0,0,0,0,0,0,0,0,0,0,0,0,0,0,2,2,0.0,0.0,0.0,0.0,1.0,0.0,0.0,255,254,1.0,0.01,0.01,0.0,0.0,0.0,0.0,0.0,snmpguess,1,0,NORMAL,0,0
0,udp,private,SF,1,0,0,0,0,0,0,0,0,0,0,0,0,0,0,0,0,0,473,30,0.0,0.0,0.0,0.0,0.06,0.94,0.0,255,30,0.12,0.89,0.99,0.0,0.0,0.0,0.0,0.0,normal,0,1,ATTACK,1,0
281,tcp,ftp,SF,156,595,0,0,0,2,0,1,0,0,0,0,0,0,0,0,0,1,1,1,0.0,0.0,0.0,0.0,1.0,0.0,0.0,3,2,0.67,0.67,0.33,0.0,0.0,0.0,0.0,0.0,warezmaster,1,0,NORMAL,0,0
283,tcp,ftp,SF,160,597,0,0,0,2,0,1,0,0,0,0,0,0,0,0,0,1,1,1,0.0,0.0,0.0,0.0,1.0,0.0,0.0,9,7,0.78,0.22,0.11,0.0,0.0,0.0,0.0,0.0,warezmaster,1,0,NORMAL,0,0
0,tcp,sunrpc,REJ,0,0,0,0,0,0,0,0,0,0,0,0,0,0,0,0,0,0,1,7,0.0,0.0,1.0,1.0,1.0,0.0,1.0,38,47,0.13,0.13,0.03,0.04,0.0,0.0,0.89,1.0,mscan,1,0,NORMAL,0,0
0,tcp,http,S0,0,0,0,0,0,0,0,0,0,0,0,0,0,0,0,0,0,0,66,66,1.0,1.0,0.0,0.0,1.0,0.0,0.0,255,255,1.0,0.0,0.0,0.0,0.33,0.33,0.66,0.66,apache2,1,0,NORMAL,0,0
7432,tcp,telnet,SF,0,44,0,0,0,0,0,0,0,0,0,0,0,0,0,0,0,0,1,1,0.0,0.0,0.0,0.0,1.0,0.0,0.0,255,216,0.85,0.03,0.0,0.0,0.33,0.39,0.12,0.06,processtable,1,0,NORMAL,0,0
6,tcp,telnet,SF,24,154,0,0,0,0,0,0,0,0,0,0,0,0,0,0,0,0,4,16,0.0,0.0,0.75,0.5,0.5,0.75,0.5,90,55,0.08,0.08,0.01,0.04,0.0,0.0,0.18,0.62,mscan,1,0,NORMAL,0,0
0,tcp,http,S0,0,0,0,0,0,0,0,0,0,0,0,0,0,0,0,0,0,0,46,46,1.0,1.0,0.0,0.0,1.0,0.0,0.0,255,255,1.0,0.0,0.0,0.0,0.25,0.25,0.7,0.7,apache2,1,0,NORMAL,0,0
4,tcp,pop_3,SF,30,93,0,0,0,0,0,1,0,0,0,0,0,0,0,0,0,0,1,1,0.0,0.0,0.0,0.0,1.0,0.0,0.0,255,249,0.98,0.01,0.0,0.0,0.0,0.0,0.02,0.0,guess_passwd,1,0,NORMAL,0,0
0,udp,private,SF,47,0,0,0,0,0,0,0,0,0,0,0,0,0,0,0,0,0,3,3,0.0,0.0,0.0,0.0,1.0,0.0,0.0,255,253,0.99,0.01,0.0,0.0,0.0,0.0,0.0,0.0,snmpguess,1,0,NORMAL,0,0
282,tcp,ftp,SF,165,601,0,0,0,2,0,1,0,0,0,0,0,0,0,0,0,1,1,1,0.0,0.0,0.0,0.0,1.0,0.0,0.0,255,55,0.22,0.03,0.0,0.0,0.14,0.0,0.02,0.0,warezmaster,1,0,NORMAL,0,0
0,tcp,ftp_data,SF,12,0,0,0,0,0,0,0,0,0,0,0,0,0,0,0,0,0,1,1,0.0,0.0,0.0,0.0,1.0,0.0,0.0,36,75,0.19,0.17,0.19,0.03,0.0,0.0,0.0,0.0,warezmaster,1,0,NORMAL,0,0
0,udp,private,SF,105,147,0,0,0,0,0,0,0,0,0,0,0,0,0,0,0,0,1,1,0.0,0.0,0.0,0.0,1.0,0.0,0.0,133,132,0.99,0.02,0.02,0.0,0.0,0.0,0.0,0.0,snmpgetattack,1,0,NORMAL,0,0
0,udp,private,SF,51,0,0,0,0,0,0,0,0,0,0,0,0,0,0,0,0,0,4,4,0.0,0.0,0.0,0.0,1.0,0.0,0.0,255,254,1.0,0.01,0.01,0.0,0.0,0.0,0.0,0.0,snmpguess,1,0,NORMAL,0,0
4,tcp,pop_3,SF,28,93,0,0,0,0,0,1,0,0,0,0,0,0,0,0,0,0,2,1,0.0,0.0,0.0,0.0,0.5,1.0,0.0,255,249,0.98,0.01,0.0,0.0,0.0,0.0,0.0,0.0,guess_passwd,1,0,NORMAL,0,0
18,tcp,telnet,SF,109,131,0,0,0,0,0,0,0,0,0,0,0,0,0,0,0,0,1,1,0.0,0.0,0.0,0.0,1.0,0.0,0.0,25,9,0.36,0.12,0.04,0.0,0.0,0.0,0.12,0.33,guess_passwd,1,0,NORMAL,0,0
0,tcp,telnet,RSTO,0,15,0,0,0,0,0,0,0,0,0,0,0,0,0,0,0,0,1,7,0.0,0.0,1.0,0.57,1.0,0.0,0.57,146,88,0.31,0.03,0.01,0.02,0.0,0.0,0.91,0.62,mscan,1,0,NORMAL,0,0
14,tcp,pop_3,SF,30,93,0,0,0,0,0,1,0,0,0,0,0,0,0,0,0,0,1,1,0.0,0.0,0.0,0.0,1.0,0.0,0.0,255,218,0.85,0.04,0.0,0.0,0.0,0.0,0.0,0.0,guess_passwd,1,0,NORMAL,0,0
0,tcp,telnet,RSTO,0,15,0,0,0,0,0,0,0,0,0,0,0,0,0,0,0,0,1,5,0.0,0.0,1.0,0.6,1.0,0.0,0.6,255,79,0.31,0.03,0.0,0.0,0.0,0.0,0.8,0.71,mscan,1,0,NORMAL,0,0
281,tcp,ftp,SF,164,599,0,0,0,2,0,1,0,0,0,0,0,0,0,0,0,1,1,1,0.0,0.0,0.0,0.0,1.0,0.0,0.0,255,9,0.04,0.45,0.0,0.0,0.0,0.0,0.44,0.0,warezmaster,1,0,NORMAL,0,0
0,udp,private,SF,51,0,0,0,0,0,0,0,0,0,0,0,0,0,0,0,0,0,3,3,0.0,0.0,0.0,0.0,1.0,0.0,0.0,255,255,1.0,0.0,0.0,0.0,0.0,0.0,0.0,0.0,snmpguess,1,0,NORMAL,0,0
0,tcp,telnet,SF,120,174,0,0,0,0,1,0,0,0,0,0,0,0,0,0,0,0,1,1,0.0,0.0,0.0,0.0,1.0,0.0,0.0,255,254,1.0,0.01,0.0,0.0,0.01,0.01,0.01,0.01,guess_passwd,1,0,NORMAL,0,0
4,tcp,pop_3,SF,32,93,0,0,0,0,0,1,0,0,0,0,0,0,0,0,0,0,1,1,0.0,0.0,0.0,0.0,1.0,0.0,0.0,255,236,0.93,0.01,0.0,0.0,0.0,0.0,0.04,0.0,guess_passwd,1,0,NORMAL,0,0
4,tcp,pop_3,SF,32,93,0,0,0,0,0,1,0,0,0,0,0,0,0,0,0,0,1,1,0.0,0.0,0.0,0.0,1.0,0.0,0.0,145,128,0.88,0.02,0.01,0.02,0.0,0.0,0.07,0.0,guess_passwd,1,0,NORMAL,0,0
0,tcp,http,S0,0,0,0,0,0,0,0,0,0,0,0,0,0,0,0,0,0,0,55,55,1.0,1.0,0.0,0.0,1.0,0.0,0.0,255,255,1.0,0.0,0.0,0.0,0.29,0.29,0.7,0.7,apache2,1,0,NORMAL,0,0
1,tcp,smtp,SF,2599,293,0,0,0,0,0,1,0,0,0,0,0,0,0,0,0,0,3,3,0.0,0.0,0.0,0.0,1.0,0.0,0.0,255,99,0.39,0.14,0.0,0.0,0.0,0.0,0.6,0.0,mailbomb,1,0,NORMAL,0,0
0,tcp,other,RSTR,0,0,0,0,0,0,0,0,0,0,0,0,0,0,0,0,0,0,1,1,0.0,0.0,1.0,1.0,1.0,0.0,0.0,255,1,0.0,0.33,0.32,0.0,0.0,0.0,0.32,1.0,normal,0,1,ATTACK,1,0
0,tcp,http,S0,0,0,0,0,0,0,0,0,0,0,0,0,0,0,0,0,0,0,28,28,0.46,0.46,0.5,0.5,1.0,0.0,0.0,255,255,1.0,0.0,0.0,0.0,0.08,0.08,0.7,0.7,apache2,1,0,NORMAL,0,0
0,tcp,other,SF,249,0,0,0,0,0,0,0,0,0,0,0,0,0,0,0,0,0,2,2,0.0,0.0,0.0,0.0,1.0,0.0,0.0,255,24,0.09,0.02,0.0,0.0,0.0,0.0,0.09,0.79,httptunnel,1,0,NORMAL,0,0
0,tcp,telnet,REJ,0,0,0,0,0,0,0,0,0,0,0,0,0,0,0,0,0,0,1,22,0.0,0.14,1.0,0.77,1.0,0.0,0.91,255,22,0.09,0.03,0.0,0.0,0.0,0.0,0.24,0.82,mscan,1,0,NORMAL,0,0
0,udp,private,SF,44,44,0,0,0,0,0,0,0,0,0,0,0,0,0,0,0,0,2,2,0.0,0.0,0.0,0.0,1.0,0.0,0.0,255,254,1.0,0.01,0.01,0.0,0.0,0.0,0.0,0.0,snmpguess,1,0,NORMAL,0,0
0,tcp,telnet,S3,0,44,0,0,0,0,0,0,0,0,0,0,0,0,0,0,0,0,1,1,1.0,1.0,0.0,0.0,1.0,0.0,0.0,255,109,0.43,0.03,0.0,0.0,0.13,0.3,0.11,0.12,processtable,1,0,NORMAL,0,0
4,tcp,pop_3,SF,28,93,0,0,0,0,0,1,0,0,0,0,0,0,0,0,0,0,1,1,0.0,0.0,0.0,0.0,1.0,0.0,0.0,255,187,0.73,0.02,0.0,0.0,0.0,0.0,0.1,0.0,guess_passwd,1,0,NORMAL,0,0
4,tcp,pop_3,SF,28,93,0,0,0,0,0,1,0,0,0,0,0,0,0,0,0,0,1,1,0.0,0.0,0.0,0.0,1.0,0.0,0.0,255,237,0.93,0.04,0.0,0.0,0.0,0.0,0.0,0.0,guess_passwd,1,0,NORMAL,0,0
0,tcp,ftp,SF,26,157,0,0,0,0,1,0,0,0,0,0,0,0,0,0,0,1,1,1,0.0,0.0,0.0,0.0,1.0,0.0,0.0,248,126,0.51,0.02,0.0,0.0,0.0,0.0,0.0,0.0,guess_passwd,1,0,NORMAL,0,0
0,icmp,ecr_i,SF,1480,0,0,1,0,0,0,0,0,0,0,0,0,0,0,0,0,0,12,12,0.0,0.0,0.0,0.0,1.0,0.0,0.0,255,12,0.05,0.85,0.05,0.0,0.0,0.0,0.85,0.0,normal,0,1,ATTACK,1,0
281,tcp,ftp,SF,160,597,0,0,0,2,0,1,0,0,0,0,0,0,0,0,0,1,1,1,0.0,0.0,0.0,0.0,1.0,0.0,0.0,255,52,0.2,0.02,0.0,0.0,0.0,0.0,0.57,0.0,warezmaster,1,0,NORMAL,0,0
0,udp,other,SF,1,0,0,0,0,0,0,0,0,0,0,0,0,0,0,0,0,0,64,3,0.0,0.0,0.0,0.0,0.05,0.75,0.0,255,3,0.01,0.54,0.96,0.0,0.0,0.0,0.04,0.0,normal,0,1,ATTACK,1,0
4,tcp,pop_3,SF,32,93,0,0,0,0,0,1,0,0,0,0,0,0,0,0,0,0,1,1,0.0,0.0,0.0,0.0,1.0,0.0,0.0,255,188,0.74,0.02,0.0,0.0,0.0,0.0,0.1,0.0,guess_passwd,1,0,NORMAL,0,0
0,tcp,telnet,S3,0,44,0,0,0,0,0,0,0,0,0,0,0,0,0,0,0,0,1,1,1.0,1.0,0.0,0.0,1.0,0.0,0.0,255,66,0.26,0.66,0.0,0.0,0.16,0.62,0.64,0.0,processtable,1,0,NORMAL,0,0
7298,tcp,telnet,SF,0,44,0,0,0,0,0,0,0,0,0,0,0,0,0,0,0,0,1,1,0.0,0.0,0.0,0.0,1.0,0.0,0.0,255,229,0.9,0.11,0.0,0.0,0.5,0.55,0.11,0.01,processtable,1,0,NORMAL,0,0
1,tcp,smtp,SF,2599,293,0,0,0,0,0,1,0,0,0,0,0,0,0,0,0,0,4,3,0.0,0.0,0.25,0.0,0.75,0.5,0.0,255,246,0.96,0.04,0.0,0.0,0.0,0.0,0.04,0.0,mailbomb,1,0,NORMAL,0,0
3,tcp,pop_3,SF,27,93,0,0,0,0,0,1,0,0,0,0,0,0,0,0,0,0,1,1,0.0,0.0,0.0,0.0,1.0,0.0,0.0,255,210,0.82,0.02,0.0,0.0,0.0,0.0,0.04,0.0,guess_passwd,1,0,NORMAL,0,0
0,tcp,telnet,SF,124,174,0,0,0,0,1,0,0,0,0,0,0,0,0,0,0,0,2,2,0.0,0.0,0.0,0.0,1.0,0.0,0.0,255,53,0.21,0.02,0.0,0.0,0.0,0.0,0.01,0.04,guess_passwd,1,0,NORMAL,0,0
0,tcp,ftp,SF,26,157,0,0,0,0,1,0,0,0,0,0,0,0,0,0,0,1,1,1,0.0,0.0,0.0,0.0,1.0,0.0,0.0,143,67,0.47,0.03,0.01,0.0,0.0,0.0,0.0,0.0,guess_passwd,1,0,NORMAL,0,0
8048,tcp,telnet,S3,1,15,0,0,0,0,0,0,0,0,0,0,0,0,0,0,0,0,1,1,1.0,1.0,0.0,0.0,1.0,0.0,0.0,255,47,0.18,0.73,0.0,0.0,0.09,0.47,0.71,0.0,processtable,1,0,NORMAL,0,0
280,tcp,ftp_data,SF,283618,0,0,0,0,0,0,0,0,0,0,0,0,0,0,0,0,0,2,2,0.0,0.0,0.0,0.0,1.0,0.0,0.0,255,36,0.14,0.02,0.14,0.0,0.0,0.0,0.0,0.0,warezmaster,1,0,NORMAL,0,0
8132,tcp,telnet,SF,0,15,0,0,0,0,0,0,0,0,0,0,0,0,0,0,0,0,1,1,0.0,0.0,0.0,0.0,1.0,0.0,0.0,255,59,0.23,0.04,0.0,0.0,0.0,0.02,0.11,0.22,processtable,1,0,NORMAL,0,0
0,tcp,telnet,S3,0,44,0,0,0,0,0,0,0,0,0,0,0,0,0,0,0,0,1,1,1.0,1.0,0.0,0.0,1.0,0.0,0.0,255,113,0.44,0.49,0.0,0.0,0.35,0.78,0.48,0.0,processtable,1,0,NORMAL,0,0
0,tcp,http,S0,0,0,0,0,0,0,0,0,0,0,0,0,0,0,0,0,0,0,33,33,0.21,0.21,0.79,0.79,1.0,0.0,0.0,255,255,1.0,0.0,0.0,0.0,0.04,0.04,0.68,0.68,apache2,1,0,NORMAL,0,0
0,udp,private,SF,105,105,0,0,0,0,0,0,0,0,0,0,0,0,0,0,0,0,1,1,0.0,0.0,0.0,0.0,1.0,0.0,0.0,255,253,0.99,0.01,0.0,0.0,0.0,0.0,0.0,0.0,snmpgetattack,1,0,NORMAL,0,0
0,tcp,telnet,REJ,0,0,0,0,0,0,0,0,0,0,0,0,0,0,0,0,0,0,1,4,0.0,0.0,1.0,1.0,1.0,0.0,1.0,196,86,0.34,0.03,0.01,0.02,0.0,0.0,0.88,0.7,mscan,1,0,NORMAL,0,0
4,tcp,pop_3,SF,30,93,0,0,0,0,0,1,0,0,0,0,0,0,0,0,0,0,1,1,0.0,0.0,0.0,0.0,1.0,0.0,0.0,255,214,0.84,0.02,0.0,0.0,0.0,0.0,0.04,0.0,guess_passwd,1,0,NORMAL,0,0
0,udp,private,SF,105,147,0,0,0,0,0,0,0,0,0,0,0,0,0,0,0,0,2,2,0.0,0.0,0.0,0.0,1.0,0.0,0.0,255,252,0.99,0.01,0.01,0.0,0.0,0.0,0.0,0.0,snmpgetattack,1,0,NORMAL,0,0
7356,tcp,telnet,SF,0,44,0,0,0,0,0,0,0,0,0,0,0,0,0,0,0,0,1,1,0.0,0.0,0.0,0.0,1.0,0.0,0.0,255,232,0.91,0.02,0.0,0.0,0.33,0.37,0.1,0.05,processtable,1,0,NORMAL,0,0
4,tcp,pop_3,SF,27,93,0,0,0,0,0,1,0,0,0,0,0,0,0,0,0,0,1,1,0.0,0.0,0.0,0.0,1.0,0.0,0.0,255,210,0.82,0.02,0.0,0.0,0.0,0.0,0.04,0.0,guess_passwd,1,0,NORMAL,0,0
0,tcp,telnet,S3,0,44,0,0,0,0,0,0,0,0,0,0,0,0,0,0,0,0,1,1,1.0,1.0,0.0,0.0,1.0,0.0,0.0,255,135,0.53,0.43,0.0,0.0,0.42,0.79,0.42,0.01,processtable,1,0,NORMAL,0,0
282,tcp,ftp,SF,160,599,0,0,0,2,0,1,0,0,0,0,0,0,0,0,0,1,1,1,0.0,0.0,0.0,0.0,1.0,0.0,0.0,188,88,0.47,0.03,0.01,0.0,0.0,0.0,0.0,0.0,warezmaster,1,0,NORMAL,0,0
0,udp,private,SF,47,0,0,0,0,0,0,0,0,0,0,0,0,0,0,0,0,0,4,4,0.0,0.0,0.0,0.0,1.0,0.0,0.0,255,254,1.0,0.01,0.02,0.0,0.0,0.0,0.0,0.0,snmpguess,1,0,NORMAL,0,0
4,tcp,pop_3,SF,28,93,0,0,0,0,0,1,0,0,0,0,0,0,0,0,0,0,1,1,0.0,0.0,0.0,0.0,1.0,0.0,0.0,255,136,0.53,0.02,0.0,0.0,0.0,0.0,0.17,0.02,guess_passwd,1,0,NORMAL,0,0
8056,tcp,telnet,SF,0,15,0,0,0,0,0,0,0,0,0,0,0,0,0,0,0,0,1,1,0.0,0.0,0.0,0.0,1.0,0.0,0.0,255,74,0.29,0.03,0.0,0.0,0.01,0.03,0.11,0.18,processtable,1,0,NORMAL,0,0
1,tcp,smtp,SF,2599,293,0,0,0,0,0,1,0,0,0,0,0,0,0,0,0,0,3,3,0.0,0.0,0.0,0.0,1.0,0.0,0.0,255,162,0.64,0.13,0.0,0.0,0.0,0.0,0.35,0.0,mailbomb,1,0,NORMAL,0,0
282,tcp,ftp,SF,158,597,0,0,0,2,0,1,0,0,0,0,0,0,0,0,0,1,1,1,0.0,0.0,0.0,0.0,1.0,0.0,0.0,255,39,0.15,0.03,0.0,0.0,0.31,0.0,0.02,0.0,warezmaster,1,0,NORMAL,0,0
1,tcp,telnet,SF,0,44,0,0,0,0,0,0,0,0,0,0,0,0,0,0,0,0,2,27,0.0,0.11,0.0,0.67,1.0,0.0,0.89,255,248,0.97,0.02,0.0,0.0,0.33,0.34,0.03,0.01,mscan,1,0,NORMAL,0,0
0,tcp,ftp_data,SF,12,0,0,0,0,0,0,0,0,0,0,0,0,0,0,0,0,0,2,2,0.0,0.0,0.0,0.0,1.0,0.0,0.0,8,28,1.0,0.0,1.0,0.14,0.0,0.0,0.0,0.0,warezmaster,1,0,NORMAL,0,0
0,udp,private,SF,48,0,0,0,0,0,0,0,0,0,0,0,0,0,0,0,0,0,2,2,0.0,0.0,0.0,0.0,1.0,0.0,0.0,255,254,1.0,0.01,0.01,0.0,0.0,0.0,0.0,0.0,snmpguess,1,0,NORMAL,0,0
4,tcp,pop_3,SF,26,93,0,0,0,0,0,1,0,0,0,0,0,0,0,0,0,0,1,1,0.0,0.0,0.0,0.0,1.0,0.0,0.0,30,31,1.0,0.0,0.03,0.06,0.0,0.0,0.0,0.0,guess_passwd,1,0,NORMAL,0,0
0,tcp,telnet,REJ,0,0,0,0,0,0,0,0,0,0,0,0,0,0,0,0,0,0,2,9,0.0,0.0,1.0,0.89,0.5,1.0,0.89,105,84,0.32,0.05,0.01,0.02,0.0,0.0,0.9,0.7,mscan,1,0,NORMAL,0,0
0,udp,private,SF,44,0,0,0,0,0,0,0,0,0,0,0,0,0,0,0,0,0,3,3,0.0,0.0,0.0,0.0,1.0,0.0,0.0,255,253,0.99,0.01,0.02,0.0,0.0,0.0,0.0,0.0,snmpguess,1,0,NORMAL,0,0
0,tcp,telnet,SF,123,174,0,0,0,0,1,0,0,0,0,0,0,0,0,0,0,0,1,1,0.0,0.0,0.0,0.0,1.0,0.0,0.0,255,165,0.65,0.02,0.0,0.0,0.0,0.0,0.02,0.03,guess_passwd,1,0,NORMAL,0,0
0,tcp,ftp_data,SF,12,0,0,0,0,0,0,0,0,0,0,0,0,0,0,0,0,0,1,1,0.0,0.0,0.0,0.0,1.0,0.0,0.0,172,34,0.2,0.04,0.2,0.0,0.0,0.0,0.0,0.0,warezmaster,1,0,NORMAL,0,0
1,tcp,smtp,SF,2599,293,0,0,0,0,0,1,0,0,0,0,0,0,0,0,0,0,3,2,0.0,0.0,0.0,0.0,0.67,0.67,0.0,255,245,0.96,0.04,0.0,0.0,0.0,0.0,0.03,0.0,mailbomb,1,0,NORMAL,0,0
0,udp,private,SF,43,0,0,0,0,0,0,0,0,0,0,0,0,0,0,0,0,0,4,4,0.0,0.0,0.0,0.0,1.0,0.0,0.0,255,254,1.0,0.01,0.02,0.0,0.0,0.0,0.0,0.0,snmpguess,1,0,NORMAL,0,0
0,tcp,smtp,REJ,0,0,0,0,0,0,0,0,0,0,0,0,0,0,0,0,0,0,1,3,0.0,0.0,1.0,0.33,1.0,0.0,1.0,255,4,0.02,0.92,0.0,0.0,0.15,0.0,0.85,1.0,normal,0,1,ATTACK,1,1
4,tcp,pop_3,SF,32,93,0,0,0,0,0,1,0,0,0,0,0,0,0,0,0,0,1,1,0.0,0.0,0.0,0.0,1.0,0.0,0.0,255,234,0.92,0.02,0.0,0.0,0.0,0.0,0.04,0.0,guess_passwd,1,0,NORMAL,0,0
0,tcp,http,REJ,0,0,0,0,0,0,0,0,0,0,0,0,0,0,0,0,0,0,1,1,0.0,0.0,1.0,1.0,1.0,0.0,0.0,255,10,0.04,0.96,0.0,0.0,0.1,0.0,0.89,1.0,normal,0,1,ATTACK,1,0
0,tcp,pop_3,SF,30,217,0,0,0,0,0,1,0,0,0,0,0,0,0,0,0,0,1,1,0.0,0.0,0.0,0.0,1.0,0.0,0.0,255,4,0.02,0.02,0.0,0.0,0.0,0.0,0.01,0.0,guess_passwd,1,0,NORMAL,0,0
1,tcp,smtp,SF,2599,293,0,0,0,0,0,1,0,0,0,0,0,0,0,0,0,0,2,2,0.0,0.0,0.0,0.0,1.0,0.0,0.0,255,244,0.96,0.04,0.0,0.0,0.0,0.0,0.04,0.0,mailbomb,1,0,NORMAL,0,0
4,tcp,pop_3,SF,32,93,0,0,0,0,0,1,0,0,0,0,0,0,0,0,0,0,1,1,0.0,0.0,0.0,0.0,1.0,0.0,0.0,34,34,0.97,0.06,0.03,0.06,0.0,0.0,0.0,0.0,guess_passwd,1,0,NORMAL,0,0
0,udp,private,SF,41,41,0,0,0,0,0,0,0,0,0,0,0,0,0,0,0,0,2,2,0.0,0.0,0.0,0.0,1.0,0.0,0.0,255,254,1.0,0.01,0.01,0.0,0.0,0.0,0.0,0.0,snmpguess,1,0,NORMAL,0,0
8011,tcp,telnet,SF,0,44,0,0,0,0,0,0,0,0,0,0,0,0,0,0,0,0,1,1,0.0,0.0,0.0,0.0,1.0,0.0,0.0,255,101,0.4,0.02,0.0,0.0,0.59,0.42,0.01,0.01,processtable,1,0,NORMAL,0,0
0,tcp,pop_3,REJ,0,0,0,0,0,0,0,0,0,0,0,0,0,0,0,0,0,0,1,21,0.0,0.0,1.0,1.0,1.0,0.0,1.0,35,61,0.29,0.14,0.03,0.03,0.03,0.02,0.86,0.97,mscan,1,0,NORMAL,0,0
1,tcp,smtp,SF,2599,261,0,0,0,0,0,1,0,0,0,0,0,0,0,0,0,0,2,2,0.0,0.0,0.0,0.0,1.0,0.0,0.0,255,244,0.96,0.04,0.0,0.0,0.0,0.0,0.04,0.0,mailbomb,1,0,NORMAL,0,0
905,tcp,http,RSTR,3944,0,0,0,0,0,0,1,0,0,0,0,0,0,0,0,0,0,51,51,0.02,0.02,0.96,0.96,1.0,0.0,0.0,255,255,1.0,0.0,0.0,0.0,0.0,0.0,0.19,0.19,apache2,1,0,NORMAL,0,0
0,tcp,ftp,SF,26,157,0,0,0,0,1,0,0,0,0,0,0,0,0,0,0,1,1,1,0.0,0.0,0.0,0.0,1.0,0.0,0.0,246,125,0.51,0.02,0.0,0.0,0.0,0.0,0.0,0.0,guess_passwd,1,0,NORMAL,0,0
10,tcp,pop_3,SF,30,93,0,0,0,0,0,1,0,0,0,0,0,0,0,0,0,0,1,1,0.0,0.0,0.0,0.0,1.0,0.0,0.0,255,248,0.97,0.01,0.0,0.0,0.0,0.0,0.0,0.0,guess_passwd,1,0,NORMAL,0,0
1,tcp,smtp,SF,2599,293,0,0,0,0,0,1,0,0,0,0,0,0,0,0,0,0,2,2,0.0,0.0,0.0,0.0,1.0,0.0,0.0,255,38,0.15,0.16,0.0,0.0,0.0,0.0,0.83,0.0,mailbomb,1,0,NORMAL,0,0
283,tcp,ftp,SF,159,597,0,0,0,2,0,1,0,0,0,0,0,0,0,0,0,1,1,1,0.0,0.0,0.0,0.0,1.0,0.0,0.0,255,66,0.26,0.03,0.0,0.0,0.08,0.0,0.02,0.0,warezmaster,1,0,NORMAL,0,0
0,tcp,other,REJ,0,0,0,0,0,0,0,0,0,0,0,0,0,0,0,0,0,0,1,1,0.0,0.0,1.0,1.0,1.0,0.0,0.0,255,12,0.05,0.02,0.0,0.0,0.0,0.0,0.06,1.0,httptunnel,1,0,NORMAL,0,0
2069,tcp,http,RSTR,101764,0,0,0,0,0,0,1,0,0,0,0,0,0,0,0,0,0,3,3,0.0,0.0,0.67,0.67,1.0,0.0,0.0,255,227,0.89,0.02,0.0,0.0,0.0,0.0,0.01,0.01,apache2,1,0,NORMAL,0,0
1,tcp,smtp,SF,2599,293,0,0,0,0,0,1,0,0,0,0,0,0,0,0,0,0,3,3,0.0,0.0,0.0,0.0,1.0,0.0,0.0,255,47,0.18,0.16,0.0,0.0,0.0,0.0,0.8,0.0,mailbomb,1,0,NORMAL,0,0
4,tcp,pop_3,SF,30,93,0,0,0,0,0,1,0,0,0,0,0,0,0,0,0,0,1,1,0.0,0.0,0.0,0.0,1.0,0.0,0.0,255,239,0.94,0.04,0.0,0.0,0.0,0.0,0.0,0.0,guess_passwd,1,0,NORMAL,0,0
0,udp,private,SF,46,0,0,0,0,0,0,0,0,0,0,0,0,0,0,0,0,0,2,2,0.0,0.0,0.0,0.0,1.0,0.0,0.0,255,255,1.0,0.0,0.01,0.0,0.0,0.0,0.0,0.0,snmpguess,1,0,NORMAL,0,0
0,tcp,imap4,RSTO,0,44,0,0,0,0,0,0,0,0,0,0,0,0,0,0,0,0,1,1,0.0,0.0,1.0,1.0,1.0,0.0,0.0,210,59,0.23,0.02,0.0,0.03,0.0,0.0,0.86,0.98,mscan,1,0,NORMAL,0,0
0,tcp,sunrpc,REJ,0,0,0,0,0,0,0,0,0,0,0,0,0,0,0,0,0,0,1,2,0.0,0.0,1.0,1.0,1.0,0.0,1.0,22,51,0.14,0.23,0.05,0.04,0.0,0.0,0.82,1.0,mscan,1,0,NORMAL,0,0
1,tcp,smtp,SF,2599,293,0,0,0,0,0,1,0,0,0,0,0,0,0,0,0,0,2,2,0.0,0.0,0.0,0.0,1.0,0.0,0.0,255,243,0.95,0.05,0.0,0.0,0.0,0.0,0.04,0.0,mailbomb,1,0,NORMAL,0,0
0,tcp,telnet,SF,21,104,0,0,0,0,0,0,0,0,0,0,0,0,0,0,0,0,4,9,0.0,0.33,0.25,0.22,0.5,0.75,0.67,99,98,0.41,0.05,0.01,0.02,0.0,0.0,0.17,0.52,mscan,1,0,NORMAL,0,0
7442,tcp,telnet,SF,0,44,0,0,0,0,0,0,0,0,0,0,0,0,0,0,0,0,1,1,0.0,0.0,0.0,0.0,1.0,0.0,0.0,255,204,0.8,0.02,0.0,0.0,0.31,0.34,0.01,0.01,processtable,1,0,NORMAL,0,0
4,tcp,pop_3,SF,28,93,0,0,0,0,0,1,0,0,0,0,0,0,0,0,0,0,1,1,0.0,0.0,0.0,0.0,1.0,0.0,0.0,163,145,0.88,0.02,0.01,0.01,0.0,0.0,0.06,0.0,guess_passwd,1,0,NORMAL,0,0
282,tcp,ftp,SF,157,593,0,0,0,2,0,1,0,0,0,0,0,0,0,0,0,1,1,1,0.0,0.0,0.0,0.0,1.0,0.0,0.0,255,98,0.38,0.03,0.0,0.0,0.0,0.0,0.0,0.0,warezmaster,1,0,NORMAL,0,0
0,tcp,telnet,SF,122,174,0,0,0,0,1,0,0,0,0,0,0,0,0,0,0,0,1,1,0.0,0.0,0.0,0.0,1.0,0.0,0.0,255,254,1.0,0.01,0.0,0.0,0.02,0.02,0.02,0.02,guess_passwd,1,0,NORMAL,0,0
284,tcp,ftp,SF,160,597,0,0,0,2,0,1,0,0,0,0,0,0,0,0,0,1,1,1,0.0,0.0,0.0,0.0,1.0,0.0,0.0,255,82,0.32,0.03,0.0,0.0,0.02,0.0,0.02,0.0,warezmaster,1,0,NORMAL,0,0
0,tcp,telnet,REJ,0,0,0,0,0,0,0,0,0,0,0,0,0,0,0,0,0,0,1,17,0.0,0.12,1.0,0.71,1.0,0.0,0.94,23,93,0.35,0.22,0.04,0.02,0.0,0.0,0.78,0.59,mscan,1,0,NORMAL,0,0
0,udp,private,SF,105,147,0,0,0,0,0,0,0,0,0,0,0,0,0,0,0,0,2,1,0.0,0.0,0.0,0.0,0.5,1.0,0.0,255,254,1.0,0.01,0.0,0.0,0.0,0.0,0.0,0.0,snmpgetattack,1,0,NORMAL,0,0
0,udp,private,SF,1,1,0,0,0,0,0,0,0,0,0,0,0,0,0,0,0,0,11,3,0.0,0.0,0.0,0.0,0.27,0.45,0.0,255,3,0.01,0.32,1.0,0.0,0.0,0.0,0.0,0.0,normal,0,1,ATTACK,1,0
281,tcp,ftp,SF,162,599,0,0,0,2,0,1,0,0,0,0,0,0,0,0,0,1,1,1,0.0,0.0,0.0,0.0,1.0,0.0,0.0,219,108,0.49,0.03,0.0,0.0,0.0,0.0,0.0,0.0,warezmaster,1,0,NORMAL,0,0
0,udp,private,SF,44,0,0,0,0,0,0,0,0,0,0,0,0,0,0,0,0,0,1,1,0.0,0.0,0.0,0.0,1.0,0.0,0.0,255,254,1.0,0.01,0.01,0.0,0.0,0.0,0.0,0.0,snmpguess,1,0,NORMAL,0,0
0,udp,private,SF,105,146,0,0,0,0,0,0,0,0,0,0,0,0,0,0,0,0,1,1,0.0,0.0,0.0,0.0,1.0,0.0,0.0,229,228,1.0,0.01,0.0,0.0,0.0,0.0,0.0,0.0,snmpgetattack,1,0,NORMAL,0,0
0,tcp,telnet,SF,124,174,0,0,0,0,1,0,0,0,0,0,0,0,0,0,0,0,1,1,0.0,0.0,0.0,0.0,1.0,0.0,0.0,255,254,1.0,0.01,0.0,0.0,0.02,0.02,0.02,0.02,guess_passwd,1,0,NORMAL,0,0
4,tcp,pop_3,SF,30,93,0,0,0,0,0,1,0,0,0,0,0,0,0,0,0,0,2,1,0.0,0.0,0.0,0.0,0.5,1.0,0.0,255,247,0.97,0.01,0.0,0.0,0.0,0.0,0.0,0.0,guess_passwd,1,0,NORMAL,0,0
0,tcp,ftp,SF,26,157,0,0,0,0,1,0,0,0,0,0,0,0,0,0,0,1,1,1,0.0,0.0,0.0,0.0,1.0,0.0,0.0,65,35,0.54,0.06,0.02,0.0,0.0,0.0,0.0,0.0,guess_passwd,1,0,NORMAL,0,0
0,tcp,pop_3,SF,30,217,0,0,0,0,0,1,0,0,0,0,0,0,0,0,0,0,1,1,0.0,0.0,0.0,0.0,1.0,0.0,0.0,255,2,0.01,0.01,0.0,0.0,0.0,0.0,0.0,0.0,guess_passwd,1,0,NORMAL,0,0
8060,tcp,telnet,S3,1,15,0,0,0,0,0,0,0,0,0,0,0,0,0,0,0,0,1,1,1.0,1.0,0.0,0.0,1.0,0.0,0.0,255,44,0.17,0.73,0.0,0.0,0.07,0.43,0.72,0.0,processtable,1,0,NORMAL,0,0
280,tcp,ftp_data,SF,283618,0,0,0,0,0,0,0,0,0,0,0,0,0,0,0,0,0,2,2,0.0,0.0,0.0,0.0,1.0,0.0,0.0,168,32,0.19,0.04,0.19,0.0,0.0,0.0,0.0,0.0,warezmaster,1,0,NORMAL,0,0
0,tcp,telnet,S3,0,44,0,0,0,0,0,0,0,0,0,0,0,0,0,0,0,0,1,1,1.0,1.0,0.0,0.0,1.0,0.0,0.0,255,53,0.21,0.7,0.0,0.0,0.11,0.53,0.69,0.0,processtable,1,0,NORMAL,0,0
0,tcp,ftp_data,SF,12,0,0,0,0,0,0,0,0,0,0,0,0,0,0,0,0,0,2,2,0.0,0.0,0.0,0.0,1.0,0.0,0.0,4,34,1.0,0.0,1.0,0.15,0.0,0.0,0.0,0.0,warezmaster,1,0,NORMAL,0,0
282,tcp,ftp,SF,161,599,0,0,0,2,0,1,0,0,0,0,0,0,0,0,0,1,1,1,0.0,0.0,0.0,0.0,1.0,0.0,0.0,255,25,0.1,0.03,0.0,0.0,0.49,0.0,0.02,0.0,warezmaster,1,0,NORMAL,0,0
1,tcp,smtp,SF,2599,293,0,0,0,0,0,1,0,0,0,0,0,0,0,0,0,0,2,2,0.0,0.0,0.0,0.0,1.0,0.0,0.0,255,137,0.54,0.15,0.0,0.0,0.0,0.0,0.45,0.0,mailbomb,1,0,NORMAL,0,0
5,tcp,pop_3,SF,30,93,0,0,0,0,0,1,0,0,0,0,0,0,0,0,0,0,1,1,0.0,0.0,0.0,0.0,1.0,0.0,0.0,255,251,0.98,0.01,0.0,0.0,0.0,0.0,0.0,0.0,guess_passwd,1,0,NORMAL,0,0
4,tcp,pop_3,SF,26,93,0,0,0,0,0,1,0,0,0,0,0,0,0,0,0,0,1,1,0.0,0.0,0.0,0.0,1.0,0.0,0.0,255,229,0.9,0.02,0.0,0.0,0.0,0.0,0.07,0.0,guess_passwd,1,0,NORMAL,0,0
3,tcp,private,RSTR,0,0,0,0,0,0,0,0,0,0,0,0,0,0,0,0,0,0,63,2,0.0,0.0,1.0,1.0,0.03,0.57,0.0,67,2,0.03,0.54,0.94,0.0,0.0,0.0,0.94,1.0,normal,0,1,ATTACK,1,1
0,udp,private,SF,105,147,0,0,0,0,0,0,0,0,0,0,0,0,0,0,0,0,1,1,0.0,0.0,0.0,0.0,1.0,0.0,0.0,30,30,1.0,0.0,0.03,0.0,0.0,0.0,0.0,0.0,snmpgetattack,1,0,NORMAL,0,0
0,udp,private,SF,48,0,0,0,0,0,0,0,0,0,0,0,0,0,0,0,0,0,3,3,0.0,0.0,0.0,0.0,1.0,0.0,0.0,255,255,1.0,0.0,0.0,0.0,0.0,0.0,0.0,0.0,snmpguess,1,0,NORMAL,0,0
0,tcp,telnet,RSTO,126,176,0,0,0,0,1,0,0,0,0,0,0,0,0,0,0,0,1,1,0.0,0.0,1.0,1.0,1.0,0.0,0.0,255,248,0.97,0.01,0.0,0.0,0.0,0.0,0.03,0.03,guess_passwd,1,0,NORMAL,0,0
4,tcp,pop_3,SF,27,93,0,0,0,0,0,1,0,0,0,0,0,0,0,0,0,0,1,1,0.0,0.0,0.0,0.0,1.0,0.0,0.0,191,172,0.9,0.02,0.01,0.0,0.0,0.0,0.05,0.0,guess_passwd,1,0,NORMAL,0,0
0,tcp,other,REJ,0,0,0,0,0,0,0,0,0,0,0,0,0,0,0,0,0,0,1,1,0.0,0.0,1.0,1.0,1.0,0.0,0.0,255,4,0.02,0.01,0.0,0.0,0.0,0.0,0.02,1.0,httptunnel,1,0,NORMAL,0,0
283,tcp,ftp,SF,158,597,0,0,0,2,0,1,0,0,0,0,0,0,0,0,0,1,1,1,0.0,0.0,0.0,0.0,1.0,0.0,0.0,255,73,0.29,0.03,0.0,0.0,0.04,0.0,0.02,0.0,warezmaster,1,0,NORMAL,0,0
7959,tcp,telnet,SF,0,44,0,0,0,0,0,0,0,0,0,0,0,0,0,0,0,0,1,1,0.0,0.0,0.0,0.0,1.0,0.0,0.0,255,110,0.43,0.02,0.0,0.0,0.54,0.35,0.01,0.01,processtable,1,0,NORMAL,0,0
0,tcp,telnet,SF,121,174,0,0,0,0,1,0,0,0,0,0,0,0,0,0,0,0,1,1,0.0,0.0,0.0,0.0,1.0,0.0,0.0,255,135,0.53,0.02,0.0,0.0,0.0,0.0,0.02,0.03,guess_passwd,1,0,NORMAL,0,0
0,tcp,telnet,SF,125,174,0,0,0,0,1,0,0,0,0,0,0,0,0,0,0,0,1,1,0.0,0.0,0.0,0.0,1.0,0.0,0.0,255,85,0.33,0.02,0.0,0.0,0.0,0.0,0.01,0.04,guess_passwd,1,0,NORMAL,0,0
4,tcp,pop_3,SF,32,93,0,0,0,0,0,1,0,0,0,0,0,0,0,0,0,0,1,1,0.0,0.0,0.0,0.0,1.0,0.0,0.0,252,233,0.92,0.01,0.0,0.0,0.0,0.0,0.04,0.0,guess_passwd,1,0,NORMAL,0,0
0,tcp,telnet,S3,0,44,0,0,0,0,0,0,0,0,0,0,0,0,0,0,0,0,1,1,1.0,1.0,0.0,0.0,1.0,0.0,0.0,255,128,0.5,0.02,0.0,0.0,0.53,0.42,0.01,0.01,processtable,1,0,NORMAL,0,0
8116,tcp,telnet,SF,0,15,0,0,0,0,0,0,0,0,0,0,0,0,0,0,0,0,1,1,0.0,0.0,0.0,0.0,1.0,0.0,0.0,255,62,0.24,0.04,0.0,0.0,0.0,0.02,0.11,0.21,processtable,1,0,NORMAL,0,0
0,tcp,ftp_data,SF,12,0,0,0,0,0,0,0,0,0,0,0,0,0,0,0,0,0,1,1,0.0,0.0,0.0,0.0,1.0,0.0,0.0,12,19,0.92,0.17,0.92,0.11,0.0,0.0,0.0,0.0,warezmaster,1,0,NORMAL,0,0
0,tcp,telnet,REJ,0,0,0,0,0,0,0,0,0,0,0,0,0,0,0,0,0,0,1,3,0.0,0.0,1.0,1.0,1.0,0.0,1.0,255,21,0.08,0.03,0.0,0.0,0.0,0.0,0.23,0.81,mscan,1,0,NORMAL,0,0
7350,tcp,telnet,SF,0,44,0,0,0,0,0,0,0,0,0,0,0,0,0,0,0,0,1,1,0.0,0.0,0.0,0.0,1.0,0.0,0.0,255,219,0.86,0.15,0.0,0.0,0.5,0.58,0.14,0.01,processtable,1,0,NORMAL,0,0
4,tcp,pop_3,SF,30,93,0,0,0,0,0,1,0,0,0,0,0,0,0,0,0,0,1,1,0.0,0.0,0.0,0.0,1.0,0.0,0.0,255,236,0.93,0.04,0.0,0.0,0.0,0.0,0.0,0.0,guess_passwd,1,0,NORMAL,0,0
7404,tcp,telnet,SF,0,44,0,0,0,0,0,0,0,0,0,0,0,0,0,0,0,0,1,1,0.0,0.0,0.0,0.0,1.0,0.0,0.0,255,223,0.87,0.02,0.0,0.0,0.33,0.38,0.12,0.06,processtable,1,0,NORMAL,0,0
0,udp,private,SF,47,0,0,0,0,0,0,0,0,0,0,0,0,0,0,0,0,0,5,5,0.0,0.0,0.0,0.0,1.0,0.0,0.0,255,254,1.0,0.01,0.0,0.0,0.0,0.0,0.0,0.0,snmpguess,1,0,NORMAL,0,0
282,tcp,ftp,SF,158,597,0,0,0,2,0,1,0,0,0,0,0,0,0,0,0,1,1,1,0.0,0.0,0.0,0.0,1.0,0.0,0.0,215,11,0.05,0.68,0.0,0.0,0.0,0.0,0.69,0.09,warezmaster,1,0,NORMAL,0,0
282,tcp,ftp,SF,166,601,0,0,0,2,0,1,0,0,0,0,0,0,0,0,0,1,1,1,0.0,0.0,0.0,0.0,1.0,0.0,0.0,255,10,0.04,0.51,0.0,0.0,0.0,0.0,0.5,0.0,warezmaster,1,0,NORMAL,0,0
4,tcp,pop_3,SF,27,93,0,0,0,0,0,1,0,0,0,0,0,0,0,0,0,0,1,1,0.0,0.0,0.0,0.0,1.0,0.0,0.0,255,214,0.84,0.02,0.0,0.0,0.0,0.0,0.04,0.0,guess_passwd,1,0,NORMAL,0,0
0,udp,private,SF,42,0,0,0,0,0,0,0,0,0,0,0,0,0,0,0,0,0,2,2,0.0,0.0,0.0,0.0,1.0,0.0,0.0,255,254,1.0,0.01,0.0,0.0,0.0,0.0,0.0,0.0,snmpguess,1,0,NORMAL,0,0
0,tcp,ftp_data,SF,12,0,0,0,0,0,0,0,0,0,0,0,0,0,0,0,0,0,1,1,0.0,0.0,0.0,0.0,1.0,0.0,0.0,2,9,0.5,1.0,0.5,0.22,0.0,0.0,0.0,0.0,warezmaster,1,0,NORMAL,0,0
0,tcp,ftp_data,SF,12,0,0,0,0,0,0,0,0,0,0,0,0,0,0,0,0,0,1,1,0.0,0.0,0.0,0.0,1.0,0.0,0.0,5,27,1.0,0.0,1.0,0.15,0.0,0.0,0.0,0.0,warezmaster,1,0,NORMAL,0,0
281,tcp,ftp,SF,160,597,0,0,0,2,0,1,0,0,0,0,0,0,0,0,0,1,1,1,0.0,0.0,0.0,0.0,1.0,0.0,0.0,9,8,0.89,0.22,0.11,0.0,0.0,0.0,0.0,0.0,warezmaster,1,0,NORMAL,0,0
0,tcp,telnet,RSTO,0,15,0,0,0,0,0,0,0,0,0,0,0,0,0,0,0,0,1,6,0.0,0.17,1.0,0.33,1.0,0.0,0.67,175,88,0.34,0.03,0.01,0.02,0.01,0.01,0.87,0.62,mscan,1,0,NORMAL,0,0
0,tcp,other,SF,267,0,0,0,0,0,0,0,0,0,0,0,0,0,0,0,0,0,4,2,0.0,0.0,0.0,0.0,0.5,0.5,0.0,255,14,0.05,0.01,0.0,0.0,0.0,0.0,0.03,0.57,httptunnel,1,0,NORMAL,0,0
0,tcp,ftp_data,SF,12,0,0,0,0,0,0,0,0,0,0,0,0,0,0,0,0,0,1,1,0.0,0.0,0.0,0.0,1.0,0.0,0.0,9,25,1.0,0.0,1.0,0.12,0.0,0.0,0.0,0.0,warezmaster,1,0,NORMAL,0,0
2,tcp,pop_3,RSTO,0,36,0,0,0,0,0,1,0,0,0,0,0,0,0,0,0,0,3,9,0.0,0.0,1.0,0.89,0.33,1.0,0.89,218,13,0.0,0.03,0.0,0.15,0.0,0.92,0.01,0.08,mscan,1,0,NORMAL,0,0
0,udp,private,SF,1,0,0,0,0,0,0,0,0,0,0,0,0,0,0,0,0,0,63,2,0.0,0.0,0.0,0.0,0.03,0.98,0.0,255,2,0.01,0.75,0.95,0.0,0.0,0.0,0.05,0.0,normal,0,1,ATTACK,1,0
4,tcp,pop_3,SF,30,93,0,0,0,0,0,1,0,0,0,0,0,0,0,0,0,0,1,1,0.0,0.0,0.0,0.0,1.0,0.0,0.0,255,227,0.89,0.04,0.0,0.0,0.0,0.0,0.0,0.0,guess_passwd,1,0,NORMAL,0,0
4,tcp,pop_3,SF,32,93,0,0,0,0,0,1,0,0,0,0,0,0,0,0,0,0,2,1,0.0,0.0,0.0,0.0,0.5,1.0,0.0,132,116,0.87,0.02,0.01,0.02,0.0,0.0,0.08,0.0,guess_passwd,1,0,NORMAL,0,0
1,tcp,smtp,SF,2599,293,0,0,0,0,0,1,0,0,0,0,0,0,0,0,0,0,2,2,0.0,0.0,0.0,0.0,1.0,0.0,0.0,255,141,0.55,0.14,0.0,0.0,0.0,0.0,0.43,0.0,mailbomb,1,0,NORMAL,0,0
0,udp,private,SF,50,0,0,0,0,0,0,0,0,0,0,0,0,0,0,0,0,0,5,5,0.0,0.0,0.0,0.0,1.0,0.0,0.0,255,255,1.0,0.0,0.0,0.0,0.0,0.0,0.0,0.0,snmpguess,1,0,NORMAL,0,0
280,tcp,ftp_data,SF,283618,0,0,0,0,0,0,0,0,0,0,0,0,0,0,0,0,0,2,2,0.0,0.0,0.0,0.0,1.0,0.0,0.0,27,6,0.22,0.07,0.22,0.0,0.0,0.0,0.0,0.0,warezmaster,1,0,NORMAL,0,0
0,udp,private,SF,105,146,0,0,0,0,0,0,0,0,0,0,0,0,0,0,0,0,2,2,0.0,0.0,0.0,0.0,1.0,0.0,0.0,236,235,1.0,0.01,0.0,0.0,0.0,0.0,0.0,0.0,snmpgetattack,1,0,NORMAL,0,0
57715,tcp,X11,SF,39224,511712,0,0,0,0,0,0,0,0,0,0,0,0,0,0,0,0,1,1,0.0,0.0,0.0,0.0,1.0,0.0,0.0,1,1,1.0,0.0,1.0,0.0,0.0,0.0,0.0,0.0,named,1,0,NORMAL,0,0
0,udp,private,SF,48,0,0,0,0,0,0,0,0,0,0,0,0,0,0,0,0,0,3,3,0.0,0.0,0.0,0.0,1.0,0.0,0.0,255,254,1.0,0.01,0.02,0.0,0.0,0.0,0.0,0.0,snmpguess,1,0,NORMAL,0,0
0,udp,private,SF,105,147,0,0,0,0,0,0,0,0,0,0,0,0,0,0,0,0,2,2,0.0,0.0,0.0,0.0,1.0,0.0,0.0,255,254,1.0,0.01,0.01,0.0,0.0,0.0,0.0,0.0,snmpgetattack,1,0,NORMAL,0,0
7444,tcp,telnet,SF,0,44,0,0,0,0,0,0,0,0,0,0,0,0,0,0,0,0,1,1,0.0,0.0,0.0,0.0,1.0,0.0,0.0,255,213,0.84,0.03,0.0,0.0,0.33,0.4,0.12,0.07,processtable,1,0,NORMAL,0,0
0,tcp,telnet,RSTO,0,12,0,0,0,0,0,0,0,0,0,0,0,0,0,0,0,0,1,9,0.0,0.33,1.0,0.56,1.0,0.0,0.89,255,44,0.17,0.03,0.0,0.0,0.0,0.0,0.25,0.48,mscan,1,0,NORMAL,0,0
1,tcp,telnet,SF,24,715,0,0,0,0,0,0,0,0,0,0,0,0,0,0,0,0,4,4,0.0,0.0,0.75,0.5,0.5,0.75,0.5,54,86,0.33,0.09,0.02,0.02,0.0,0.0,0.85,0.7,mscan,1,0,NORMAL,0,0
0,tcp,telnet,REJ,0,0,0,0,0,0,0,0,0,0,0,0,0,0,0,0,0,0,1,19,0.0,0.16,1.0,0.84,1.0,0.0,0.95,54,98,0.31,0.09,0.02,0.02,0.0,0.0,0.93,0.5,mscan,1,0,NORMAL,0,0
0,udp,private,SF,1,0,0,0,0,0,0,0,0,0,0,0,0,0,0,0,0,0,131,9,0.0,0.0,0.0,0.0,0.07,0.67,0.0,255,9,0.04,0.78,1.0,0.0,0.0,0.0,0.0,0.0,normal,0,1,ATTACK,1,0
282,tcp,ftp,SF,162,597,0,0,0,2,0,1,0,0,0,0,0,0,0,0,0,1,1,1,0.0,0.0,0.0,0.0,1.0,0.0,0.0,75,43,0.57,0.05,0.01,0.0,0.0,0.0,0.0,0.0,warezmaster,1,0,NORMAL,0,0
0,tcp,ftp_data,SF,12,0,0,0,0,0,0,0,0,0,0,0,0,0,0,0,0,0,1,1,0.0,0.0,0.0,0.0,1.0,0.0,0.0,1,9,1.0,0.0,1.0,0.22,0.0,0.11,0.0,0.0,warezmaster,1,0,NORMAL,0,0
281,tcp,ftp,SF,162,597,0,0,0,2,0,1,0,0,0,0,0,0,0,0,0,1,1,1,0.0,0.0,0.0,0.0,1.0,0.0,0.0,255,113,0.44,0.03,0.0,0.0,0.0,0.0,0.0,0.0,warezmaster,1,0,NORMAL,0,0
1,tcp,smtp,SF,2599,293,0,0,0,0,0,1,0,0,0,0,0,0,0,0,0,0,3,3,0.0,0.0,0.0,0.0,1.0,0.0,0.0,255,60,0.24,0.15,0.0,0.0,0.0,0.0,0.75,0.0,mailbomb,1,0,NORMAL,0,0
7558,tcp,telnet,SF,0,44,0,0,0,0,0,0,0,0,0,0,0,0,0,0,0,0,1,1,0.0,0.0,0.0,0.0,1.0,0.0,0.0,255,168,0.66,0.32,0.0,0.0,0.5,0.76,0.31,0.01,processtable,1,0,NORMAL,0,0
0,tcp,ftp_data,SF,12,0,0,0,0,0,0,0,0,0,0,0,0,0,0,0,0,0,1,1,0.0,0.0,0.0,0.0,1.0,0.0,0.0,15,41,1.0,0.0,1.0,0.1,0.0,0.0,0.0,0.0,warezmaster,1,0,NORMAL,0,0
14,tcp,pop_3,SF,32,93,0,0,0,0,0,1,0,0,0,0,0,0,0,0,0,0,1,1,0.0,0.0,0.0,0.0,1.0,0.0,0.0,255,240,0.94,0.02,0.0,0.0,0.0,0.0,0.02,0.0,guess_passwd,1,0,NORMAL,0,0
4,tcp,pop_3,SF,30,93,0,0,0,0,0,1,0,0,0,0,0,0,0,0,0,0,1,1,0.0,0.0,0.0,0.0,1.0,0.0,0.0,255,229,0.9,0.04,0.0,0.0,0.0,0.0,0.0,0.0,guess_passwd,1,0,NORMAL,0,0
0,tcp,ftp_data,SF,12,0,0,0,0,0,0,0,0,0,0,0,0,0,0,0,0,0,1,1,0.0,0.0,0.0,0.0,1.0,0.0,0.0,3,27,1.0,0.0,1.0,0.19,0.0,0.04,0.0,0.0,warezmaster,1,0,NORMAL,0,0
0,tcp,telnet,S3,0,44,0,0,0,0,0,0,0,0,0,0,0,0,0,0,0,0,1,1,1.0,1.0,0.0,0.0,1.0,0.0,0.0,255,122,0.48,0.47,0.0,0.0,0.37,0.77,0.46,0.02,processtable,1,0,NORMAL,0,0
3,tcp,telnet,SF,24,109,0,0,0,0,0,0,0,0,0,0,0,0,0,0,0,0,1,10,0.0,0.1,0.0,0.4,1.0,0.0,0.6,90,83,0.32,0.06,0.01,0.02,0.0,0.0,0.9,0.7,mscan,1,0,NORMAL,0,0
4,tcp,pop_3,SF,30,93,0,0,0,0,0,1,0,0,0,0,0,0,0,0,0,0,1,1,0.0,0.0,0.0,0.0,1.0,0.0,0.0,255,251,0.98,0.01,0.0,0.0,0.0,0.0,0.0,0.0,guess_passwd,1,0,NORMAL,0,0
0,tcp,telnet,SF,122,174,0,0,0,0,1,0,0,0,0,0,0,0,0,0,0,0,1,1,0.0,0.0,0.0,0.0,1.0,0.0,0.0,255,253,0.99,0.01,0.0,0.0,0.0,0.0,0.02,0.02,guess_passwd,1,0,NORMAL,0,0
0,udp,private,SF,1,0,0,0,0,0,0,0,0,0,0,0,0,0,0,0,0,0,62,3,0.0,0.0,0.0,0.0,0.05,0.97,0.0,255,3,0.01,0.76,0.99,0.0,0.0,0.0,0.01,0.0,normal,0,1,ATTACK,1,0
3,tcp,pop_3,SF,30,93,0,0,0,0,0,1,0,0,0,0,0,0,0,0,0,0,1,1,0.0,0.0,0.0,0.0,1.0,0.0,0.0,255,250,0.98,0.01,0.0,0.0,0.0,0.0,0.01,0.0,guess_passwd,1,0,NORMAL,0,0
0,udp,private,SF,42,0,0,0,0,0,0,0,0,0,0,0,0,0,0,0,0,0,5,5,0.0,0.0,0.0,0.0,1.0,0.0,0.0,255,255,1.0,0.0,0.02,0.0,0.0,0.0,0.0,0.0,snmpguess,1,0,NORMAL,0,0
2,tcp,ftp_data,SF,12,0,0,0,0,0,0,0,0,0,0,0,0,0,0,0,0,0,1,1,0.0,0.0,0.0,0.0,1.0,0.0,0.0,1,1,1.0,0.0,1.0,0.0,0.0,0.0,0.0,0.0,warezmaster,1,0,NORMAL,0,0
0,tcp,other,REJ,0,0,0,0,0,0,0,0,0,0,0,0,0,0,0,0,0,0,1,1,0.0,0.0,1.0,1.0,1.0,0.0,0.0,255,16,0.06,0.02,0.0,0.0,0.0,0.0,0.07,1.0,httptunnel,1,0,NORMAL,0,0
3,tcp,pop_3,SF,32,93,0,0,0,0,0,1,0,0,0,0,0,0,0,0,0,0,1,1,0.0,0.0,0.0,0.0,1.0,0.0,0.0,255,249,0.98,0.02,0.0,0.0,0.0,0.0,0.0,0.0,guess_passwd,1,0,NORMAL,0,0
0,udp,other,SF,1,1,0,0,0,0,0,0,0,0,0,0,0,0,0,0,0,0,73,3,0.0,0.0,0.0,0.0,0.04,0.71,0.0,255,3,0.01,0.74,1.0,0.0,0.0,0.0,0.0,0.0,normal,0,1,ATTACK,1,0
1,tcp,smtp,SF,2599,293,0,0,0,0,0,1,0,0,0,0,0,0,0,0,0,0,3,3,0.0,0.0,0.0,0.0,1.0,0.0,0.0,255,123,0.48,0.15,0.0,0.0,0.0,0.0,0.5,0.0,mailbomb,1,0,NORMAL,0,0
0,tcp,other,RSTR,0,0,0,0,0,0,0,0,0,0,0,0,0,0,0,0,0,0,1,1,0.0,0.0,1.0,1.0,1.0,0.0,0.0,255,1,0.0,0.55,0.54,0.0,0.0,0.0,0.54,1.0,normal,0,1,ATTACK,1,0
282,tcp,ftp,SF,158,593,0,0,0,2,0,1,0,0,0,0,0,0,0,0,0,1,1,1,0.0,0.0,0.0,0.0,1.0,0.0,0.0,70,5,0.07,0.8,0.01,0.0,0.0,0.0,0.8,0.2,warezmaster,1,0,NORMAL,0,0
0,tcp,telnet,SF,123,174,0,0,0,0,1,0,0,0,0,0,0,0,0,0,0,0,1,1,0.0,0.0,0.0,0.0,1.0,0.0,0.0,255,79,0.31,0.02,0.0,0.0,0.0,0.0,0.01,0.04,guess_passwd,1,0,NORMAL,0,0
282,tcp,ftp,SF,161,599,0,0,0,2,0,1,0,0,0,0,0,0,0,0,0,1,1,1,0.0,0.0,0.0,0.0,1.0,0.0,0.0,232,117,0.5,0.03,0.0,0.0,0.0,0.0,0.0,0.0,warezmaster,1,0,NORMAL,0,0
7574,tcp,telnet,SF,0,44,0,0,0,0,0,0,0,0,0,0,0,0,0,0,0,0,1,1,0.0,0.0,0.0,0.0,1.0,0.0,0.0,255,164,0.64,0.33,0.0,0.0,0.49,0.77,0.33,0.01,processtable,1,0,NORMAL,0,0
0,tcp,telnet,SF,122,174,0,0,0,0,1,0,0,0,0,0,0,0,0,0,0,0,1,1,0.0,0.0,0.0,0.0,1.0,0.0,0.0,255,138,0.54,0.02,0.0,0.0,0.0,0.0,0.02,0.03,guess_passwd,1,0,NORMAL,0,0
4,tcp,pop_3,SF,31,93,0,0,0,0,0,1,0,0,0,0,0,0,0,0,0,0,1,1,0.0,0.0,0.0,0.0,1.0,0.0,0.0,71,68,0.94,0.03,0.01,0.03,0.0,0.0,0.0,0.0,guess_passwd,1,0,NORMAL,0,0
0,udp,private,SF,42,0,0,0,0,0,0,0,0,0,0,0,0,0,0,0,0,0,5,5,0.0,0.0,0.0,0.0,1.0,0.0,0.0,255,255,1.0,0.0,0.0,0.0,0.0,0.0,0.0,0.0,snmpguess,1,0,NORMAL,0,0
0,udp,private,SF,105,147,0,0,0,0,0,0,0,0,0,0,0,0,0,0,0,0,3,3,0.0,0.0,0.0,0.0,1.0,0.0,0.0,255,254,1.0,0.01,0.01,0.0,0.0,0.0,0.0,0.0,snmpgetattack,1,0,NORMAL,0,0
0,udp,private,SF,105,105,0,0,0,0,0,0,0,0,0,0,0,0,0,0,0,0,3,3,0.0,0.0,0.0,0.0,1.0,0.0,0.0,255,255,1.0,0.0,0.01,0.0,0.0,0.0,0.0,0.0,snmpgetattack,1,0,NORMAL,0,0
0,udp,private,SF,46,46,0,0,0,0,0,0,0,0,0,0,0,0,0,0,0,0,2,2,0.0,0.0,0.0,0.0,1.0,0.0,0.0,255,255,1.0,0.0,0.01,0.0,0.0,0.0,0.0,0.0,snmpguess,1,0,NORMAL,0,0
0,udp,private,SF,105,145,0,0,0,0,0,0,0,0,0,0,0,0,0,0,0,0,2,2,0.0,0.0,0.0,0.0,1.0,0.0,0.0,255,254,1.0,0.01,0.0,0.0,0.0,0.0,0.0,0.0,snmpgetattack,1,0,NORMAL,0,0
282,tcp,ftp,SF,162,597,0,0,0,2,0,1,0,0,0,0,0,0,0,0,0,1,1,1,0.0,0.0,0.0,0.0,1.0,0.0,0.0,255,56,0.22,0.03,0.0,0.0,0.13,0.0,0.02,0.0,warezmaster,1,0,NORMAL,0,0
7573,tcp,telnet,SF,0,44,0,0,0,0,0,0,0,0,0,0,0,0,0,0,0,0,1,1,0.0,0.0,0.0,0.0,1.0,0.0,0.0,255,183,0.72,0.03,0.0,0.0,0.33,0.46,0.12,0.08,processtable,1,0,NORMAL,0,0
4,tcp,pop_3,SF,32,93,0,0,0,0,0,1,0,0,0,0,0,0,0,0,0,0,1,1,0.0,0.0,0.0,0.0,1.0,0.0,0.0,238,219,0.92,0.01,0.0,0.0,0.0,0.0,0.04,0.0,guess_passwd,1,0,NORMAL,0,0
0,tcp,telnet,REJ,0,0,0,0,0,0,0,0,0,0,0,0,0,0,0,0,0,0,1,4,0.0,0.0,1.0,1.0,1.0,0.0,1.0,90,86,0.34,0.06,0.01,0.02,0.0,0.0,0.89,0.7,mscan,1,0,NORMAL,0,0
7228,tcp,telnet,SF,0,44,0,0,0,0,0,0,0,0,0,0,0,0,0,0,0,0,1,1,0.0,0.0,0.0,0.0,1.0,0.0,0.0,255,248,0.97,0.02,0.0,0.0,0.33,0.34,0.04,0.02,processtable,1,0,NORMAL,0,0
3,tcp,pop_3,SF,30,93,0,0,0,0,0,1,0,0,0,0,0,0,0,0,0,0,1,1,0.0,0.0,0.0,0.0,1.0,0.0,0.0,255,248,0.97,0.01,0.0,0.0,0.0,0.0,0.0,0.0,guess_passwd,1,0,NORMAL,0,0
280,tcp,ftp_data,SF,283618,0,0,0,0,2,0,0,0,0,0,0,0,0,0,0,0,0,1,1,0.0,0.0,0.0,0.0,1.0,0.0,0.0,4,5,0.75,0.5,0.75,0.4,0.0,0.0,0.0,0.0,warezmaster,1,0,NORMAL,0,0
1,tcp,smtp,SF,2599,293,0,0,0,0,0,1,0,0,0,0,0,0,0,0,0,0,3,3,0.0,0.0,0.0,0.0,1.0,0.0,0.0,255,92,0.36,0.14,0.0,0.0,0.0,0.0,0.62,0.0,mailbomb,1,0,NORMAL,0,0
0,tcp,telnet,S3,0,44,0,0,0,0,0,0,0,0,0,0,0,0,0,0,0,0,1,1,1.0,1.0,0.0,0.0,1.0,0.0,0.0,255,130,0.51,0.44,0.0,0.0,0.4,0.78,0.44,0.02,processtable,1,0,NORMAL,0,0
0,tcp,telnet,REJ,0,0,0,0,0,0,0,0,0,0,0,0,0,0,0,0,0,0,1,7,0.0,0.0,1.0,0.71,1.0,0.0,0.86,163,85,0.33,0.03,0.01,0.02,0.0,0.0,0.89,0.68,mscan,1,0,NORMAL,0,0
0,udp,private,SF,1,1,0,0,0,0,0,0,0,0,0,0,0,0,0,0,0,0,19,4,0.0,0.0,0.0,0.0,0.21,0.21,0.0,255,4,0.02,0.41,0.65,0.0,0.0,0.0,0.32,0.0,normal,0,1,ATTACK,1,0
8188,tcp,telnet,SF,0,15,0,0,0,0,0,0,0,0,0,0,0,0,0,0,0,0,1,3,0.0,0.0,0.0,0.67,1.0,0.0,1.0,255,42,0.16,0.04,0.0,0.0,0.0,0.02,0.08,0.24,processtable,1,0,NORMAL,0,0
4,tcp,pop_3,SF,26,93,0,0,0,0,0,1,0,0,0,0,0,0,0,0,0,0,1,1,0.0,0.0,0.0,0.0,1.0,0.0,0.0,53,51,0.94,0.04,0.02,0.04,0.0,0.0,0.0,0.0,guess_passwd,1,0,NORMAL,0,0
4,tcp,pop_3,SF,32,93,0,0,0,0,0,1,0,0,0,0,0,0,0,0,0,0,1,1,0.0,0.0,0.0,0.0,1.0,0.0,0.0,218,199,0.91,0.01,0.0,0.0,0.0,0.0,0.05,0.0,guess_passwd,1,0,NORMAL,0,0
0,tcp,ftp,SF,26,157,0,0,0,0,1,0,0,0,0,0,0,0,0,0,0,1,1,1,0.0,0.0,0.0,0.0,1.0,0.0,0.0,169,80,0.47,0.03,0.01,0.0,0.0,0.0,0.0,0.0,guess_passwd,1,0,NORMAL,0,0
1,tcp,telnet,SF,24,574,0,0,0,0,0,0,0,0,0,0,0,0,0,0,0,0,4,6,0.0,0.0,0.75,0.5,0.5,0.75,0.5,54,87,0.35,0.09,0.02,0.02,0.0,0.0,0.87,0.69,mscan,1,0,NORMAL,0,0
4,tcp,pop_3,SF,27,103,0,0,0,0,0,1,0,0,0,0,0,0,0,0,0,0,1,1,0.0,0.0,0.0,0.0,1.0,0.0,0.0,255,217,0.85,0.02,0.0,0.0,0.0,0.0,0.04,0.01,guess_passwd,1,0,NORMAL,0,0
8180,tcp,telnet,SF,0,15,0,0,0,0,0,0,0,0,0,0,0,0,0,0,0,0,1,1,0.0,0.0,0.0,0.0,1.0,0.0,0.0,255,71,0.28,0.02,0.0,0.0,0.73,0.7,0.01,0.03,processtable,1,0,NORMAL,0,0
1,tcp,telnet,SF,24,109,0,0,0,0,0,0,0,0,0,0,0,0,0,0,0,0,3,2,0.0,0.0,0.67,0.0,0.33,1.0,1.0,147,85,0.33,0.03,0.01,0.02,0.0,0.0,0.88,0.68,mscan,1,0,NORMAL,0,0
8121,tcp,telnet,S3,1,15,0,0,0,0,0,0,0,0,0,0,0,0,0,0,0,0,1,1,1.0,1.0,0.0,0.0,1.0,0.0,0.0,255,31,0.12,0.77,0.0,0.0,0.03,0.26,0.76,0.0,processtable,1,0,NORMAL,0,0
0,udp,private,SF,1,0,0,0,0,0,0,0,0,0,0,0,0,0,0,0,0,0,42,14,0.0,0.0,0.0,0.0,0.33,0.69,0.0,255,14,0.05,0.93,0.2,0.0,0.11,0.0,0.69,0.0,normal,0,1,ATTACK,1,0
0,udp,private,SF,47,0,0,0,0,0,0,0,0,0,0,0,0,0,0,0,0,0,3,3,0.0,0.0,0.0,0.0,1.0,0.0,0.0,255,253,0.99,0.01,0.02,0.0,0.0,0.0,0.0,0.0,snmpguess,1,0,NORMAL,0,0
1,tcp,smtp,SF,2599,293,0,0,0,0,0,1,0,0,0,0,0,0,0,0,0,0,3,3,0.0,0.0,0.0,0.0,1.0,0.0,0.0,255,192,0.75,0.13,0.0,0.0,0.0,0.0,0.24,0.0,mailbomb,1,0,NORMAL,0,0
0,udp,private,SF,40,0,0,0,0,0,0,0,0,0,0,0,0,0,0,0,0,0,2,2,0.0,0.0,0.0,0.0,1.0,0.0,0.0,255,255,1.0,0.0,0.01,0.0,0.0,0.0,0.0,0.0,snmpguess,1,0,NORMAL,0,0
2,tcp,telnet,RSTO,0,15,0,0,0,0,0,0,0,0,0,0,0,0,0,0,0,0,1,9,0.0,0.11,1.0,0.44,1.0,0.0,0.78,255,39,0.15,0.03,0.0,0.0,0.0,0.0,0.48,0.87,mscan,1,0,NORMAL,0,0
7304,tcp,telnet,SF,0,44,0,0,0,0,0,0,0,0,0,0,0,0,0,0,0,0,1,1,0.0,0.0,0.0,0.0,1.0,0.0,0.0,255,240,0.94,0.02,0.0,0.0,0.33,0.35,0.07,0.03,processtable,1,0,NORMAL,0,0
0,udp,private,SF,56,0,0,0,0,0,0,0,0,0,0,0,0,0,0,0,0,0,3,3,0.0,0.0,0.0,0.0,1.0,0.0,0.0,255,254,1.0,0.01,0.01,0.0,0.0,0.0,0.0,0.0,snmpguess,1,0,NORMAL,0,0
4,tcp,pop_3,SF,32,93,0,0,0,0,0,1,0,0,0,0,0,0,0,0,0,0,1,1,0.0,0.0,0.0,0.0,1.0,0.0,0.0,255,242,0.95,0.02,0.0,0.0,0.0,0.0,0.01,0.0,guess_passwd,1,0,NORMAL,0,0
0,tcp,telnet,REJ,0,0,0,0,0,0,0,0,0,0,0,0,0,0,0,0,0,0,1,23,0.0,0.13,1.0,0.78,1.0,0.0,0.91,68,89,0.35,0.07,0.01,0.02,0.03,0.02,0.87,0.65,mscan,1,0,NORMAL,0,0
4,tcp,pop_3,SF,28,93,0,0,0,0,0,1,0,0,0,0,0,0,0,0,0,0,1,1,0.0,0.0,0.0,0.0,1.0,0.0,0.0,255,247,0.97,0.01,0.0,0.0,0.0,0.0,0.0,0.0,guess_passwd,1,0,NORMAL,0,0
282,tcp,ftp,SF,160,597,0,0,0,2,0,1,0,0,0,0,0,0,0,0,0,1,1,1,0.0,0.0,0.0,0.0,1.0,0.0,0.0,255,57,0.22,0.02,0.0,0.0,0.0,0.0,0.6,0.0,warezmaster,1,0,NORMAL,0,0
7613,tcp,telnet,SF,0,44,0,0,0,0,0,0,0,0,0,0,0,0,0,0,0,0,1,11,0.0,0.0,0.0,0.45,1.0,0.0,0.55,255,172,0.67,0.03,0.0,0.0,0.33,0.49,0.11,0.08,processtable,1,0,NORMAL,0,0
0,udp,private,SF,52,0,0,0,0,0,0,0,0,0,0,0,0,0,0,0,0,0,4,4,0.0,0.0,0.0,0.0,1.0,0.0,0.0,255,254,1.0,0.01,0.0,0.0,0.0,0.0,0.0,0.0,snmpguess,1,0,NORMAL,0,0
7951,tcp,telnet,SF,0,44,0,0,0,0,0,0,0,0,0,0,0,0,0,0,0,0,1,1,0.0,0.0,0.0,0.0,1.0,0.0,0.0,255,112,0.44,0.02,0.0,0.0,0.53,0.34,0.01,0.01,processtable,1,0,NORMAL,0,0
0,tcp,telnet,S3,0,44,0,0,0,0,0,0,0,0,0,0,0,0,0,0,0,0,1,1,1.0,1.0,0.0,0.0,1.0,0.0,0.0,255,106,0.42,0.03,0.0,0.0,0.12,0.28,0.11,0.12,processtable,1,0,NORMAL,0,0
0,tcp,ftp,SF,26,157,0,0,0,0,1,0,0,0,0,0,0,0,0,0,0,1,2,2,0.0,0.0,0.0,0.0,1.0,0.0,0.0,220,109,0.5,0.03,0.0,0.0,0.0,0.0,0.0,0.0,guess_passwd,1,0,NORMAL,0,0
0,tcp,telnet,SF,121,174,0,0,0,0,1,0,0,0,0,0,0,0,0,0,0,0,1,1,0.0,0.0,0.0,0.0,1.0,0.0,0.0,255,107,0.42,0.02,0.0,0.0,0.0,0.0,0.01,0.03,guess_passwd,1,0,NORMAL,0,0
7595,tcp,telnet,SF,0,44,0,0,0,0,0,0,0,0,0,0,0,0,0,0,0,0,1,1,0.0,0.0,0.0,0.0,1.0,0.0,0.0,255,159,0.62,0.35,0.0,0.0,0.49,0.79,0.35,0.01,processtable,1,0,NORMAL,0,0
0,tcp,telnet,SF,126,174,0,0,0,0,1,0,0,0,0,0,0,0,0,0,0,0,1,1,0.0,0.0,0.0,0.0,1.0,0.0,0.0,255,254,1.0,0.01,0.0,0.0,0.02,0.02,0.02,0.02,guess_passwd,1,0,NORMAL,0,0
0,udp,private,SF,105,145,0,0,0,0,0,0,0,0,0,0,0,0,0,0,0,0,1,1,0.0,0.0,0.0,0.0,1.0,0.0,0.0,255,252,0.99,0.01,0.0,0.0,0.0,0.0,0.0,0.0,snmpgetattack,1,0,NORMAL,0,0
5,tcp,pop_3,SF,28,93,0,0,0,0,0,1,0,0,0,0,0,0,0,0,0,0,1,1,0.0,0.0,0.0,0.0,1.0,0.0,0.0,255,253,0.99,0.01,0.0,0.0,0.0,0.0,0.0,0.0,guess_passwd,1,0,NORMAL,0,0
300,tcp,other,SF,244,620,0,0,0,0,0,0,0,0,0,0,0,0,0,0,0,0,3,1,0.0,0.0,0.0,0.0,0.33,0.67,0.0,255,13,0.05,0.01,0.0,0.0,0.0,0.0,0.03,0.62,httptunnel,1,0,NORMAL,0,0
0,tcp,ftp_data,SF,12,0,0,0,0,0,0,0,0,0,0,0,0,0,0,0,0,0,1,1,0.0,0.0,0.0,0.0,1.0,0.0,0.0,5,25,1.0,0.0,1.0,0.16,0.0,0.0,0.0,0.0,warezmaster,1,0,NORMAL,0,0
0,tcp,other,RSTR,244,611,0,0,0,0,0,0,0,0,0,0,0,0,0,0,0,0,1,1,0.0,0.0,1.0,1.0,1.0,0.0,0.0,255,16,0.06,0.02,0.0,0.0,0.0,0.0,0.07,1.0,httptunnel,1,0,NORMAL,0,0
7448,tcp,telnet,SF,0,44,0,0,0,0,0,0,0,0,0,0,0,0,0,0,0,0,1,1,0.0,0.0,0.0,0.0,1.0,0.0,0.0,255,212,0.83,0.03,0.0,0.0,0.33,0.4,0.12,0.07,processtable,1,0,NORMAL,0,0
0,udp,private,SF,50,0,0,0,0,0,0,0,0,0,0,0,0,0,0,0,0,0,5,5,0.0,0.0,0.0,0.0,1.0,0.0,0.0,255,254,1.0,0.01,0.01,0.0,0.0,0.0,0.0,0.0,snmpguess,1,0,NORMAL,0,0
1,tcp,smtp,SF,2599,293,0,0,0,0,0,1,0,0,0,0,0,0,0,0,0,0,3,3,0.0,0.0,0.0,0.0,1.0,0.0,0.0,255,96,0.38,0.14,0.0,0.0,0.0,0.0,0.61,0.0,mailbomb,1,0,NORMAL,0,0
1,tcp,smtp,SF,2599,293,0,0,0,0,0,1,0,0,0,0,0,0,0,0,0,0,2,2,0.0,0.0,0.0,0.0,1.0,0.0,0.0,255,13,0.05,0.16,0.0,0.0,0.0,0.0,0.93,0.0,mailbomb,1,0,NORMAL,0,0
7426,tcp,telnet,SF,0,44,0,0,0,0,0,0,0,0,0,0,0,0,0,0,0,0,1,1,0.0,0.0,0.0,0.0,1.0,0.0,0.0,255,208,0.82,0.02,0.0,0.0,0.29,0.33,0.01,0.01,processtable,1,0,NORMAL,0,0
0,tcp,telnet,SF,128,174,0,0,0,0,1,0,0,0,0,0,0,0,0,0,0,0,1,1,0.0,0.0,0.0,0.0,1.0,0.0,0.0,255,255,1.0,0.0,0.0,0.0,0.01,0.01,0.02,0.02,guess_passwd,1,0,NORMAL,0,0
7526,tcp,telnet,SF,0,44,0,0,0,0,0,0,0,0,0,0,0,0,0,0,0,0,1,1,0.0,0.0,0.0,0.0,1.0,0.0,0.0,255,176,0.69,0.29,0.0,0.0,0.5,0.72,0.29,0.01,processtable,1,0,NORMAL,0,0
0,tcp,ftp,SF,26,157,0,0,0,0,1,0,0,0,0,0,0,0,0,0,0,1,1,1,0.0,0.0,0.0,0.0,1.0,0.0,0.0,124,57,0.46,0.03,0.01,0.0,0.0,0.0,0.0,0.0,guess_passwd,1,0,NORMAL,0,0
0,udp,private,SF,28,0,0,3,0,0,0,0,0,0,0,0,0,0,0,0,0,0,8,8,0.0,0.0,0.0,0.0,1.0,0.0,0.0,255,8,0.03,0.02,0.03,0.0,0.21,0.0,0.48,0.0,normal,0,1,ATTACK,1,0
0,tcp,telnet,SF,123,174,0,0,0,0,1,0,0,0,0,0,0,0,0,0,0,0,2,2,0.0,0.0,0.0,0.0,1.0,0.0,0.0,255,213,0.84,0.02,0.0,0.0,0.0,0.0,0.02,0.03,guess_passwd,1,0,NORMAL,0,0
0,icmp,ecr_i,SF,40008,0,0,0,0,0,0,0,0,0,0,0,0,0,0,0,0,0,3,3,0.0,0.0,0.0,0.0,1.0,0.0,0.0,88,88,1.0,0.0,1.0,0.0,0.0,0.0,0.0,0.0,normal,0,1,ATTACK,1,0
0,udp,private,SF,1,0,0,0,0,0,0,0,0,0,0,0,0,0,0,0,0,0,93,13,0.0,0.0,0.0,0.0,0.14,0.52,0.0,255,25,0.1,0.52,0.81,0.0,0.0,0.0,0.19,0.0,normal,0,1,ATTACK,1,0
0,icmp,ecr_i,SF,40008,0,0,0,0,0,0,0,0,0,0,0,0,0,0,0,0,0,3,3,0.0,0.0,0.0,0.0,1.0,0.0,0.0,57,57,1.0,0.0,1.0,0.0,0.0,0.0,0.0,0.0,normal,0,1,ATTACK,1,0
0,tcp,telnet,S3,0,44,0,0,0,0,0,0,0,0,0,0,0,0,0,0,0,0,1,1,1.0,1.0,0.0,0.0,1.0,0.0,0.0,255,131,0.51,0.02,0.0,0.0,0.53,0.44,0.01,0.01,processtable,1,0,NORMAL,0,0
0,tcp,http,S0,0,0,0,0,0,0,0,0,0,0,0,0,0,0,0,0,0,0,9,9,1.0,1.0,0.0,0.0,1.0,0.0,0.0,255,245,0.96,0.01,0.0,0.0,0.13,0.13,0.56,0.59,apache2,1,0,NORMAL,0,0
4,tcp,pop_3,SF,28,93,0,0,0,0,0,1,0,0,0,0,0,0,0,0,0,0,1,1,0.0,0.0,0.0,0.0,1.0,0.0,0.0,255,249,0.98,0.01,0.01,0.0,0.0,0.0,0.0,0.0,guess_passwd,1,0,NORMAL,0,0
4,tcp,pop_3,SF,32,93,0,0,0,0,0,1,0,0,0,0,0,0,0,0,0,0,1,1,0.0,0.0,0.0,0.0,1.0,0.0,0.0,139,122,0.87,0.02,0.01,0.02,0.0,0.0,0.07,0.0,guess_passwd,1,0,NORMAL,0,0
4,tcp,pop_3,SF,26,93,0,0,0,0,0,1,0,0,0,0,0,0,0,0,0,0,1,1,0.0,0.0,0.0,0.0,1.0,0.0,0.0,126,111,0.87,0.02,0.01,0.02,0.0,0.0,0.08,0.0,guess_passwd,1,0,NORMAL,0,0
0,tcp,ftp,SF,26,157,0,0,0,0,1,0,0,0,0,0,0,0,0,0,0,1,1,1,0.0,0.0,0.0,0.0,1.0,0.0,0.0,222,110,0.5,0.03,0.0,0.0,0.0,0.0,0.0,0.0,guess_passwd,1,0,NORMAL,0,0
7501,tcp,telnet,SF,0,44,0,0,0,0,0,0,0,0,0,0,0,0,0,0,0,0,1,1,0.0,0.0,0.0,0.0,1.0,0.0,0.0,255,201,0.79,0.03,0.0,0.0,0.33,0.42,0.12,0.07,processtable,1,0,NORMAL,0,0
7610,tcp,telnet,SF,0,44,0,0,0,0,0,0,0,0,0,0,0,0,0,0,0,0,1,1,0.0,0.0,0.0,0.0,1.0,0.0,0.0,255,174,0.68,0.02,0.0,0.0,0.46,0.45,0.01,0.01,processtable,1,0,NORMAL,0,0
4,tcp,pop_3,SF,32,93,0,0,0,0,0,1,0,0,0,0,0,0,0,0,0,0,1,1,0.0,0.0,0.0,0.0,1.0,0.0,0.0,255,133,0.52,0.02,0.0,0.0,0.0,0.0,0.17,0.0,guess_passwd,1,0,NORMAL,0,0
7289,tcp,telnet,SF,0,44,0,0,0,0,0,0,0,0,0,0,0,0,0,0,0,0,1,1,0.0,0.0,0.0,0.0,1.0,0.0,0.0,255,237,0.93,0.02,0.0,0.0,0.27,0.29,0.01,0.0,processtable,1,0,NORMAL,0,0
4,tcp,pop_3,SF,32,93,0,0,0,0,0,1,0,0,0,0,0,0,0,0,0,0,1,1,0.0,0.0,0.0,0.0,1.0,0.0,0.0,255,136,0.53,0.02,0.0,0.0,0.0,0.0,0.17,0.02,guess_passwd,1,0,NORMAL,0,0
7392,tcp,telnet,SF,0,44,0,0,0,0,0,0,0,0,0,0,0,0,0,0,0,0,1,1,0.0,0.0,0.0,0.0,1.0,0.0,0.0,255,225,0.88,0.02,0.0,0.0,0.33,0.38,0.12,0.06,processtable,1,0,NORMAL,0,0
1,tcp,smtp,SF,2599,293,0,0,0,0,0,1,0,0,0,0,0,0,0,0,0,0,2,2,0.0,0.0,0.0,0.0,1.0,0.0,0.0,255,54,0.21,0.16,0.0,0.0,0.0,0.0,0.77,0.0,mailbomb,1,0,NORMAL,0,0
282,tcp,ftp,SF,160,597,0,0,0,2,0,1,0,0,0,0,0,0,0,0,0,1,1,1,0.0,0.0,0.0,0.0,1.0,0.0,0.0,255,18,0.07,0.93,0.0,0.0,0.0,0.0,0.92,0.0,warezmaster,1,0,NORMAL,0,0
41,tcp,ftp,SF,168,596,0,0,0,3,0,1,0,0,0,0,0,0,0,0,1,0,1,1,0.0,0.0,0.0,0.0,1.0,0.0,0.0,1,1,1.0,0.0,1.0,0.0,0.0,0.0,0.0,0.0,multihop,1,0,NORMAL,0,0
0,tcp,domain,SF,1562,0,0,0,0,0,0,0,0,0,0,0,0,0,0,0,0,0,1,1,0.0,0.0,0.0,0.0,1.0,0.0,0.0,5,1,0.2,0.4,0.2,0.0,0.0,0.0,0.0,0.0,named,1,0,NORMAL,0,0
280,tcp,ftp_data,SF,283618,0,0,0,0,0,0,0,0,0,0,0,0,0,0,0,0,0,2,2,0.0,0.0,0.0,0.0,1.0,0.0,0.0,9,16,0.89,0.22,0.89,0.12,0.0,0.0,0.0,0.0,warezmaster,1,0,NORMAL,0,0
0,tcp,ftp,SF,26,157,0,0,0,0,1,0,0,0,0,0,0,0,0,0,0,1,1,1,0.0,0.0,0.0,0.0,1.0,0.0,0.0,49,23,0.47,0.08,0.02,0.0,0.0,0.0,0.0,0.0,guess_passwd,1,0,NORMAL,0,0
7533,tcp,telnet,SF,0,44,0,0,0,0,0,0,0,0,0,0,0,0,0,0,0,0,1,1,0.0,0.0,0.0,0.0,1.0,0.0,0.0,255,193,0.76,0.03,0.0,0.0,0.33,0.44,0.12,0.07,processtable,1,0,NORMAL,0,0
7314,tcp,telnet,SF,0,44,0,0,0,0,0,0,0,0,0,0,0,0,0,0,0,0,1,1,0.0,0.0,0.0,0.0,1.0,0.0,0.0,255,228,0.89,0.11,0.0,0.0,0.5,0.56,0.11,0.01,processtable,1,0,NORMAL,0,0
0,udp,private,SF,1,0,0,0,0,0,0,0,0,0,0,0,0,0,0,0,0,0,66,10,0.0,0.0,0.0,0.0,0.15,0.44,0.0,255,21,0.08,0.58,0.61,0.0,0.0,0.0,0.39,0.0,normal,0,1,ATTACK,1,0
283,tcp,ftp,SF,158,597,0,0,0,2,0,1,0,0,0,0,0,0,0,0,0,1,1,1,0.0,0.0,0.0,0.0,1.0,0.0,0.0,255,74,0.29,0.03,0.0,0.0,0.04,0.0,0.02,0.0,warezmaster,1,0,NORMAL,0,0
7242,tcp,telnet,SF,0,44,0,0,0,0,0,0,0,0,0,0,0,0,0,0,0,0,1,1,0.0,0.0,0.0,0.0,1.0,0.0,0.0,255,229,0.9,0.1,0.0,0.0,0.5,0.55,0.1,0.01,processtable,1,0,NORMAL,0,0
0,udp,private,SF,1,0,0,0,0,0,0,0,0,0,0,0,0,0,0,0,0,0,31,12,0.0,0.0,0.0,0.0,0.39,0.13,0.0,255,12,0.05,0.5,1.0,0.0,0.0,0.0,0.0,0.0,normal,0,1,ATTACK,1,0
0,udp,private,SF,49,0,0,0,0,0,0,0,0,0,0,0,0,0,0,0,0,0,2,2,0.0,0.0,0.0,0.0,1.0,0.0,0.0,255,254,1.0,0.01,0.01,0.0,0.0,0.0,0.0,0.0,snmpguess,1,0,NORMAL,0,0
0,udp,private,SF,28,0,0,3,0,0,0,0,0,0,0,0,0,0,0,0,0,0,38,38,0.0,0.0,0.0,0.0,1.0,0.0,0.0,255,38,0.15,0.02,0.15,0.0,0.21,0.0,0.37,0.0,normal,0,1,ATTACK,1,0
0,udp,private,SF,44,0,0,0,0,0,0,0,0,0,0,0,0,0,0,0,0,0,3,3,0.0,0.0,0.0,0.0,1.0,0.0,0.0,255,254,1.0,0.01,0.01,0.0,0.0,0.0,0.0,0.0,snmpguess,1,0,NORMAL,0,0
0,udp,private,SF,1,0,0,0,0,0,0,0,0,0,0,0,0,0,0,0,0,0,130,39,0.0,0.0,0.0,0.0,0.3,0.55,0.0,255,40,0.16,0.75,1.0,0.0,0.0,0.0,0.0,0.0,normal,0,1,ATTACK,1,0
283,tcp,ftp,SF,162,599,0,0,0,2,0,1,0,0,0,0,0,0,0,0,0,1,1,1,0.0,0.0,0.0,0.0,1.0,0.0,0.0,16,13,0.81,0.12,0.06,0.0,0.0,0.0,0.0,0.0,warezmaster,1,0,NORMAL,0,0
7521,tcp,telnet,SF,0,44,0,0,0,0,0,0,0,0,0,0,0,0,0,0,0,0,1,1,0.0,0.0,0.0,0.0,1.0,0.0,0.0,255,196,0.77,0.03,0.0,0.0,0.33,0.43,0.12,0.07,processtable,1,0,NORMAL,0,0
7370,tcp,telnet,SF,0,44,0,0,0,0,0,0,0,0,0,0,0,0,0,0,0,0,1,1,0.0,0.0,0.0,0.0,1.0,0.0,0.0,255,214,0.84,0.16,0.0,0.0,0.5,0.59,0.16,0.01,processtable,1,0,NORMAL,0,0
4,tcp,pop_3,SF,26,93,0,0,0,0,0,1,0,0,0,0,0,0,0,0,0,0,1,1,0.0,0.0,0.0,0.0,1.0,0.0,0.0,225,206,0.92,0.01,0.0,0.0,0.0,0.0,0.04,0.0,guess_passwd,1,0,NORMAL,0,0
1,tcp,telnet,RSTO,128,178,0,0,0,0,1,0,0,0,0,0,0,0,0,0,0,0,1,1,0.0,0.0,1.0,1.0,1.0,0.0,0.0,255,7,0.03,0.25,0.0,0.0,0.01,0.14,0.49,0.43,guess_passwd,1,0,NORMAL,0,0
5,tcp,pop_3,SF,26,93,0,0,0,0,0,1,0,0,0,0,0,0,0,0,0,0,1,1,0.0,0.0,0.0,0.0,1.0,0.0,0.0,153,135,0.88,0.02,0.01,0.01,0.0,0.0,0.07,0.0,guess_passwd,1,0,NORMAL,0,0
0,udp,private,SF,1,0,0,0,0,0,0,0,0,0,0,0,0,0,0,0,0,0,23,3,0.0,0.0,0.0,0.0,0.13,0.78,0.0,255,3,0.01,0.49,0.88,0.0,0.0,0.0,0.12,0.0,normal,0,1,ATTACK,1,0
0,tcp,pop_3,REJ,0,0,0,0,0,0,0,0,0,0,0,0,0,0,0,0,0,0,2,8,0.0,0.0,0.5,1.0,0.5,1.0,1.0,122,64,0.25,0.02,0.01,0.03,0.0,0.0,0.84,1.0,mscan,1,0,NORMAL,0,0
1,tcp,smtp,SF,2599,293,0,0,0,0,0,1,0,0,0,0,0,0,0,0,0,0,3,3,0.0,0.0,0.0,0.0,1.0,0.0,0.0,255,146,0.57,0.13,0.0,0.0,0.0,0.0,0.42,0.0,mailbomb,1,0,NORMAL,0,0
280,tcp,ftp_data,SF,283618,0,0,0,0,0,0,0,0,0,0,0,0,0,0,0,0,0,2,2,0.0,0.0,0.0,0.0,1.0,0.0,0.0,9,8,0.89,0.22,0.89,0.0,0.0,0.0,0.0,0.0,warezmaster,1,0,NORMAL,0,0
2,tcp,telnet,SF,191,10914,0,0,0,0,0,1,0,1,0,3,0,0,0,0,0,0,1,1,0.0,0.0,0.0,0.0,1.0,0.0,0.0,42,3,0.07,0.12,0.02,0.0,0.0,0.0,0.0,0.0,sendmail,1,0,NORMAL,0,0
5,tcp,pop_3,SF,0,0,0,0,0,0,0,0,0,0,0,0,0,0,0,0,0,0,2,2,0.0,0.0,0.0,0.5,0.5,1.0,1.0,153,50,0.2,0.03,0.01,0.04,0.0,0.0,0.17,0.4,mscan,1,0,NORMAL,0,0
0,tcp,telnet,RSTO,127,188,0,0,0,0,1,0,0,0,0,0,0,0,0,0,0,0,2,2,0.0,0.0,0.5,0.5,1.0,0.0,0.0,255,37,0.15,0.02,0.0,0.0,0.0,0.0,0.01,0.05,guess_passwd,1,0,NORMAL,0,0
281,tcp,ftp,SF,162,599,0,0,0,2,0,1,0,0,0,0,0,0,0,0,0,1,1,1,0.0,0.0,0.0,0.0,1.0,0.0,0.0,255,102,0.4,0.04,0.0,0.0,0.0,0.0,0.02,0.0,warezmaster,1,0,NORMAL,0,0
4,tcp,pop_3,SF,27,93,0,0,0,0,0,1,0,0,0,0,0,0,0,0,0,0,1,1,0.0,0.0,0.0,0.0,1.0,0.0,0.0,255,231,0.91,0.02,0.0,0.0,0.0,0.0,0.06,0.0,guess_passwd,1,0,NORMAL,0,0
0,tcp,telnet,S3,0,44,0,0,0,0,0,0,0,0,0,0,0,0,0,0,0,0,1,1,1.0,1.0,0.0,0.0,1.0,0.0,0.0,255,90,0.35,0.03,0.0,0.0,0.04,0.12,0.11,0.14,processtable,1,0,NORMAL,0,0
0,tcp,telnet,REJ,0,0,0,0,0,0,0,0,0,0,0,0,0,0,0,0,0,0,1,7,0.0,0.14,1.0,0.57,1.0,0.0,0.86,180,89,0.34,0.03,0.01,0.02,0.01,0.01,0.87,0.63,mscan,1,0,NORMAL,0,0
0,tcp,telnet,S1,0,0,0,0,0,0,0,0,0,0,0,0,0,0,0,0,0,0,4,8,0.25,0.25,0.75,0.38,0.5,0.75,0.62,31,87,0.32,0.16,0.03,0.02,0.03,0.01,0.84,0.68,mscan,1,0,NORMAL,0,0
0,udp,private,SF,105,145,0,0,0,0,0,0,0,0,0,0,0,0,0,0,0,0,2,2,0.0,0.0,0.0,0.0,1.0,0.0,0.0,255,254,1.0,0.01,0.01,0.0,0.0,0.0,0.0,0.0,snmpgetattack,1,0,NORMAL,0,0
281,tcp,ftp_data,SF,283618,0,0,0,0,0,0,0,0,0,0,0,0,0,0,0,0,0,1,1,0.0,0.0,0.0,0.0,1.0,0.0,0.0,3,3,1.0,0.0,1.0,0.0,0.0,0.0,0.0,0.0,warezmaster,1,0,NORMAL,0,0
1,tcp,imap4,RSTO,0,44,0,0,0,0,0,0,0,0,0,0,0,0,0,0,0,0,1,8,0.0,0.0,1.0,1.0,1.0,0.0,1.0,255,27,0.11,0.03,0.0,0.0,0.0,0.0,0.36,0.96,mscan,1,0,NORMAL,0,0
0,tcp,telnet,SF,122,174,0,0,0,0,1,0,0,0,0,0,0,0,0,0,0,0,1,1,0.0,0.0,0.0,0.0,1.0,0.0,0.0,255,254,1.0,0.01,0.0,0.0,0.02,0.02,0.01,0.01,guess_passwd,1,0,NORMAL,0,0
0,udp,private,SF,105,147,0,0,0,0,0,0,0,0,0,0,0,0,0,0,0,0,1,1,0.0,0.0,0.0,0.0,1.0,0.0,0.0,3,3,1.0,0.0,0.33,0.0,0.0,0.0,0.0,0.0,snmpgetattack,1,0,NORMAL,0,0
0,tcp,other,REJ,0,0,0,0,0,0,0,0,0,0,0,0,0,0,0,0,0,0,1,1,0.0,0.0,1.0,1.0,1.0,0.0,0.0,53,6,0.11,0.09,0.02,0.0,0.0,0.0,0.08,0.67,httptunnel,1,0,NORMAL,0,0
8007,tcp,telnet,SF,0,44,0,0,0,0,0,0,0,0,0,0,0,0,0,0,0,0,1,1,0.0,0.0,0.0,0.0,1.0,0.0,0.0,255,101,0.4,0.02,0.0,0.0,0.59,0.41,0.01,0.01,processtable,1,0,NORMAL,0,0
0,tcp,telnet,SF,129,174,0,0,0,0,1,0,0,0,0,0,0,0,0,0,0,0,1,1,0.0,0.0,0.0,0.0,1.0,0.0,0.0,255,102,0.4,0.02,0.0,0.0,0.0,0.0,0.01,0.03,guess_passwd,1,0,NORMAL,0,0
0,icmp,ecr_i,SF,40008,0,0,0,0,0,0,0,0,0,0,0,0,0,0,0,0,0,3,3,0.0,0.0,0.0,0.0,1.0,0.0,0.0,84,84,1.0,0.0,1.0,0.0,0.0,0.0,0.0,0.0,normal,0,1,ATTACK,1,0
1,tcp,telnet,SF,121,174,0,0,0,0,1,0,0,0,0,0,0,0,0,0,0,0,3,3,0.0,0.0,0.33,0.33,1.0,0.0,0.0,255,59,0.23,0.02,0.0,0.0,0.0,0.0,0.01,0.05,guess_passwd,1,0,NORMAL,0,0
4,tcp,pop_3,SF,28,93,0,0,0,0,0,1,0,0,0,0,0,0,0,0,0,0,1,1,0.0,0.0,0.0,0.0,1.0,0.0,0.0,255,213,0.84,0.02,0.0,0.0,0.0,0.0,0.04,0.0,guess_passwd,1,0,NORMAL,0,0
281,tcp,ftp,SF,160,599,0,0,0,2,0,1,0,0,0,0,0,0,0,0,0,1,1,1,0.0,0.0,0.0,0.0,1.0,0.0,0.0,34,27,0.79,0.09,0.03,0.0,0.0,0.0,0.0,0.0,warezmaster,1,0,NORMAL,0,0
5,tcp,pop_3,SF,30,93,0,0,0,0,0,1,0,0,0,0,0,0,0,0,0,0,1,1,0.0,0.0,0.0,0.0,1.0,0.0,0.0,255,222,0.87,0.04,0.0,0.0,0.0,0.0,0.0,0.0,guess_passwd,1,0,NORMAL,0,0
8144,tcp,telnet,SF,0,15,0,0,0,0,0,0,0,0,0,0,0,0,0,0,0,0,1,1,0.0,0.0,0.0,0.0,1.0,0.0,0.0,255,56,0.22,0.04,0.0,0.0,0.0,0.02,0.11,0.23,processtable,1,0,NORMAL,0,0
281,tcp,ftp,SF,158,597,0,0,0,2,0,1,0,0,0,0,0,0,0,0,0,1,1,1,0.0,0.0,0.0,0.0,1.0,0.0,0.0,31,25,0.81,0.1,0.03,0.0,0.0,0.0,0.0,0.0,warezmaster,1,0,NORMAL,0,0
0,tcp,ftp_data,SF,12,0,0,0,0,0,0,0,0,0,0,0,0,0,0,0,0,0,2,2,0.0,0.0,0.0,0.0,1.0,0.0,0.0,89,34,0.16,0.07,0.16,0.06,0.0,0.0,0.0,0.0,warezmaster,1,0,NORMAL,0,0
1,tcp,smtp,SF,2599,293,0,0,0,0,0,1,0,0,0,0,0,0,0,0,0,0,3,3,0.0,0.0,0.0,0.0,1.0,0.0,0.0,255,11,0.04,0.16,0.0,0.0,0.0,0.0,0.94,0.0,mailbomb,1,0,NORMAL,0,0
7410,tcp,telnet,SF,0,44,0,0,0,0,0,0,0,0,0,0,0,0,0,0,0,0,1,1,0.0,0.0,0.0,0.0,1.0,0.0,0.0,255,204,0.8,0.2,0.0,0.0,0.5,0.62,0.19,0.01,processtable,1,0,NORMAL,0,0
0,tcp,telnet,SF,121,174,0,0,0,0,1,0,0,0,0,0,0,0,0,0,0,0,1,1,0.0,0.0,0.0,0.0,1.0,0.0,0.0,255,35,0.14,0.02,0.0,0.0,0.0,0.0,0.0,0.03,guess_passwd,1,0,NORMAL,0,0
7308,tcp,telnet,SF,0,44,0,0,0,0,0,0,0,0,0,0,0,0,0,0,0,0,1,1,0.0,0.0,0.0,0.0,1.0,0.0,0.0,255,239,0.94,0.02,0.0,0.0,0.33,0.36,0.07,0.03,processtable,1,0,NORMAL,0,0
0,tcp,imap4,SF,0,44,0,0,0,0,0,0,0,0,0,0,0,0,0,0,0,0,2,2,0.0,0.0,0.5,0.5,0.5,1.0,1.0,224,60,0.24,0.02,0.0,0.03,0.0,0.0,0.88,0.98,mscan,1,0,NORMAL,0,0
1,tcp,smtp,SF,2599,293,0,0,0,0,0,1,0,0,0,0,0,0,0,0,0,0,3,3,0.0,0.0,0.0,0.0,1.0,0.0,0.0,255,243,0.95,0.05,0.0,0.0,0.0,0.0,0.04,0.0,mailbomb,1,0,NORMAL,0,0
0,tcp,telnet,SF,123,174,0,0,0,0,1,0,0,0,0,0,0,0,0,0,0,0,1,1,0.0,0.0,0.0,0.0,1.0,0.0,0.0,255,248,0.97,0.01,0.0,0.0,0.0,0.0,0.02,0.02,guess_passwd,1,0,NORMAL,0,0
1419,tcp,telnet,SF,46134,46626,0,0,0,3,0,1,9,1,1,7,0,1,0,0,0,0,1,1,0.0,0.0,0.0,0.0,1.0,0.0,0.0,125,30,0.24,0.03,0.01,0.0,0.0,0.0,0.0,0.0,httptunnel,1,0,NORMAL,0,0
0,tcp,ftp_data,SF,12,0,0,0,0,0,0,0,0,0,0,0,0,0,0,0,0,0,2,2,0.0,0.0,0.0,0.0,1.0,0.0,0.0,2,28,1.0,0.0,1.0,0.18,0.0,0.0,0.0,0.0,warezmaster,1,0,NORMAL,0,0
5,tcp,imap4,SF,0,0,0,0,0,0,0,0,0,0,0,0,0,0,0,0,0,0,2,2,0.0,0.0,0.5,0.5,0.5,1.0,1.0,162,50,0.2,0.03,0.01,0.04,0.0,0.0,0.17,0.36,mscan,1,0,NORMAL,0,0
8096,tcp,telnet,SF,0,15,0,0,0,0,0,0,0,0,0,0,0,0,0,0,0,0,1,1,0.0,0.0,0.0,0.0,1.0,0.0,0.0,255,85,0.33,0.02,0.0,0.0,0.65,0.52,0.01,0.02,processtable,1,0,NORMAL,0,0
0,tcp,ftp_data,SF,12,0,0,0,0,0,0,0,0,0,0,0,0,0,0,0,0,0,2,2,0.0,0.0,0.0,0.0,1.0,0.0,0.0,2,20,1.0,0.0,1.0,0.2,0.0,0.0,0.0,0.0,warezmaster,1,0,NORMAL,0,0
0,tcp,telnet,SF,123,174,0,0,0,0,1,0,0,0,0,0,0,0,0,0,0,0,2,2,0.0,0.0,0.0,0.0,1.0,0.0,0.0,255,183,0.72,0.02,0.0,0.0,0.0,0.0,0.02,0.03,guess_passwd,1,0,NORMAL,0,0
67,tcp,telnet,SF,212,3098,0,0,0,2,0,1,3,0,0,4,0,0,0,0,0,1,1,1,0.0,0.0,0.0,0.0,1.0,0.0,0.0,255,1,0.0,0.01,0.0,0.0,0.0,0.0,0.0,0.0,multihop,1,0,NORMAL,0,0
0,tcp,http,S0,0,0,0,0,0,0,0,0,0,0,0,0,0,0,0,0,0,0,41,41,0.63,0.63,0.34,0.34,1.0,0.0,0.0,255,255,1.0,0.0,0.0,0.0,0.13,0.13,0.7,0.7,apache2,1,0,NORMAL,0,0
0,tcp,telnet,REJ,0,0,0,0,0,0,0,0,0,0,0,0,0,0,0,0,0,0,1,4,0.0,0.25,1.0,0.75,1.0,0.0,1.0,255,66,0.26,0.03,0.0,0.0,0.01,0.0,0.69,0.71,mscan,1,0,NORMAL,0,0
0,udp,private,SF,105,146,0,0,0,0,0,0,0,0,0,0,0,0,0,0,0,0,1,1,0.0,0.0,0.0,0.0,1.0,0.0,0.0,79,79,1.0,0.0,0.01,0.0,0.0,0.0,0.0,0.0,snmpgetattack,1,0,NORMAL,0,0
0,udp,private,SF,28,0,0,3,0,0,0,0,0,0,0,0,0,0,0,0,0,0,37,37,0.0,0.0,0.0,0.0,1.0,0.0,0.0,62,37,0.6,0.06,0.6,0.0,0.0,0.0,0.0,0.0,normal,0,1,ATTACK,1,0
0,icmp,ecr_i,SF,40008,0,0,0,0,0,0,0,0,0,0,0,0,0,0,0,0,0,3,3,0.0,0.0,0.0,0.0,1.0,0.0,0.0,77,77,1.0,0.0,1.0,0.0,0.0,0.0,0.0,0.0,normal,0,1,ATTACK,1,0
281,tcp,ftp,SF,160,595,0,0,0,2,0,1,0,0,0,0,0,0,0,0,0,1,1,1,0.0,0.0,0.0,0.0,1.0,0.0,0.0,138,48,0.35,0.04,0.01,0.0,0.0,0.0,0.0,0.0,warezmaster,1,0,NORMAL,0,0
0,tcp,telnet,RSTO,0,15,0,0,0,0,0,0,0,0,0,0,0,0,0,0,0,0,1,5,0.0,0.4,1.0,0.4,1.0,0.0,0.8,255,193,0.76,0.02,0.0,0.0,0.13,0.17,0.25,0.11,mscan,1,0,NORMAL,0,0
0,tcp,other,REJ,0,0,0,0,0,0,0,0,0,0,0,0,0,0,0,0,0,0,1,1,0.0,0.0,1.0,1.0,1.0,0.0,0.0,255,14,0.05,0.02,0.0,0.0,0.0,0.0,0.05,1.0,httptunnel,1,0,NORMAL,0,0
7489,tcp,telnet,SF,0,44,0,0,0,0,0,0,0,0,0,0,0,0,0,0,0,0,1,1,0.0,0.0,0.0,0.0,1.0,0.0,0.0,255,203,0.8,0.03,0.01,0.0,0.33,0.42,0.12,0.07,processtable,1,0,NORMAL,0,0
0,tcp,telnet,SF,0,0,0,0,0,0,0,0,0,0,0,0,0,0,0,0,0,0,4,9,0.0,0.22,0.75,0.67,0.5,0.75,0.89,255,127,0.5,0.01,0.0,0.0,0.0,0.0,0.66,0.32,mscan,1,0,NORMAL,0,0
0,tcp,telnet,S3,0,44,0,0,0,0,0,0,0,0,0,0,0,0,0,0,0,0,1,1,1.0,1.0,0.0,0.0,1.0,0.0,0.0,255,113,0.44,0.02,0.0,0.0,0.53,0.35,0.01,0.01,processtable,1,0,NORMAL,0,0
4,tcp,pop_3,SF,32,93,0,0,0,0,0,1,0,0,0,0,0,0,0,0,0,0,1,1,0.0,0.0,0.0,0.0,1.0,0.0,0.0,202,183,0.91,0.01,0.0,0.0,0.0,0.0,0.05,0.0,guess_passwd,1,0,NORMAL,0,0
4,tcp,pop_3,SF,32,93,0,0,0,0,0,1,0,0,0,0,0,0,0,0,0,0,1,1,0.0,0.0,0.0,0.0,1.0,0.0,0.0,101,86,0.84,0.03,0.01,0.02,0.0,0.0,0.1,0.0,guess_passwd,1,0,NORMAL,0,0
282,tcp,ftp,SF,158,595,0,0,0,2,0,1,0,0,0,0,0,0,0,0,0,1,2,1,0.0,0.0,0.5,0.0,0.5,1.0,0.0,255,18,0.07,0.93,0.0,0.0,0.0,0.0,0.93,0.0,warezmaster,1,0,NORMAL,0,0
0,tcp,other,RSTR,0,0,0,0,0,0,0,0,0,0,0,0,0,0,0,0,0,0,1,1,0.0,0.0,1.0,1.0,1.0,0.0,0.0,255,1,0.0,0.42,0.41,0.0,0.0,0.0,0.41,1.0,normal,0,1,ATTACK,1,0
0,udp,private,SF,44,44,0,0,0,0,0,0,0,0,0,0,0,0,0,0,0,0,2,2,0.0,0.0,0.0,0.0,1.0,0.0,0.0,255,255,1.0,0.0,0.01,0.0,0.0,0.0,0.0,0.0,snmpguess,1,0,NORMAL,0,0
0,udp,private,SF,49,0,0,0,0,0,0,0,0,0,0,0,0,0,0,0,0,0,4,4,0.0,0.0,0.0,0.0,1.0,0.0,0.0,255,255,1.0,0.0,0.0,0.0,0.0,0.0,0.0,0.0,snmpguess,1,0,NORMAL,0,0
1,tcp,smtp,SF,2599,293,0,0,0,0,0,1,0,0,0,0,0,0,0,0,0,0,3,2,0.0,0.0,0.33,0.0,0.67,0.67,0.0,255,89,0.35,0.14,0.0,0.0,0.0,0.0,0.64,0.0,mailbomb,1,0,NORMAL,0,0
282,tcp,ftp,SF,162,597,0,0,0,2,0,1,0,0,0,0,0,0,0,0,0,1,1,1,0.0,0.0,0.0,0.0,1.0,0.0,0.0,255,95,0.37,0.03,0.0,0.0,0.0,0.0,0.0,0.0,warezmaster,1,0,NORMAL,0,0
7534,tcp,telnet,SF,0,44,0,0,0,0,0,0,0,0,0,0,0,0,0,0,0,0,1,1,0.0,0.0,0.0,0.0,1.0,0.0,0.0,255,186,0.73,0.02,0.0,0.0,0.4,0.4,0.01,0.01,processtable,1,0,NORMAL,0,0
5,tcp,pop_3,SF,32,93,0,0,0,0,0,1,0,0,0,0,0,0,0,0,0,0,1,1,0.0,0.0,0.0,0.0,1.0,0.0,0.0,255,246,0.96,0.02,0.0,0.0,0.0,0.0,0.02,0.0,guess_passwd,1,0,NORMAL,0,0
5,tcp,pop_3,SF,32,93,0,0,0,0,0,1,0,0,0,0,0,0,0,0,0,0,1,1,0.0,0.0,0.0,0.0,1.0,0.0,0.0,11,13,1.0,0.0,0.09,0.23,0.0,0.0,0.0,0.0,guess_passwd,1,0,NORMAL,0,0
0,icmp,ecr_i,SF,1480,0,0,1,0,0,0,0,0,0,0,0,0,0,0,0,0,0,2,2,0.0,0.0,0.0,0.0,1.0,0.0,0.0,2,20,1.0,0.0,1.0,0.5,0.0,0.0,0.0,0.0,normal,0,1,ATTACK,1,0
0,tcp,telnet,SF,126,174,0,0,0,0,1,0,0,0,0,0,0,0,0,0,0,0,1,1,0.0,0.0,0.0,0.0,1.0,0.0,0.0,255,87,0.34,0.02,0.0,0.0,0.0,0.0,0.01,0.03,guess_passwd,1,0,NORMAL,0,0
1,tcp,smtp,SF,2599,293,0,0,0,0,0,1,0,0,0,0,0,0,0,0,0,0,2,2,0.0,0.0,0.0,0.0,1.0,0.0,0.0,255,17,0.07,0.16,0.0,0.0,0.0,0.0,0.91,0.0,mailbomb,1,0,NORMAL,0,0
3,tcp,pop_3,SF,30,93,0,0,0,0,0,1,0,0,0,0,0,0,0,0,0,0,1,1,0.0,0.0,0.0,0.0,1.0,0.0,0.0,255,248,0.97,0.01,0.0,0.0,0.0,0.0,0.02,0.0,guess_passwd,1,0,NORMAL,0,0
0,udp,private,SF,28,0,0,3,0,0,0,0,0,0,0,0,0,0,0,0,0,0,28,28,0.0,0.0,0.0,0.0,1.0,0.0,0.0,255,28,0.11,0.02,0.11,0.0,0.21,0.0,0.4,0.0,normal,0,1,ATTACK,1,0
1,tcp,smtp,SF,2599,293,0,0,0,0,0,1,0,0,0,0,0,0,0,0,0,0,4,3,0.0,0.0,0.25,0.0,0.75,0.5,0.0,255,244,0.96,0.04,0.0,0.0,0.0,0.0,0.04,0.0,mailbomb,1,0,NORMAL,0,0
0,tcp,telnet,SF,122,174,0,0,0,0,1,0,0,0,0,0,0,0,0,0,0,0,1,1,0.0,0.0,0.0,0.0,1.0,0.0,0.0,255,202,0.79,0.02,0.0,0.0,0.0,0.0,0.02,0.03,guess_passwd,1,0,NORMAL,0,0
0,tcp,telnet,S3,0,44,0,0,0,0,0,0,0,0,0,0,0,0,0,0,0,0,1,1,1.0,1.0,0.0,0.0,1.0,0.0,0.0,255,142,0.56,0.02,0.0,0.0,0.53,0.48,0.01,0.01,processtable,1,0,NORMAL,0,0
282,tcp,ftp,SF,160,597,0,0,0,2,0,1,0,0,0,0,0,0,0,0,0,1,1,1,0.0,0.0,0.0,0.0,1.0,0.0,0.0,255,48,0.19,0.03,0.0,0.0,0.18,0.0,0.02,0.0,warezmaster,1,0,NORMAL,0,0
0,udp,private,SF,40,0,0,0,0,0,0,0,0,0,0,0,0,0,0,0,0,0,3,3,0.0,0.0,0.0,0.0,1.0,0.0,0.0,255,253,0.99,0.01,0.0,0.0,0.0,0.0,0.0,0.0,snmpguess,1,0,NORMAL,0,0
0,tcp,telnet,SF,124,174,0,0,0,0,1,0,0,0,0,0,0,0,0,0,0,0,1,1,0.0,0.0,0.0,0.0,1.0,0.0,0.0,255,197,0.77,0.02,0.0,0.0,0.0,0.0,0.02,0.03,guess_passwd,1,0,NORMAL,0,0
2,tcp,telnet,SF,24,715,0,0,0,0,0,0,0,0,0,0,0,0,0,0,0,0,1,5,0.0,0.0,0.0,0.4,1.0,0.0,0.6,209,85,0.33,0.02,0.0,0.02,0.0,0.0,0.88,0.69,mscan,1,0,NORMAL,0,0
0,tcp,sunrpc,REJ,0,0,0,0,0,0,0,0,0,0,0,0,0,0,0,0,0,0,1,3,0.0,0.0,1.0,1.0,1.0,0.0,1.0,210,49,0.19,0.02,0.0,0.04,0.0,0.0,0.88,1.0,mscan,1,0,NORMAL,0,0
4,tcp,pop_3,SF,32,93,0,0,0,0,0,1,0,0,0,0,0,0,0,0,0,0,1,1,0.0,0.0,0.0,0.0,1.0,0.0,0.0,255,166,0.65,0.02,0.0,0.0,0.0,0.0,0.13,0.0,guess_passwd,1,0,NORMAL,0,0
5,tcp,pop_3,SF,0,0,0,0,0,0,0,0,0,0,0,0,0,0,0,0,0,0,2,6,0.0,0.0,0.0,0.83,0.5,1.0,1.0,248,50,0.2,0.02,0.0,0.04,0.0,0.0,0.17,0.02,mscan,1,0,NORMAL,0,0
0,udp,private,SF,46,0,0,0,0,0,0,0,0,0,0,0,0,0,0,0,0,0,5,5,0.0,0.0,0.0,0.0,1.0,0.0,0.0,255,255,1.0,0.0,0.01,0.0,0.0,0.0,0.0,0.0,snmpguess,1,0,NORMAL,0,0
0,tcp,other,REJ,0,0,0,0,0,0,0,0,0,0,0,0,0,0,0,0,0,0,1,1,0.0,0.0,1.0,1.0,1.0,0.0,0.0,44,3,0.07,0.11,0.02,0.0,0.0,0.0,0.02,0.33,httptunnel,1,0,NORMAL,0,0
6,tcp,pop_3,SF,32,93,0,0,0,0,0,1,0,0,0,0,0,0,0,0,0,0,1,1,0.0,0.0,0.0,0.0,1.0,0.0,0.0,36,36,0.97,0.06,0.03,0.06,0.0,0.0,0.0,0.0,guess_passwd,1,0,NORMAL,0,0
0,tcp,telnet,SF,127,174,0,0,0,0,1,0,0,0,0,0,0,0,0,0,0,0,1,1,0.0,0.0,0.0,0.0,1.0,0.0,0.0,255,153,0.6,0.02,0.0,0.0,0.0,0.0,0.02,0.03,guess_passwd,1,0,NORMAL,0,0
0,tcp,telnet,S3,0,44,0,0,0,0,0,0,0,0,0,0,0,0,0,0,0,0,1,1,1.0,1.0,0.0,0.0,1.0,0.0,0.0,255,142,0.56,0.41,0.0,0.0,0.45,0.8,0.4,0.01,processtable,1,0,NORMAL,0,0
0,udp,other,SF,1,0,0,0,0,0,0,0,0,0,0,0,0,0,0,0,0,0,42,2,0.0,0.0,0.0,0.0,0.05,0.24,0.0,255,2,0.01,0.45,0.93,0.0,0.0,0.0,0.07,0.0,normal,0,1,ATTACK,1,0
0,tcp,http,S0,0,0,0,0,0,0,0,0,0,0,0,0,0,0,0,0,0,0,65,65,1.0,1.0,0.0,0.0,1.0,0.0,0.0,255,255,1.0,0.0,0.0,0.0,0.33,0.33,0.66,0.66,apache2,1,0,NORMAL,0,0
0,udp,private,SF,105,105,0,0,0,0,0,0,0,0,0,0,0,0,0,0,0,0,1,1,0.0,0.0,0.0,0.0,1.0,0.0,0.0,255,255,1.0,0.0,0.0,0.0,0.0,0.0,0.0,0.0,snmpgetattack,1,0,NORMAL,0,0
1,tcp,smtp,SF,2599,293,0,0,0,0,0,1,0,0,0,0,0,0,0,0,0,0,2,2,0.0,0.0,0.0,0.0,1.0,0.0,0.0,255,66,0.26,0.14,0.0,0.0,0.0,0.0,0.73,0.0,mailbomb,1,0,NORMAL,0,0
0,udp,private,SF,1,0,0,0,0,0,0,0,0,0,0,0,0,0,0,0,0,0,72,8,0.0,0.0,0.0,0.0,0.11,0.85,0.0,255,8,0.03,0.74,0.99,0.0,0.0,0.0,0.01,0.0,normal,0,1,ATTACK,1,0
0,tcp,ftp_data,SF,12,0,0,0,0,0,0,0,0,0,0,0,0,0,0,0,0,0,1,1,0.0,0.0,0.0,0.0,1.0,0.0,0.0,7,13,1.0,0.0,1.0,0.15,0.0,0.0,0.0,0.0,warezmaster,1,0,NORMAL,0,0
0,tcp,telnet,SF,123,188,0,0,0,0,1,0,0,0,0,0,0,0,0,0,0,0,1,1,0.0,0.0,0.0,0.0,1.0,0.0,0.0,255,201,0.79,0.02,0.0,0.0,0.0,0.0,0.02,0.03,guess_passwd,1,0,NORMAL,0,0
281,tcp,ftp,SF,162,597,0,0,0,2,0,1,0,0,0,0,0,0,0,0,0,1,1,1,0.0,0.0,0.0,0.0,1.0,0.0,0.0,255,13,0.05,0.72,0.0,0.0,0.0,0.0,0.73,0.08,warezmaster,1,0,NORMAL,0,0
7462,tcp,telnet,SF,0,44,0,0,0,0,0,0,0,0,0,0,0,0,0,0,0,0,1,1,0.0,0.0,0.0,0.0,1.0,0.0,0.0,255,199,0.78,0.02,0.0,0.0,0.33,0.35,0.01,0.01,processtable,1,0,NORMAL,0,0
3,tcp,telnet,RSTO,0,15,0,0,0,0,0,0,0,0,0,0,0,0,0,0,0,0,4,11,0.0,0.09,0.75,0.36,0.5,0.75,0.64,92,84,0.35,0.05,0.01,0.02,0.01,0.01,0.86,0.57,mscan,1,0,NORMAL,0,0
280,tcp,ftp_data,SF,283618,0,0,0,0,0,0,0,0,0,0,0,0,0,0,0,0,0,1,1,0.0,0.0,0.0,0.0,1.0,0.0,0.0,13,1,0.08,0.15,0.08,0.0,0.0,0.0,0.0,0.0,warezmaster,1,0,NORMAL,0,0
7334,tcp,telnet,SF,0,44,0,0,0,0,0,0,0,0,0,0,0,0,0,0,0,0,1,1,0.0,0.0,0.0,0.0,1.0,0.0,0.0,255,223,0.87,0.13,0.0,0.0,0.5,0.57,0.13,0.01,processtable,1,0,NORMAL,0,0
0,tcp,ftp,SF,26,157,0,0,0,0,1,0,0,0,0,0,0,0,0,0,0,1,1,1,0.0,0.0,0.0,0.0,1.0,0.0,0.0,76,44,0.58,0.05,0.01,0.0,0.0,0.0,0.0,0.0,guess_passwd,1,0,NORMAL,0,0
7586,tcp,telnet,SF,0,44,0,0,0,0,0,0,0,0,0,0,0,0,0,0,0,0,1,1,0.0,0.0,0.0,0.0,1.0,0.0,0.0,255,177,0.69,0.02,0.0,0.0,0.44,0.43,0.01,0.01,processtable,1,0,NORMAL,0,0
283,tcp,ftp,SF,164,599,0,0,0,2,0,1,0,0,0,0,0,0,0,0,0,1,1,1,0.0,0.0,0.0,0.0,1.0,0.0,0.0,6,4,0.67,0.33,0.17,0.0,0.0,0.0,0.0,0.0,warezmaster,1,0,NORMAL,0,0
0,udp,private,SF,105,147,0,0,0,0,0,0,0,0,0,0,0,0,0,0,0,0,1,1,0.0,0.0,0.0,0.0,1.0,0.0,0.0,50,49,0.98,0.04,0.02,0.0,0.0,0.0,0.0,0.0,snmpgetattack,1,0,NORMAL,0,0
0,udp,private,SF,45,0,0,0,0,0,0,0,0,0,0,0,0,0,0,0,0,0,6,6,0.0,0.0,0.0,0.0,1.0,0.0,0.0,255,255,1.0,0.0,0.0,0.0,0.0,0.0,0.0,0.0,snmpguess,1,0,NORMAL,0,0
4,tcp,pop_3,SF,32,93,0,0,0,0,0,1,0,0,0,0,0,0,0,0,0,0,1,1,0.0,0.0,0.0,0.0,1.0,0.0,0.0,255,244,0.96,0.02,0.0,0.0,0.0,0.0,0.01,0.0,guess_passwd,1,0,NORMAL,0,0
0,tcp,telnet,SF,123,174,0,0,0,0,1,0,0,0,0,0,0,0,0,0,0,0,1,1,0.0,0.0,0.0,0.0,1.0,0.0,0.0,255,60,0.24,0.02,0.0,0.0,0.0,0.0,0.01,0.05,guess_passwd,1,0,NORMAL,0,0
3,tcp,pop_3,SF,30,93,0,0,0,0,0,1,0,0,0,0,0,0,0,0,0,0,1,1,0.0,0.0,0.0,0.0,1.0,0.0,0.0,255,248,0.97,0.02,0.0,0.0,0.0,0.0,0.0,0.0,guess_passwd,1,0,NORMAL,0,0
3,tcp,pop_3,SF,26,93,0,0,0,0,0,1,0,0,0,0,0,0,0,0,0,0,1,1,0.0,0.0,0.0,0.0,1.0,0.0,0.0,253,234,0.92,0.01,0.0,0.0,0.0,0.0,0.04,0.0,guess_passwd,1,0,NORMAL,0,0
0,tcp,telnet,RSTO,0,15,0,0,0,0,0,0,0,0,0,0,0,0,0,0,0,0,1,5,0.0,0.0,1.0,0.4,1.0,0.0,0.6,255,63,0.25,0.03,0.0,0.0,0.0,0.0,0.54,0.63,mscan,1,0,NORMAL,0,0
7963,tcp,telnet,SF,0,44,0,0,0,0,0,0,0,0,0,0,0,0,0,0,0,0,1,1,0.0,0.0,0.0,0.0,1.0,0.0,0.0,255,109,0.43,0.02,0.0,0.0,0.55,0.35,0.01,0.01,processtable,1,0,NORMAL,0,0
282,tcp,ftp,SF,164,601,0,0,0,2,0,1,0,0,0,0,0,0,0,0,0,1,1,1,0.0,0.0,0.0,0.0,1.0,0.0,0.0,22,19,0.86,0.09,0.05,0.0,0.0,0.0,0.0,0.0,warezmaster,1,0,NORMAL,0,0
281,tcp,ftp,SF,158,597,0,0,0,2,0,1,0,0,0,0,0,0,0,0,0,1,1,1,0.0,0.0,0.0,0.0,1.0,0.0,0.0,187,61,0.33,0.04,0.01,0.0,0.0,0.0,0.0,0.0,warezmaster,1,0,NORMAL,0,0
5,tcp,pop_3,SF,28,93,0,0,0,0,0,1,0,0,0,0,0,0,0,0,0,0,1,1,0.0,0.0,0.0,0.0,1.0,0.0,0.0,255,228,0.89,0.02,0.0,0.0,0.0,0.0,0.07,0.0,guess_passwd,1,0,NORMAL,0,0
1,tcp,smtp,SF,2599,293,0,0,0,0,0,1,0,0,0,0,0,0,0,0,0,0,2,2,0.0,0.0,0.0,0.0,1.0,0.0,0.0,255,133,0.52,0.15,0.0,0.0,0.0,0.0,0.46,0.0,mailbomb,1,0,NORMAL,0,0
0,tcp,telnet,SF,125,174,0,0,0,0,1,0,0,0,0,0,0,0,0,0,0,0,1,1,0.0,0.0,0.0,0.0,1.0,0.0,0.0,255,232,0.91,0.02,0.0,0.0,0.0,0.0,0.02,0.03,guess_passwd,1,0,NORMAL,0,0
1179,udp,other,SF,146,105,0,0,0,0,0,0,0,0,0,0,0,0,0,0,0,0,1,1,0.0,0.0,0.0,0.0,1.0,0.0,0.0,13,4,0.31,0.31,1.0,0.0,0.0,0.0,0.0,0.0,snmpgetattack,1,0,NORMAL,0,0
1019,tcp,http,RSTR,3944,0,0,0,0,0,0,1,0,0,0,0,0,0,0,0,0,0,87,87,0.01,0.01,0.98,0.98,1.0,0.0,0.0,255,255,1.0,0.0,0.0,0.0,0.0,0.0,0.33,0.33,apache2,1,0,NORMAL,0,0
0,tcp,http,S0,0,0,0,0,0,0,0,0,0,0,0,0,0,0,0,0,0,0,52,52,1.0,1.0,0.0,0.0,1.0,0.0,0.0,255,255,1.0,0.0,0.0,0.0,0.28,0.28,0.7,0.7,apache2,1,0,NORMAL,0,0
0,tcp,http,S0,0,0,0,0,0,0,0,0,0,0,0,0,0,0,0,0,0,0,13,13,1.0,1.0,0.0,0.0,1.0,0.0,0.0,255,245,0.96,0.01,0.0,0.0,0.16,0.16,0.56,0.59,apache2,1,0,NORMAL,0,0
0,udp,private,SF,47,0,0,0,0,0,0,0,0,0,0,0,0,0,0,0,0,0,3,3,0.0,0.0,0.0,0.0,1.0,0.0,0.0,255,255,1.0,0.0,0.01,0.0,0.0,0.0,0.0,0.0,snmpguess,1,0,NORMAL,0,0
4,tcp,pop_3,SF,30,93,0,0,0,0,0,1,0,0,0,0,0,0,0,0,0,0,1,1,0.0,0.0,0.0,0.0,1.0,0.0,0.0,255,210,0.82,0.02,0.0,0.0,0.0,0.0,0.04,0.0,guess_passwd,1,0,NORMAL,0,0
0,tcp,ftp_data,SF,12,0,0,0,0,0,0,0,0,0,0,0,0,0,0,0,0,0,2,2,0.0,0.0,0.0,0.0,1.0,0.0,0.0,2,9,1.0,0.0,1.0,0.33,0.0,0.0,0.0,0.0,warezmaster,1,0,NORMAL,0,0
0,tcp,telnet,S3,0,44,0,0,0,0,0,0,0,0,0,0,0,0,0,0,0,0,1,1,1.0,1.0,0.0,0.0,1.0,0.0,0.0,255,102,0.4,0.53,0.0,0.0,0.3,0.75,0.51,0.0,processtable,1,0,NORMAL,0,0
0,tcp,pop_3,SF,30,217,0,0,0,0,0,1,0,0,0,0,0,0,0,0,0,0,1,1,0.0,0.0,0.0,0.0,1.0,0.0,0.0,255,5,0.02,0.02,0.0,0.0,0.0,0.0,0.0,0.0,guess_passwd,1,0,NORMAL,0,0
7,tcp,pop_3,SF,30,93,0,0,0,0,0,1,0,0,0,0,0,0,0,0,0,0,1,1,0.0,0.0,0.0,0.0,1.0,0.0,0.0,255,253,0.99,0.01,0.0,0.0,0.0,0.0,0.0,0.0,guess_passwd,1,0,NORMAL,0,0
0,tcp,telnet,RSTO,0,3,0,0,0,0,0,0,0,0,0,0,0,0,0,0,0,0,1,24,0.0,0.08,1.0,0.79,1.0,0.0,0.83,255,10,0.04,0.73,0.0,0.0,0.0,0.0,0.05,0.5,mscan,1,0,NORMAL,0,0
0,tcp,telnet,S3,0,44,0,0,0,0,0,0,0,0,0,0,0,0,0,0,0,0,1,1,1.0,1.0,0.0,0.0,1.0,0.0,0.0,255,100,0.39,0.03,0.0,0.0,0.08,0.21,0.11,0.13,processtable,1,0,NORMAL,0,0
0,udp,private,SF,51,0,0,0,0,0,0,0,0,0,0,0,0,0,0,0,0,0,3,3,0.0,0.0,0.0,0.0,1.0,0.0,0.0,255,254,1.0,0.01,0.0,0.0,0.0,0.0,0.0,0.0,snmpguess,1,0,NORMAL,0,0
0,udp,private,SF,41,0,0,0,0,0,0,0,0,0,0,0,0,0,0,0,0,0,4,4,0.0,0.0,0.0,0.0,1.0,0.0,0.0,255,255,1.0,0.0,0.01,0.0,0.0,0.0,0.0,0.0,snmpguess,1,0,NORMAL,0,0
1,tcp,smtp,SF,2599,293,0,0,0,0,0,1,0,0,0,0,0,0,0,0,0,0,3,3,0.0,0.0,0.0,0.0,1.0,0.0,0.0,255,244,0.96,0.05,0.0,0.0,0.0,0.0,0.03,0.0,mailbomb,1,0,NORMAL,0,0
3,tcp,pop_3,SF,28,93,0,0,0,0,0,1,0,0,0,0,0,0,0,0,0,0,1,1,0.0,0.0,0.0,0.0,1.0,0.0,0.0,255,211,0.83,0.02,0.0,0.0,0.0,0.0,0.04,0.0,guess_passwd,1,0,NORMAL,0,0
0,tcp,telnet,S3,0,44,0,0,0,0,0,0,0,0,0,0,0,0,0,0,0,0,1,1,1.0,1.0,0.0,0.0,1.0,0.0,0.0,255,150,0.59,0.02,0.0,0.0,0.53,0.51,0.01,0.01,processtable,1,0,NORMAL,0,0
0,udp,private,SF,1,0,0,0,0,0,0,0,0,0,0,0,0,0,0,0,0,0,67,9,0.0,0.0,0.0,0.0,0.13,0.88,0.0,255,9,0.04,0.55,0.98,0.0,0.0,0.0,0.01,0.0,normal,0,1,ATTACK,1,0
0,udp,private,SF,105,146,0,0,0,0,0,0,0,0,0,0,0,0,0,0,0,0,1,1,0.0,0.0,0.0,0.0,1.0,0.0,0.0,122,121,0.99,0.02,0.01,0.0,0.0,0.0,0.0,0.0,snmpgetattack,1,0,NORMAL,0,0
0,tcp,ftp,SF,26,157,0,0,0,0,1,0,0,0,0,0,0,0,0,0,0,1,1,1,0.0,0.0,0.0,0.0,1.0,0.0,0.0,159,75,0.47,0.03,0.01,0.0,0.0,0.0,0.0,0.0,guess_passwd,1,0,NORMAL,0,0
0,tcp,imap4,RSTO,0,44,0,0,0,0,0,0,0,0,0,0,0,0,0,0,0,0,1,2,0.0,0.0,1.0,1.0,1.0,0.0,1.0,255,39,0.15,0.03,0.0,0.0,0.0,0.0,0.55,0.97,mscan,1,0,NORMAL,0,0
4,tcp,pop_3,SF,30,93,0,0,0,0,0,1,0,0,0,0,0,0,0,0,0,0,1,1,0.0,0.0,0.0,0.0,1.0,0.0,0.0,255,235,0.92,0.04,0.0,0.0,0.0,0.0,0.0,0.0,guess_passwd,1,0,NORMAL,0,0
0,tcp,telnet,SF,126,174,0,0,0,0,1,0,0,0,0,0,0,0,0,0,0,0,2,2,0.0,0.0,0.0,0.0,1.0,0.0,0.0,255,248,0.97,0.01,0.0,0.0,0.0,0.0,0.02,0.02,guess_passwd,1,0,NORMAL,0,0
0,udp,private,SF,46,0,0,0,0,0,0,0,0,0,0,0,0,0,0,0,0,0,3,3,0.0,0.0,0.0,0.0,1.0,0.0,0.0,255,253,0.99,0.01,0.01,0.0,0.0,0.0,0.0,0.0,snmpguess,1,0,NORMAL,0,0
0,tcp,other,RSTR,0,0,0,0,0,0,0,0,0,0,0,0,0,0,0,0,0,0,1,1,0.0,0.0,1.0,1.0,1.0,0.0,0.0,255,1,0.0,0.85,0.84,0.0,0.0,0.0,0.84,1.0,normal,0,1,ATTACK,1,0
1,tcp,smtp,SF,2599,293,0,0,0,0,0,1,0,0,0,0,0,0,0,0,0,0,2,2,0.0,0.0,0.0,0.0,1.0,0.0,0.0,255,81,0.32,0.14,0.0,0.0,0.0,0.0,0.67,0.0,mailbomb,1,0,NORMAL,0,0
7462,tcp,telnet,SF,0,44,0,0,0,0,0,0,0,0,0,0,0,0,0,0,0,0,1,1,0.0,0.0,0.0,0.0,1.0,0.0,0.0,255,192,0.75,0.24,0.0,0.0,0.5,0.66,0.23,0.01,processtable,1,0,NORMAL,0,0
0,udp,private,SF,1,1,0,0,0,0,0,0,0,0,0,0,0,0,0,0,0,0,21,2,0.0,0.0,0.0,0.0,0.1,0.43,0.0,255,2,0.01,0.69,0.82,0.0,0.02,0.0,0.15,0.0,normal,0,1,ATTACK,1,0
282,tcp,ftp,SF,160,595,0,0,0,2,0,1,0,0,0,0,0,0,0,0,0,1,1,1,0.0,0.0,0.0,0.0,1.0,0.0,0.0,243,86,0.35,0.03,0.0,0.0,0.0,0.0,0.0,0.0,warezmaster,1,0,NORMAL,0,0
0,tcp,http,S0,0,0,0,0,0,0,0,0,0,0,0,0,0,0,0,0,0,0,34,34,0.82,0.82,0.15,0.15,1.0,0.0,0.0,255,255,1.0,0.0,0.0,0.0,0.16,0.16,0.7,0.7,apache2,1,0,NORMAL,0,0
0,tcp,other,REJ,0,0,0,0,0,0,0,0,0,0,0,0,0,0,0,0,0,0,1,1,0.0,0.0,1.0,1.0,1.0,0.0,0.0,255,18,0.07,0.01,0.0,0.0,0.0,0.0,0.05,0.67,httptunnel,1,0,NORMAL,0,0
282,tcp,ftp,SF,160,597,0,0,0,2,0,1,0,0,0,0,0,0,0,0,0,1,1,1,0.0,0.0,0.0,0.0,1.0,0.0,0.0,74,34,0.46,0.05,0.01,0.0,0.0,0.0,0.0,0.0,warezmaster,1,0,NORMAL,0,0
0,udp,private,SF,53,0,0,0,0,0,0,0,0,0,0,0,0,0,0,0,0,0,4,4,0.0,0.0,0.0,0.0,1.0,0.0,0.0,255,255,1.0,0.0,0.01,0.0,0.0,0.0,0.0,0.0,snmpguess,1,0,NORMAL,0,0
0,tcp,pop_3,SF,30,217,0,0,0,0,0,1,0,0,0,0,0,0,0,0,0,0,8,1,0.0,0.0,0.0,0.0,0.12,0.25,0.0,255,2,0.01,0.02,0.0,0.0,0.0,0.0,0.02,0.0,guess_passwd,1,0,NORMAL,0,0
0,udp,private,SF,44,0,0,0,0,0,0,0,0,0,0,0,0,0,0,0,0,0,2,2,0.0,0.0,0.0,0.0,1.0,0.0,0.0,255,255,1.0,0.0,0.0,0.0,0.0,0.0,0.0,0.0,snmpguess,1,0,NORMAL,0,0
0,udp,private,SF,44,0,0,0,0,0,0,0,0,0,0,0,0,0,0,0,0,0,2,2,0.0,0.0,0.0,0.0,1.0,0.0,0.0,255,255,1.0,0.0,0.01,0.0,0.0,0.0,0.0,0.0,snmpguess,1,0,NORMAL,0,0
8212,tcp,telnet,SF,0,15,0,0,0,0,0,0,0,0,0,0,0,0,0,0,0,0,1,1,0.0,0.0,0.0,0.0,1.0,0.0,0.0,255,65,0.25,0.02,0.0,0.0,0.76,0.78,0.01,0.03,processtable,1,0,NORMAL,0,0
0,udp,private,SF,48,0,0,0,0,0,0,0,0,0,0,0,0,0,0,0,0,0,3,3,0.0,0.0,0.0,0.0,1.0,0.0,0.0,255,255,1.0,0.0,0.02,0.0,0.0,0.0,0.0,0.0,snmpguess,1,0,NORMAL,0,0
0,udp,private,SF,40,0,0,0,0,0,0,0,0,0,0,0,0,0,0,0,0,0,4,4,0.0,0.0,0.0,0.0,1.0,0.0,0.0,255,255,1.0,0.0,0.01,0.0,0.0,0.0,0.0,0.0,snmpguess,1,0,NORMAL,0,0
0,tcp,telnet,S3,0,44,0,0,0,0,0,0,0,0,0,0,0,0,0,0,0,0,1,1,1.0,1.0,0.0,0.0,1.0,0.0,0.0,255,154,0.6,0.02,0.0,0.0,0.55,0.52,0.01,0.01,processtable,1,0,NORMAL,0,0
707,tcp,domain,SF,1562,0,0,0,0,0,0,0,0,0,0,0,0,0,0,0,0,0,1,1,0.0,0.0,0.0,0.0,1.0,0.0,0.0,255,1,0.0,0.02,0.0,0.0,0.0,0.0,0.0,0.0,named,1,0,NORMAL,0,0
282,tcp,ftp,SF,162,599,0,0,0,2,0,1,0,0,0,0,0,0,0,0,0,1,2,1,0.0,0.0,0.0,0.0,0.5,1.0,0.0,255,18,0.07,0.72,0.0,0.0,0.0,0.06,0.69,0.0,warezmaster,1,0,NORMAL,0,0
0,tcp,http,S0,0,0,0,0,0,0,0,0,0,0,0,0,0,0,0,0,0,0,34,34,0.03,0.03,0.97,0.97,1.0,0.0,0.0,255,253,0.99,0.01,0.0,0.0,0.01,0.01,0.62,0.62,apache2,1,0,NORMAL,0,0
0,udp,private,SF,49,0,0,0,0,0,0,0,0,0,0,0,0,0,0,0,0,0,3,3,0.0,0.0,0.0,0.0,1.0,0.0,0.0,255,255,1.0,0.0,0.01,0.0,0.0,0.0,0.0,0.0,snmpguess,1,0,NORMAL,0,0
0,udp,private,SF,105,146,0,0,0,0,0,0,0,0,0,0,0,0,0,0,0,0,2,2,0.0,0.0,0.0,0.0,1.0,0.0,0.0,49,48,0.98,0.04,0.02,0.0,0.0,0.0,0.0,0.0,snmpgetattack,1,0,NORMAL,0,0
0,tcp,other,SF,240,622,0,0,0,0,0,0,0,0,0,0,0,0,0,0,0,0,2,2,0.0,0.0,0.0,0.0,1.0,0.0,0.0,255,28,0.11,0.02,0.0,0.0,0.0,0.0,0.09,0.75,httptunnel,1,0,NORMAL,0,0
0,udp,private,SF,46,0,0,0,0,0,0,0,0,0,0,0,0,0,0,0,0,0,2,2,0.0,0.0,0.0,0.0,1.0,0.0,0.0,255,255,1.0,0.0,0.0,0.0,0.0,0.0,0.0,0.0,snmpguess,1,0,NORMAL,0,0
0,udp,private,SF,40,0,0,0,0,0,0,0,0,0,0,0,0,0,0,0,0,0,3,3,0.0,0.0,0.0,0.0,1.0,0.0,0.0,255,254,1.0,0.01,0.01,0.0,0.0,0.0,0.0,0.0,snmpguess,1,0,NORMAL,0,0
7277,tcp,telnet,SF,0,44,0,0,0,0,0,0,0,0,0,0,0,0,0,0,0,0,1,1,0.0,0.0,0.0,0.0,1.0,0.0,0.0,255,240,0.94,0.02,0.0,0.0,0.27,0.29,0.01,0.0,processtable,1,0,NORMAL,0,0
5,tcp,pop_3,SF,32,93,0,0,0,0,0,1,0,0,0,0,0,0,0,0,0,0,1,1,0.0,0.0,0.0,0.0,1.0,0.0,0.0,255,230,0.9,0.02,0.0,0.0,0.0,0.0,0.06,0.0,guess_passwd,1,0,NORMAL,0,0
247,tcp,X11,SF,1262796,15820,0,0,0,0,0,0,0,0,0,0,0,0,0,0,0,0,1,1,0.0,0.0,0.0,0.0,1.0,0.0,0.0,255,1,0.0,0.71,0.0,0.0,0.0,0.0,0.69,0.0,xlock,1,0,NORMAL,0,0
1,tcp,smtp,SF,2599,293,0,0,0,0,0,1,0,0,0,0,0,0,0,0,0,0,1,1,0.0,0.0,0.0,0.0,1.0,0.0,0.0,255,245,0.96,0.04,0.0,0.0,0.0,0.0,0.04,0.0,mailbomb,1,0,NORMAL,0,0
7607,tcp,telnet,SF,0,44,0,0,0,0,0,0,0,0,0,0,0,0,0,0,0,0,1,1,0.0,0.0,0.0,0.0,1.0,0.0,0.0,255,156,0.61,0.36,0.0,0.0,0.49,0.81,0.35,0.01,processtable,1,0,NORMAL,0,0
9,tcp,telnet,SF,4209,7872,0,0,0,0,0,1,0,0,0,0,0,0,0,0,0,0,1,1,0.0,0.0,0.0,0.0,1.0,0.0,0.0,71,1,0.01,0.07,0.01,0.0,0.0,0.0,0.0,0.0,worm,1,0,NORMAL,0,0
0,udp,private,SF,105,146,0,0,0,0,0,0,0,0,0,0,0,0,0,0,0,0,3,3,0.0,0.0,0.0,0.0,1.0,0.0,0.0,255,254,1.0,0.01,0.0,0.0,0.0,0.0,0.0,0.0,snmpgetattack,1,0,NORMAL,0,0
282,tcp,ftp,SF,162,597,0,0,0,2,0,1,0,0,0,0,0,0,0,0,0,1,1,1,0.0,0.0,0.0,0.0,1.0,0.0,0.0,49,4,0.08,0.8,0.02,0.0,0.0,0.0,0.8,0.25,warezmaster,1,0,NORMAL,0,0
0,udp,private,SF,105,146,0,0,0,0,0,0,0,0,0,0,0,0,0,0,0,0,1,1,0.0,0.0,0.0,0.0,1.0,0.0,0.0,77,77,1.0,0.0,0.01,0.0,0.0,0.0,0.0,0.0,snmpgetattack,1,0,NORMAL,0,0
0,tcp,telnet,SF,0,0,0,0,0,0,0,0,0,0,0,0,0,0,0,0,0,0,1,1,0.0,0.0,0.0,0.0,1.0,0.0,0.0,255,128,0.5,0.01,0.0,0.0,0.0,0.0,0.65,0.31,mscan,1,0,NORMAL,0,0
8192,tcp,telnet,SF,0,15,0,0,0,0,0,0,0,0,0,0,0,0,0,0,0,0,1,1,0.0,0.0,0.0,0.0,1.0,0.0,0.0,255,68,0.27,0.02,0.0,0.0,0.74,0.72,0.01,0.03,processtable,1,0,NORMAL,0,0
0,tcp,http,S0,0,0,0,0,0,0,0,0,0,0,0,0,0,0,0,0,0,0,13,13,0.77,0.77,0.23,0.23,1.0,0.0,0.0,255,244,0.96,0.01,0.0,0.0,0.06,0.06,0.56,0.59,apache2,1,0,NORMAL,0,0
4,tcp,pop_3,SF,28,93,0,0,0,0,0,1,0,0,0,0,0,0,0,0,0,0,1,1,0.0,0.0,0.0,0.0,1.0,0.0,0.0,255,154,0.6,0.02,0.0,0.0,0.0,0.0,0.13,0.0,guess_passwd,1,0,NORMAL,0,0
4,tcp,pop_3,SF,28,93,0,0,0,0,0,1,0,0,0,0,0,0,0,0,0,0,1,1,0.0,0.0,0.0,0.0,1.0,0.0,0.0,255,210,0.82,0.02,0.0,0.0,0.0,0.0,0.04,0.0,guess_passwd,1,0,NORMAL,0,0
282,tcp,ftp,SF,160,595,0,0,0,2,0,1,0,0,0,0,0,0,0,0,0,1,1,1,0.0,0.0,0.0,0.0,1.0,0.0,0.0,140,65,0.46,0.03,0.01,0.0,0.0,0.0,0.0,0.0,warezmaster,1,0,NORMAL,0,0
4,tcp,pop_3,SF,26,93,0,0,0,0,0,1,0,0,0,0,0,0,0,0,0,0,1,1,0.0,0.0,0.0,0.0,1.0,0.0,0.0,209,190,0.91,0.01,0.0,0.0,0.0,0.0,0.05,0.0,guess_passwd,1,0,NORMAL,0,0
8113,tcp,telnet,S3,1,15,0,0,0,0,0,0,0,0,0,0,0,0,0,0,0,0,1,1,1.0,1.0,0.0,0.0,1.0,0.0,0.0,255,33,0.13,0.77,0.0,0.0,0.04,0.3,0.75,0.0,processtable,1,0,NORMAL,0,0
0,udp,private,SF,50,0,0,0,0,0,0,0,0,0,0,0,0,0,0,0,0,0,5,5,0.0,0.0,0.0,0.0,1.0,0.0,0.0,255,255,1.0,0.0,0.01,0.0,0.0,0.0,0.0,0.0,snmpguess,1,0,NORMAL,0,0
281,tcp,ftp,SF,158,597,0,0,0,2,0,1,0,0,0,0,0,0,0,0,0,1,1,1,0.0,0.0,0.0,0.0,1.0,0.0,0.0,128,7,0.05,0.65,0.01,0.0,0.0,0.0,0.66,0.14,warezmaster,1,0,NORMAL,0,0
0,tcp,telnet,REJ,0,0,0,0,0,0,0,0,0,0,0,0,0,0,0,0,0,0,1,24,0.0,0.12,1.0,0.38,1.0,0.0,0.67,255,19,0.07,0.03,0.0,0.0,0.0,0.0,0.18,0.79,mscan,1,0,NORMAL,0,0
0,tcp,ftp_data,SF,12,0,0,0,0,0,0,0,0,0,0,0,0,0,0,0,0,0,2,2,0.0,0.0,0.0,0.0,1.0,0.0,0.0,4,11,1.0,0.0,1.0,0.27,0.0,0.0,0.0,0.0,warezmaster,1,0,NORMAL,0,0
4,tcp,pop_3,SF,32,93,0,0,0,0,0,1,0,0,0,0,0,0,0,0,0,0,1,1,0.0,0.0,0.0,0.0,1.0,0.0,0.0,255,236,0.93,0.02,0.0,0.0,0.0,0.0,0.03,0.0,guess_passwd,1,0,NORMAL,0,0
282,tcp,ftp,SF,158,593,0,0,0,2,0,1,0,0,0,0,0,0,0,0,0,1,1,1,0.0,0.0,0.0,0.0,1.0,0.0,0.0,217,71,0.33,0.03,0.0,0.0,0.0,0.0,0.0,0.0,warezmaster,1,0,NORMAL,0,0
3,tcp,pop_3,SF,30,93,0,0,0,0,0,1,0,0,0,0,0,0,0,0,0,0,1,1,0.0,0.0,0.0,0.0,1.0,0.0,0.0,255,252,0.99,0.01,0.0,0.0,0.0,0.0,0.0,0.0,guess_passwd,1,0,NORMAL,0,0
282,tcp,ftp,SF,162,599,0,0,0,2,0,1,0,0,0,0,0,0,0,0,0,1,1,1,0.0,0.0,0.0,0.0,1.0,0.0,0.0,255,17,0.07,0.73,0.0,0.0,0.0,0.06,0.71,0.0,warezmaster,1,0,NORMAL,0,0
7522,tcp,telnet,SF,0,44,0,0,0,0,0,0,0,0,0,0,0,0,0,0,0,0,1,1,0.0,0.0,0.0,0.0,1.0,0.0,0.0,255,177,0.69,0.29,0.0,0.0,0.5,0.72,0.28,0.01,processtable,1,0,NORMAL,0,0
0,tcp,telnet,RSTO,0,15,0,0,0,0,0,0,0,0,0,0,0,0,0,0,0,0,1,3,0.0,0.0,1.0,0.67,1.0,0.0,0.67,255,96,0.38,0.02,0.0,0.0,0.0,0.0,0.6,0.64,mscan,1,0,NORMAL,0,0
0,udp,private,SF,48,0,0,0,0,0,0,0,0,0,0,0,0,0,0,0,0,0,3,3,0.0,0.0,0.0,0.0,1.0,0.0,0.0,255,254,1.0,0.01,0.0,0.0,0.0,0.0,0.0,0.0,snmpguess,1,0,NORMAL,0,0
1,tcp,smtp,SF,2599,293,0,0,0,0,0,1,0,0,0,0,0,0,0,0,0,0,3,3,0.0,0.0,0.0,0.0,1.0,0.0,0.0,255,31,0.12,0.16,0.0,0.0,0.0,0.0,0.86,0.0,mailbomb,1,0,NORMAL,0,0
0,tcp,ftp_data,SF,12,0,0,0,0,0,0,0,0,0,0,0,0,0,0,0,0,0,2,2,0.0,0.0,0.0,0.0,1.0,0.0,0.0,4,8,1.0,0.0,1.0,0.25,0.0,0.0,0.0,0.0,warezmaster,1,0,NORMAL,0,0
0,tcp,telnet,SF,126,174,0,0,0,0,1,0,0,0,0,0,0,0,0,0,0,0,1,1,0.0,0.0,0.0,0.0,1.0,0.0,0.0,255,255,1.0,0.0,0.0,0.0,0.01,0.01,0.02,0.02,guess_passwd,1,0,NORMAL,0,0
3,tcp,pop_3,SF,30,93,0,0,0,0,0,1,0,0,0,0,0,0,0,0,0,0,1,1,0.0,0.0,0.0,0.0,1.0,0.0,0.0,255,249,0.98,0.01,0.0,0.0,0.0,0.0,0.01,0.0,guess_passwd,1,0,NORMAL,0,0
1,tcp,telnet,SF,24,715,0,0,0,0,0,0,0,0,0,0,0,0,0,0,0,0,4,7,0.0,0.14,0.75,0.43,0.5,0.75,0.57,255,54,0.21,0.03,0.0,0.0,0.0,0.0,0.6,0.76,mscan,1,0,NORMAL,0,0
4,tcp,pop_3,SF,30,93,0,0,0,0,0,1,0,0,0,0,0,0,0,0,0,0,1,2,0.0,0.0,0.0,0.0,1.0,0.0,1.0,255,252,0.99,0.01,0.0,0.0,0.0,0.0,0.0,0.0,guess_passwd,1,0,NORMAL,0,0
4,tcp,pop_3,SF,30,93,0,0,0,0,0,1,0,0,0,0,0,0,0,0,0,0,2,1,0.0,0.0,0.0,0.0,0.5,1.0,0.0,255,245,0.96,0.02,0.0,0.0,0.0,0.0,0.0,0.0,guess_passwd,1,0,NORMAL,0,0
0,tcp,other,REJ,0,0,0,0,0,0,0,0,0,0,0,0,0,0,0,0,0,0,1,1,0.0,0.0,1.0,1.0,1.0,0.0,0.0,255,9,0.04,0.02,0.0,0.0,0.0,0.0,0.04,1.0,httptunnel,1,0,NORMAL,0,0
4,tcp,pop_3,SF,28,93,0,0,0,0,0,1,0,0,0,0,0,0,0,0,0,0,1,1,0.0,0.0,0.0,0.0,1.0,0.0,0.0,255,223,0.87,0.02,0.0,0.0,0.0,0.0,0.06,0.0,guess_passwd,1,0,NORMAL,0,0
1,tcp,telnet,SF,117,1357,0,0,0,0,0,1,0,0,0,0,0,0,0,0,0,0,1,1,0.0,0.0,0.0,0.0,1.0,0.0,0.0,26,2,0.08,0.12,0.04,0.0,0.0,0.0,0.0,0.0,ps,1,0,NORMAL,0,0
0,tcp,ftp,SF,26,157,0,0,0,0,1,0,0,0,0,0,0,0,0,0,0,1,1,1,0.0,0.0,0.0,0.0,1.0,0.0,0.0,56,29,0.52,0.07,0.02,0.0,0.0,0.0,0.0,0.0,guess_passwd,1,0,NORMAL,0,0
0,udp,private,SF,105,146,0,0,0,0,0,0,0,0,0,0,0,0,0,0,0,0,1,1,0.0,0.0,0.0,0.0,1.0,0.0,0.0,101,101,1.0,0.0,0.01,0.0,0.0,0.0,0.0,0.0,snmpgetattack,1,0,NORMAL,0,0
0,tcp,telnet,SF,121,174,0,0,0,0,1,0,0,0,0,0,0,0,0,0,0,0,1,1,0.0,0.0,0.0,0.0,1.0,0.0,0.0,255,254,1.0,0.01,0.0,0.0,0.01,0.01,0.02,0.02,guess_passwd,1,0,NORMAL,0,0
280,tcp,ftp_data,SF,283618,0,0,0,0,0,0,0,0,0,0,0,0,0,0,0,0,0,2,2,0.0,0.0,0.0,0.0,1.0,0.0,0.0,24,4,0.17,0.08,0.17,0.0,0.0,0.0,0.0,0.0,warezmaster,1,0,NORMAL,0,0
283,tcp,ftp,SF,162,597,0,0,0,2,0,1,0,0,0,0,0,0,0,0,0,1,1,1,0.0,0.0,0.0,0.0,1.0,0.0,0.0,25,22,0.88,0.08,0.04,0.0,0.0,0.0,0.0,0.0,warezmaster,1,0,NORMAL,0,0
0,tcp,telnet,SF,118,174,0,0,0,0,1,0,0,0,0,0,0,0,0,0,0,0,1,1,0.0,0.0,0.0,0.0,1.0,0.0,0.0,255,186,0.73,0.02,0.0,0.0,0.0,0.0,0.02,0.03,guess_passwd,1,0,NORMAL,0,0
0,tcp,telnet,SF,127,188,0,0,0,0,1,0,0,0,0,0,0,0,0,0,0,0,1,1,0.0,0.0,0.0,0.0,1.0,0.0,0.0,255,13,0.05,0.02,0.0,0.0,0.0,0.0,0.0,0.08,guess_passwd,1,0,NORMAL,0,0
0,udp,private,SF,49,49,0,0,0,0,0,0,0,0,0,0,0,0,0,0,0,0,3,3,0.0,0.0,0.0,0.0,1.0,0.0,0.0,255,254,1.0,0.01,0.01,0.0,0.0,0.0,0.0,0.0,snmpguess,1,0,NORMAL,0,0
281,tcp,ftp,SF,162,599,0,0,0,2,0,1,0,0,0,0,0,0,0,0,0,1,1,1,0.0,0.0,0.0,0.0,1.0,0.0,0.0,94,38,0.4,0.06,0.01,0.0,0.0,0.0,0.0,0.0,warezmaster,1,0,NORMAL,0,0
0,tcp,telnet,REJ,0,0,0,0,0,0,0,0,0,0,0,0,0,0,0,0,0,0,1,3,0.0,0.33,1.0,0.67,1.0,0.0,0.67,135,89,0.3,0.04,0.01,0.02,0.01,0.01,0.95,0.64,mscan,1,0,NORMAL,0,0
0,tcp,http,REJ,0,0,0,0,0,0,0,0,0,0,0,0,0,0,0,0,0,0,1,1,0.0,0.0,1.0,1.0,1.0,0.0,0.0,255,29,0.11,0.55,0.0,0.0,0.0,0.0,0.11,1.0,normal,0,1,ATTACK,1,0
0,tcp,other,REJ,0,0,0,0,0,0,0,0,0,0,0,0,0,0,0,0,0,0,1,1,0.0,0.0,1.0,1.0,1.0,0.0,0.0,255,7,0.03,0.01,0.0,0.0,0.0,0.0,0.03,1.0,httptunnel,1,0,NORMAL,0,0
0,udp,private,SF,47,0,0,0,0,0,0,0,0,0,0,0,0,0,0,0,0,0,5,5,0.0,0.0,0.0,0.0,1.0,0.0,0.0,255,255,1.0,0.0,0.0,0.0,0.0,0.0,0.0,0.0,snmpguess,1,0,NORMAL,0,0
0,tcp,pop_3,SF,36,237,0,0,0,0,0,1,0,0,0,0,0,0,0,0,0,0,1,1,0.0,0.0,0.0,0.0,1.0,0.0,0.0,182,16,0.09,0.03,0.01,0.0,0.0,0.0,0.0,0.0,guess_passwd,1,0,NORMAL,0,0
0,tcp,http,S0,0,0,0,0,0,0,0,0,0,0,0,0,0,0,0,0,0,0,57,57,1.0,1.0,0.0,0.0,1.0,0.0,0.0,255,255,1.0,0.0,0.0,0.0,0.3,0.3,0.69,0.69,apache2,1,0,NORMAL,0,0
4,tcp,pop_3,SF,28,93,0,0,0,0,0,1,0,0,0,0,0,0,0,0,0,0,1,1,0.0,0.0,0.0,0.0,1.0,0.0,0.0,255,250,0.98,0.01,0.0,0.0,0.0,0.0,0.01,0.0,guess_passwd,1,0,NORMAL,0,0
0,udp,private,SF,105,146,0,0,0,0,0,0,0,0,0,0,0,0,0,0,0,0,3,1,0.0,0.0,0.0,0.0,0.33,0.67,0.0,255,252,0.99,0.01,0.0,0.0,0.0,0.0,0.0,0.0,snmpgetattack,1,0,NORMAL,0,0
3,tcp,pop_3,SF,27,93,0,0,0,0,0,1,0,0,0,0,0,0,0,0,0,0,1,1,0.0,0.0,0.0,0.0,1.0,0.0,0.0,187,168,0.9,0.02,0.01,0.0,0.0,0.0,0.05,0.0,guess_passwd,1,0,NORMAL,0,0
5,tcp,pop_3,SF,32,93,0,0,0,0,0,1,0,0,0,0,0,0,0,0,0,0,1,1,0.0,0.0,0.0,0.0,1.0,0.0,0.0,176,158,0.89,0.02,0.01,0.01,0.0,0.0,0.06,0.0,guess_passwd,1,0,NORMAL,0,0
1,tcp,smtp,SF,2599,293,0,0,0,0,0,1,0,0,0,0,0,0,0,0,0,0,3,3,0.0,0.0,0.0,0.0,1.0,0.0,0.0,255,126,0.49,0.15,0.0,0.0,0.0,0.0,0.49,0.0,mailbomb,1,0,NORMAL,0,0
0,tcp,telnet,RSTO,0,15,0,0,0,0,0,0,0,0,0,0,0,0,0,0,0,0,1,6,0.0,0.17,1.0,0.5,1.0,0.0,0.67,201,86,0.34,0.02,0.0,0.02,0.01,0.0,0.87,0.7,mscan,1,0,NORMAL,0,0
0,tcp,ftp,SF,26,157,0,0,0,0,1,0,0,0,0,0,0,0,0,0,0,1,1,1,0.0,0.0,0.0,0.0,1.0,0.0,0.0,209,101,0.48,0.03,0.0,0.0,0.0,0.0,0.0,0.0,guess_passwd,1,0,NORMAL,0,0
1,tcp,imap4,RSTO,0,44,0,0,0,0,0,0,0,0,0,0,0,0,0,0,0,0,1,4,0.0,0.0,1.0,1.0,1.0,0.0,1.0,255,14,0.05,0.03,0.0,0.0,0.0,0.0,0.18,1.0,mscan,1,0,NORMAL,0,0
1,tcp,smtp,SF,2599,293,0,0,0,0,0,1,0,0,0,0,0,0,0,0,0,0,4,3,0.0,0.0,0.25,0.0,0.75,0.5,0.0,255,211,0.83,0.13,0.0,0.0,0.0,0.0,0.16,0.0,mailbomb,1,0,NORMAL,0,0
0,tcp,telnet,RSTO,0,12,0,0,0,0,0,0,0,0,0,0,0,0,0,0,0,0,1,4,0.0,0.25,1.0,0.25,1.0,0.0,0.75,15,91,0.47,0.33,0.07,0.02,0.0,0.01,0.2,0.63,mscan,1,0,NORMAL,0,0
4,tcp,pop_3,SF,30,93,0,0,0,0,0,1,0,0,0,0,0,0,0,0,0,0,2,1,0.0,0.0,0.5,0.0,0.5,1.0,0.0,255,213,0.84,0.02,0.0,0.0,0.0,0.0,0.04,0.0,guess_passwd,1,0,NORMAL,0,0
4,tcp,pop_3,SF,30,93,0,0,0,0,0,1,0,0,0,0,0,0,0,0,0,0,2,2,0.0,0.0,0.0,0.0,1.0,0.0,0.0,255,248,0.97,0.02,0.0,0.0,0.0,0.0,0.0,0.0,guess_passwd,1,0,NORMAL,0,0
280,tcp,ftp_data,SF,283618,0,0,0,0,1,0,0,0,0,0,0,0,0,0,0,0,0,2,2,0.0,0.0,0.0,0.0,1.0,0.0,0.0,86,56,0.12,0.07,0.12,0.04,0.0,0.0,0.0,0.0,warezmaster,1,0,NORMAL,0,0
0,udp,private,SF,42,0,0,0,0,0,0,0,0,0,0,0,0,0,0,0,0,0,4,4,0.0,0.0,0.0,0.0,1.0,0.0,0.0,255,254,1.0,0.01,0.0,0.0,0.0,0.0,0.0,0.0,snmpguess,1,0,NORMAL,0,0
2,tcp,telnet,SF,24,882,0,0,0,0,0,0,0,0,0,0,0,0,0,0,0,0,4,9,0.0,0.11,0.75,0.44,0.5,0.75,0.56,255,42,0.16,0.03,0.0,0.0,0.0,0.0,0.42,0.69,mscan,1,0,NORMAL,0,0
0,udp,private,SF,28,0,0,3,0,0,0,0,0,0,0,0,0,0,0,0,0,0,19,19,0.0,0.0,0.0,0.0,1.0,0.0,0.0,44,19,0.43,0.09,0.43,0.0,0.0,0.0,0.0,0.0,normal,0,1,ATTACK,1,0
0,tcp,http,S0,0,0,0,0,0,0,0,0,0,0,0,0,0,0,0,0,0,0,29,29,0.48,0.48,0.48,0.48,1.0,0.0,0.0,255,255,1.0,0.0,0.0,0.0,0.09,0.09,0.7,0.7,apache2,1,0,NORMAL,0,0
0,udp,private,SF,42,0,0,0,0,0,0,0,0,0,0,0,0,0,0,0,0,0,5,5,0.0,0.0,0.0,0.0,1.0,0.0,0.0,255,254,1.0,0.01,0.0,0.0,0.0,0.0,0.0,0.0,snmpguess,1,0,NORMAL,0,0
0,tcp,telnet,SF,126,174,0,0,0,0,1,0,0,0,0,0,0,0,0,0,0,0,1,1,0.0,0.0,0.0,0.0,1.0,0.0,0.0,255,131,0.51,0.02,0.0,0.0,0.0,0.0,0.02,0.03,guess_passwd,1,0,NORMAL,0,0
4,tcp,pop_3,SF,28,93,0,0,0,0,0,1,0,0,0,0,0,0,0,0,0,0,1,1,0.0,0.0,0.0,0.0,1.0,0.0,0.0,231,212,0.92,0.01,0.0,0.0,0.0,0.0,0.04,0.0,guess_passwd,1,0,NORMAL,0,0
281,tcp,ftp,SF,162,599,0,0,0,2,0,1,0,0,0,0,0,0,0,0,0,1,1,1,0.0,0.0,0.0,0.0,1.0,0.0,0.0,255,111,0.44,0.03,0.0,0.0,0.0,0.0,0.0,0.0,warezmaster,1,0,NORMAL,0,0
0,tcp,telnet,SF,127,174,0,0,0,0,1,0,0,0,0,0,0,0,0,0,0,0,1,1,0.0,0.0,0.0,0.0,1.0,0.0,0.0,255,254,1.0,0.01,0.0,0.0,0.01,0.01,0.01,0.01,guess_passwd,1,0,NORMAL,0,0
10,tcp,telnet,SF,118,2425,0,0,0,0,0,1,0,0,0,0,0,0,0,0,0,0,1,1,0.0,0.0,0.0,0.0,1.0,0.0,0.0,11,3,0.27,0.27,0.09,0.0,0.0,0.0,0.09,0.33,guess_passwd,1,0,NORMAL,0,0
0,tcp,sunrpc,REJ,0,0,0,0,0,0,0,0,0,0,0,0,0,0,0,0,0,0,1,3,0.0,0.0,1.0,1.0,1.0,0.0,1.0,255,7,0.03,0.03,0.0,0.0,0.0,0.0,0.19,1.0,mscan,1,0,NORMAL,0,0
0,tcp,ftp_data,SF,12,0,0,0,0,0,0,0,0,0,0,0,0,0,0,0,0,0,1,1,0.0,0.0,0.0,0.0,1.0,0.0,0.0,5,15,1.0,0.0,1.0,0.2,0.0,0.0,0.0,0.0,warezmaster,1,0,NORMAL,0,0
0,tcp,telnet,SF,121,174,0,0,0,0,1,0,0,0,0,0,0,0,0,0,0,0,1,1,0.0,0.0,0.0,0.0,1.0,0.0,0.0,255,90,0.35,0.02,0.0,0.0,0.0,0.0,0.01,0.03,guess_passwd,1,0,NORMAL,0,0
8176,tcp,telnet,SF,0,15,0,0,0,0,0,0,0,0,0,0,0,0,0,0,0,0,1,3,0.0,0.0,0.0,0.33,1.0,0.0,0.67,255,47,0.18,0.04,0.0,0.0,0.0,0.02,0.09,0.26,processtable,1,0,NORMAL,0,0
282,tcp,ftp,SF,164,599,0,0,0,2,0,1,0,0,0,0,0,0,0,0,0,1,1,1,0.0,0.0,0.0,0.0,1.0,0.0,0.0,255,18,0.07,0.83,0.0,0.0,0.0,0.0,0.81,0.0,warezmaster,1,0,NORMAL,0,0
0,tcp,telnet,SF,124,174,0,0,0,0,1,0,0,0,0,0,0,0,0,0,0,0,1,1,0.0,0.0,0.0,0.0,1.0,0.0,0.0,255,207,0.81,0.02,0.0,0.0,0.0,0.0,0.02,0.03,guess_passwd,1,0,NORMAL,0,0
3,tcp,telnet,SF,24,40,0,0,0,0,0,0,0,0,0,0,0,0,0,0,0,0,1,12,0.0,0.08,0.0,0.42,1.0,0.0,0.58,255,45,0.18,0.03,0.0,0.0,0.02,0.0,0.44,0.71,mscan,1,0,NORMAL,0,0
282,tcp,ftp,SF,162,599,0,0,0,2,0,1,0,0,0,0,0,0,0,0,0,1,1,1,0.0,0.0,0.0,0.0,1.0,0.0,0.0,255,13,0.05,0.8,0.0,0.0,0.0,0.0,0.79,0.0,warezmaster,1,0,NORMAL,0,0
0,tcp,http,S0,0,0,0,0,0,0,0,0,0,0,0,0,0,0,0,0,0,0,70,70,1.0,1.0,0.0,0.0,1.0,0.0,0.0,255,255,1.0,0.0,0.0,0.0,0.35,0.35,0.65,0.65,apache2,1,0,NORMAL,0,0
0,tcp,ftp_data,SF,505,0,0,0,0,0,0,0,0,0,0,0,0,0,0,0,0,0,2,2,0.0,0.0,0.0,0.0,1.0,0.0,0.0,4,2,0.5,0.5,0.5,0.0,0.0,0.0,0.5,0.0,named,1,0,NORMAL,0,0
0,tcp,telnet,REJ,0,0,0,0,0,0,0,0,0,0,0,0,0,0,0,0,0,0,1,6,0.0,0.17,1.0,0.67,1.0,0.0,0.83,12,84,0.33,0.42,0.08,0.02,0.0,0.0,0.75,0.69,mscan,1,0,NORMAL,0,0
1,tcp,smtp,SF,2599,293,0,0,0,0,0,1,0,0,0,0,0,0,0,0,0,0,3,3,0.0,0.0,0.0,0.0,1.0,0.0,0.0,255,166,0.65,0.13,0.0,0.0,0.0,0.0,0.34,0.0,mailbomb,1,0,NORMAL,0,0
8204,tcp,telnet,SF,0,15,0,0,0,0,0,0,0,0,0,0,0,0,0,0,0,0,1,1,0.0,0.0,0.0,0.0,1.0,0.0,0.0,255,66,0.26,0.02,0.0,0.0,0.75,0.76,0.01,0.03,processtable,1,0,NORMAL,0,0
4,tcp,pop_3,SF,30,93,0,0,0,0,0,1,0,0,0,0,0,0,0,0,0,0,1,2,0.0,0.0,0.0,0.0,1.0,0.0,1.0,255,248,0.97,0.01,0.0,0.0,0.0,0.0,0.01,0.0,guess_passwd,1,0,NORMAL,0,0
0,tcp,telnet,RSTO,0,12,0,0,0,0,0,0,0,0,0,0,0,0,0,0,0,0,4,14,0.0,0.29,0.25,0.5,0.5,0.75,0.79,73,95,0.41,0.07,0.01,0.02,0.0,0.01,0.18,0.55,mscan,1,0,NORMAL,0,0
0,udp,private,SF,43,0,0,0,0,0,0,0,0,0,0,0,0,0,0,0,0,0,1,1,0.0,0.0,0.0,0.0,1.0,0.0,0.0,255,254,1.0,0.01,0.01,0.0,0.0,0.0,0.0,0.0,snmpguess,1,0,NORMAL,0,0
5,tcp,imap4,SF,0,0,0,0,0,0,0,0,0,0,0,0,0,0,0,0,0,0,1,1,0.0,0.0,0.0,0.0,1.0,0.0,0.0,171,51,0.2,0.03,0.01,0.04,0.0,0.0,0.16,0.33,mscan,1,0,NORMAL,0,0
0,tcp,telnet,S3,0,44,0,0,0,0,0,0,0,0,0,0,0,0,0,0,0,0,1,1,1.0,1.0,0.0,0.0,1.0,0.0,0.0,255,88,0.35,0.58,0.0,0.0,0.25,0.72,0.56,0.0,processtable,1,0,NORMAL,0,0
0,tcp,telnet,RSTO,0,12,0,0,0,0,0,0,0,0,0,0,0,0,0,0,0,0,1,1,0.0,0.0,1.0,1.0,1.0,0.0,0.0,255,103,0.4,0.02,0.0,0.0,0.0,0.0,0.17,0.43,mscan,1,0,NORMAL,0,0
0,tcp,telnet,SF,123,174,0,0,0,0,1,0,0,0,0,0,0,0,0,0,0,0,1,1,0.0,0.0,0.0,0.0,1.0,0.0,0.0,255,250,0.98,0.01,0.0,0.0,0.0,0.0,0.02,0.02,guess_passwd,1,0,NORMAL,0,0
0,tcp,telnet,S3,0,44,0,0,0,0,0,0,0,0,0,0,0,0,0,0,0,0,1,1,1.0,1.0,0.0,0.0,1.0,0.0,0.0,255,122,0.48,0.02,0.0,0.0,0.53,0.39,0.01,0.01,processtable,1,0,NORMAL,0,0
0,tcp,http,REJ,0,0,0,0,0,0,0,0,0,0,0,0,0,0,0,0,0,0,1,29,0.0,0.03,1.0,0.03,1.0,0.0,0.14,255,16,0.06,0.94,0.0,0.0,0.15,0.0,0.84,1.0,normal,0,1,ATTACK,1,0
0,udp,private,SF,105,147,0,0,0,0,0,0,0,0,0,0,0,0,0,0,0,0,1,1,0.0,0.0,0.0,0.0,1.0,0.0,0.0,255,251,0.98,0.01,0.01,0.0,0.0,0.0,0.0,0.0,snmpgetattack,1,0,NORMAL,0,0
6,tcp,pop_3,SF,28,93,0,0,0,0,0,1,0,0,0,0,0,0,0,0,0,0,1,1,0.0,0.0,0.0,0.0,1.0,0.0,0.0,255,158,0.62,0.02,0.0,0.0,0.0,0.0,0.13,0.0,guess_passwd,1,0,NORMAL,0,0
0,tcp,ftp_data,SF,12,0,0,0,0,0,0,0,0,0,0,0,0,0,0,0,0,0,1,1,0.0,0.0,0.0,0.0,1.0,0.0,0.0,4,7,0.75,0.5,0.75,0.29,0.0,0.0,0.0,0.0,warezmaster,1,0,NORMAL,0,0
0,udp,private,SF,52,0,0,0,0,0,0,0,0,0,0,0,0,0,0,0,0,0,3,3,0.0,0.0,0.0,0.0,1.0,0.0,0.0,255,254,1.0,0.01,0.01,0.0,0.0,0.0,0.0,0.0,snmpguess,1,0,NORMAL,0,0
4,tcp,pop_3,SF,32,93,0,0,0,0,0,1,0,0,0,0,0,0,0,0,0,0,1,1,0.0,0.0,0.0,0.0,1.0,0.0,0.0,117,102,0.86,0.03,0.01,0.02,0.0,0.0,0.09,0.0,guess_passwd,1,0,NORMAL,0,0
4,tcp,pop_3,SF,30,93,0,0,0,0,0,1,0,0,0,0,0,0,0,0,0,0,1,1,0.0,0.0,0.0,0.0,1.0,0.0,0.0,255,217,0.85,0.04,0.0,0.0,0.0,0.0,0.0,0.0,guess_passwd,1,0,NORMAL,0,0
282,tcp,ftp,SF,159,597,0,0,0,2,0,1,0,0,0,0,0,0,0,0,0,1,1,1,0.0,0.0,0.0,0.0,1.0,0.0,0.0,255,25,0.1,0.02,0.0,0.0,0.0,0.0,0.35,0.0,warezmaster,1,0,NORMAL,0,0
1,tcp,telnet,RSTO,0,15,0,0,0,0,0,0,0,0,0,0,0,0,0,0,0,0,1,3,0.0,0.0,1.0,0.67,1.0,0.0,0.67,152,88,0.31,0.03,0.01,0.02,0.01,0.0,0.9,0.66,mscan,1,0,NORMAL,0,0
7485,tcp,telnet,SF,0,44,0,0,0,0,0,0,0,0,0,0,0,0,0,0,0,0,1,1,0.0,0.0,0.0,0.0,1.0,0.0,0.0,255,204,0.8,0.03,0.0,0.0,0.33,0.42,0.12,0.07,processtable,1,0,NORMAL,0,0
0,tcp,telnet,S3,0,44,0,0,0,0,0,0,0,0,0,0,0,0,0,0,0,0,1,1,1.0,1.0,0.0,0.0,1.0,0.0,0.0,255,110,0.43,0.03,0.0,0.0,0.13,0.31,0.11,0.12,processtable,1,0,NORMAL,0,0
0,tcp,sunrpc,REJ,0,0,0,0,0,0,0,0,0,0,0,0,0,0,0,0,0,0,1,8,0.0,0.0,1.0,1.0,1.0,0.0,1.0,221,9,0.03,0.03,0.0,0.22,0.0,0.0,0.16,1.0,mscan,1,0,NORMAL,0,0
0,tcp,ftp,SF,26,157,0,0,0,0,1,0,0,0,0,0,0,0,0,0,0,1,1,1,0.0,0.0,0.0,0.0,1.0,0.0,0.0,156,72,0.46,0.03,0.01,0.0,0.0,0.0,0.0,0.0,guess_passwd,1,0,NORMAL,0,0
0,tcp,other,REJ,0,0,0,0,0,0,0,0,0,0,0,0,0,0,0,0,0,0,1,1,0.0,0.0,1.0,1.0,1.0,0.0,0.0,255,25,0.1,0.02,0.0,0.0,0.0,0.0,0.09,0.8,httptunnel,1,0,NORMAL,0,0
282,tcp,ftp,SF,158,595,0,0,0,2,0,1,0,0,0,0,0,0,0,0,0,1,1,1,0.0,0.0,0.0,0.0,1.0,0.0,0.0,255,30,0.12,0.02,0.0,0.0,0.0,0.0,0.39,0.0,warezmaster,1,0,NORMAL,0,0
69,tcp,telnet,SF,2458,223095,0,0,0,6,0,1,36,1,0,31,0,0,0,0,0,0,1,1,0.0,0.0,0.0,0.0,1.0,0.0,0.0,120,28,0.23,0.03,0.01,0.0,0.0,0.0,0.0,0.0,buffer_overflow,1,0,NORMAL,0,0
5,tcp,pop_3,SF,32,93,0,0,0,0,0,1,0,0,0,0,0,0,0,0,0,0,1,1,0.0,0.0,0.0,0.0,1.0,0.0,0.0,1,4,1.0,0.0,1.0,0.75,0.0,0.0,0.0,0.0,guess_passwd,1,0,NORMAL,0,0
4,tcp,pop_3,SF,26,93,0,0,0,0,0,1,0,0,0,0,0,0,0,0,0,0,1,1,0.0,0.0,0.0,0.0,1.0,0.0,0.0,245,226,0.92,0.01,0.0,0.0,0.0,0.0,0.04,0.0,guess_passwd,1,0,NORMAL,0,0
5,tcp,pop_3,SF,32,93,0,0,0,0,0,1,0,0,0,0,0,0,0,0,0,0,1,1,0.0,0.0,0.0,0.0,1.0,0.0,0.0,121,106,0.87,0.02,0.01,0.02,0.0,0.0,0.08,0.0,guess_passwd,1,0,NORMAL,0,0
0,tcp,ftp_data,SF,283618,0,0,0,0,0,0,0,0,0,0,0,0,0,0,0,0,0,1,1,0.0,0.0,0.0,0.0,1.0,0.0,0.0,20,33,0.5,0.15,0.5,0.06,0.0,0.0,0.05,0.0,rootkit,1,0,NORMAL,0,0
0,tcp,other,REJ,0,0,0,0,0,0,0,0,0,0,0,0,0,0,0,0,0,0,1,1,0.0,0.0,1.0,1.0,1.0,0.0,0.0,255,10,0.04,0.01,0.0,0.0,0.0,0.0,0.04,1.0,httptunnel,1,0,NORMAL,0,0
0,udp,private,SF,47,0,0,0,0,0,0,0,0,0,0,0,0,0,0,0,0,0,4,4,0.0,0.0,0.0,0.0,1.0,0.0,0.0,255,255,1.0,0.0,0.01,0.0,0.0,0.0,0.0,0.0,snmpguess,1,0,NORMAL,0,0
281,tcp,ftp,SF,160,599,0,0,0,2,0,1,0,0,0,0,0,0,0,0,0,1,1,1,0.0,0.0,0.0,0.0,1.0,0.0,0.0,28,23,0.82,0.11,0.04,0.0,0.0,0.0,0.0,0.0,warezmaster,1,0,NORMAL,0,0
2,tcp,telnet,SF,24,109,0,0,0,0,0,0,0,0,0,0,0,0,0,0,0,0,4,6,0.0,0.0,0.75,0.5,0.5,0.75,0.5,129,84,0.33,0.04,0.01,0.02,0.0,0.0,0.89,0.69,mscan,1,0,NORMAL,0,0
1,tcp,smtp,SF,2599,293,0,0,0,0,0,1,0,0,0,0,0,0,0,0,0,0,2,2,0.0,0.0,0.0,0.0,1.0,0.0,0.0,255,245,0.96,0.04,0.0,0.0,0.0,0.0,0.04,0.0,mailbomb,1,0,NORMAL,0,0
282,tcp,ftp,SF,156,593,0,0,0,2,0,1,0,0,0,0,0,0,0,0,0,1,1,1,0.0,0.0,0.0,0.0,1.0,0.0,0.0,84,46,0.55,0.05,0.01,0.0,0.0,0.0,0.0,0.0,warezmaster,1,0,NORMAL,0,0
0,udp,private,SF,28,0,0,3,0,0,0,0,0,0,0,0,0,0,0,0,0,0,30,30,0.0,0.0,0.0,0.0,1.0,0.0,0.0,255,30,0.12,0.02,0.12,0.0,0.0,0.0,0.0,0.0,normal,0,1,ATTACK,1,0
5,tcp,pop_3,SF,31,93,0,0,0,0,0,1,0,0,0,0,0,0,0,0,0,0,1,1,0.0,0.0,0.0,0.0,1.0,0.0,0.0,255,231,0.91,0.02,0.0,0.0,0.0,0.0,0.06,0.0,guess_passwd,1,0,NORMAL,0,0
0,tcp,telnet,SF,123,174,0,0,0,0,1,0,0,0,0,0,0,0,0,0,0,0,1,1,0.0,0.0,0.0,0.0,1.0,0.0,0.0,255,156,0.61,0.02,0.0,0.0,0.0,0.0,0.02,0.03,guess_passwd,1,0,NORMAL,0,0
0,tcp,telnet,S3,0,44,0,0,0,0,0,0,0,0,0,0,0,0,0,0,0,0,1,1,1.0,1.0,0.0,0.0,1.0,0.0,0.0,255,69,0.27,0.65,0.0,0.0,0.17,0.64,0.64,0.0,processtable,1,0,NORMAL,0,0
0,udp,private,SF,46,0,0,0,0,0,0,0,0,0,0,0,0,0,0,0,0,0,4,4,0.0,0.0,0.0,0.0,1.0,0.0,0.0,255,255,1.0,0.0,0.0,0.0,0.0,0.0,0.0,0.0,snmpguess,1,0,NORMAL,0,0
284,tcp,ftp,SF,161,597,0,0,0,2,0,1,0,0,0,0,0,0,0,0,0,1,1,1,0.0,0.0,0.0,0.0,1.0,0.0,0.0,2,1,0.5,1.0,0.5,0.0,0.0,0.0,0.0,0.0,warezmaster,1,0,NORMAL,0,0
4,tcp,pop_3,SF,32,93,0,0,0,0,0,1,0,0,0,0,0,0,0,0,0,0,1,1,0.0,0.0,0.0,0.0,1.0,0.0,0.0,255,135,0.53,0.02,0.0,0.0,0.0,0.0,0.17,0.02,guess_passwd,1,0,NORMAL,0,0
0,tcp,other,SF,240,611,0,0,0,0,0,0,0,0,0,0,0,0,0,0,0,0,2,2,0.0,0.0,0.0,0.0,1.0,0.0,0.0,255,21,0.08,0.02,0.0,0.0,0.0,0.0,0.08,0.86,httptunnel,1,0,NORMAL,0,0
4,tcp,pop_3,SF,30,93,0,0,0,0,0,1,0,0,0,0,0,0,0,0,0,0,1,1,0.0,0.0,0.0,0.0,1.0,0.0,0.0,255,242,0.95,0.04,0.0,0.0,0.0,0.0,0.0,0.0,guess_passwd,1,0,NORMAL,0,0
0,tcp,telnet,RSTO,0,15,0,0,0,0,0,0,0,0,0,0,0,0,0,0,0,0,1,6,0.0,0.17,1.0,0.5,1.0,0.0,0.67,255,174,0.68,0.02,0.0,0.0,0.02,0.02,0.34,0.18,mscan,1,0,NORMAL,0,0
0,udp,private,SF,47,0,0,0,0,0,0,0,0,0,0,0,0,0,0,0,0,0,3,3,0.0,0.0,0.0,0.0,1.0,0.0,0.0,255,254,1.0,0.01,0.0,0.0,0.0,0.0,0.0,0.0,snmpguess,1,0,NORMAL,0,0
7578,tcp,telnet,RSTR,0,44,0,0,0,0,0,0,0,0,0,0,0,0,0,0,0,0,1,1,0.0,0.0,1.0,1.0,1.0,0.0,0.0,255,178,0.7,0.02,0.0,0.0,0.44,0.42,0.01,0.01,processtable,1,0,NORMAL,0,0
0,tcp,telnet,SF,124,174,0,0,0,0,1,0,0,0,0,0,0,0,0,0,0,0,1,1,0.0,0.0,0.0,0.0,1.0,0.0,0.0,255,142,0.56,0.02,0.0,0.0,0.0,0.0,0.02,0.03,guess_passwd,1,0,NORMAL,0,0
7470,tcp,telnet,SF,0,44,0,0,0,0,0,0,0,0,0,0,0,0,0,0,0,0,1,1,0.0,0.0,0.0,0.0,1.0,0.0,0.0,255,190,0.75,0.24,0.0,0.0,0.5,0.67,0.24,0.01,processtable,1,0,NORMAL,0,0
0,udp,private,SF,1,0,0,0,0,0,0,0,0,0,0,0,0,0,0,0,0,0,62,5,0.0,0.0,0.0,0.0,0.08,0.94,0.0,255,5,0.02,0.73,1.0,0.0,0.0,0.0,0.0,0.0,normal,0,1,ATTACK,1,0
3,tcp,telnet,SF,24,306,0,0,0,0,0,0,0,0,0,0,0,0,0,0,0,0,4,7,0.0,0.0,0.75,0.57,0.5,0.75,0.57,190,90,0.34,0.03,0.01,0.02,0.02,0.01,0.87,0.63,mscan,1,0,NORMAL,0,0
0,udp,private,SF,105,147,0,0,0,0,0,0,0,0,0,0,0,0,0,0,0,0,1,1,0.0,0.0,0.0,0.0,1.0,0.0,0.0,212,210,0.99,0.01,0.0,0.0,0.0,0.0,0.0,0.0,snmpgetattack,1,0,NORMAL,0,0
0,tcp,auth,REJ,0,0,0,0,0,0,0,0,0,0,0,0,0,0,0,0,0,0,1,1,0.0,0.0,1.0,1.0,1.0,0.0,0.0,255,1,0.0,1.0,0.0,0.0,0.0,0.0,0.99,1.0,normal,0,1,ATTACK,1,0
10,tcp,telnet,SF,119,2437,0,0,0,0,0,1,0,0,0,0,0,0,0,0,0,0,1,1,0.0,0.0,0.0,0.0,1.0,0.0,0.0,255,6,0.02,0.35,0.0,0.0,0.01,0.17,0.64,0.33,guess_passwd,1,0,NORMAL,0,0
0,tcp,telnet,REJ,0,0,0,0,0,0,0,0,0,0,0,0,0,0,0,0,0,0,1,14,0.0,0.14,1.0,0.71,1.0,0.0,0.86,55,84,0.33,0.09,0.02,0.02,0.0,0.0,0.89,0.71,mscan,1,0,NORMAL,0,0
0,tcp,telnet,SF,122,174,0,0,0,0,1,0,0,0,0,0,0,0,0,0,0,0,2,2,0.0,0.0,0.0,0.0,1.0,0.0,0.0,255,255,1.0,0.0,0.0,0.0,0.0,0.0,0.02,0.02,guess_passwd,1,0,NORMAL,0,0
287,tcp,ftp,SF,159,597,0,0,0,2,0,1,0,0,0,0,0,0,0,0,0,1,1,1,0.0,0.0,0.0,0.0,1.0,0.0,0.0,255,54,0.21,0.02,0.0,0.0,0.0,0.0,0.59,0.0,warezmaster,1,0,NORMAL,0,0
0,udp,private,SF,105,146,0,0,0,0,0,0,0,0,0,0,0,0,0,0,0,0,2,2,0.0,0.0,0.0,0.0,1.0,0.0,0.0,255,254,1.0,0.01,0.01,0.0,0.0,0.0,0.0,0.0,snmpgetattack,1,0,NORMAL,0,0
7224,tcp,telnet,SF,0,44,0,0,0,0,0,0,0,0,0,0,0,0,0,0,0,0,1,1,0.0,0.0,0.0,0.0,1.0,0.0,0.0,255,252,0.99,0.01,0.0,0.0,0.27,0.27,0.01,0.0,processtable,1,0,NORMAL,0,0
3,tcp,pop_3,SF,28,93,0,0,0,0,0,1,0,0,0,0,0,0,0,0,0,0,1,1,0.0,0.0,0.0,0.0,1.0,0.0,0.0,255,218,0.85,0.04,0.0,0.0,0.0,0.0,0.0,0.0,guess_passwd,1,0,NORMAL,0,0
0,tcp,other,REJ,0,0,0,0,0,0,0,0,0,0,0,0,0,0,0,0,0,0,1,1,0.0,0.0,1.0,1.0,1.0,0.0,0.0,83,6,0.07,0.04,0.01,0.0,0.0,0.0,0.07,1.0,httptunnel,1,0,NORMAL,0,0
0,tcp,ftp,SF,26,157,0,0,0,0,1,0,0,0,0,0,0,0,0,0,0,1,1,1,0.0,0.0,0.0,0.0,1.0,0.0,0.0,171,81,0.47,0.03,0.01,0.0,0.0,0.0,0.0,0.0,guess_passwd,1,0,NORMAL,0,0
4,tcp,pop_3,SF,26,93,0,0,0,0,0,1,0,0,0,0,0,0,0,0,0,0,1,1,0.0,0.0,0.0,0.0,1.0,0.0,0.0,255,248,0.97,0.01,0.0,0.0,0.0,0.0,0.0,0.0,guess_passwd,1,0,NORMAL,0,0
0,icmp,eco_i,SF,40008,0,0,0,0,0,0,0,0,0,0,0,0,0,0,0,0,0,3,3,0.0,0.0,0.0,0.0,1.0,0.0,0.0,138,145,0.2,0.04,0.2,0.41,0.0,0.0,0.02,0.0,normal,0,1,ATTACK,1,0
0,udp,private,SF,49,0,0,0,0,0,0,0,0,0,0,0,0,0,0,0,0,0,4,4,0.0,0.0,0.0,0.0,1.0,0.0,0.0,255,255,1.0,0.0,0.02,0.0,0.0,0.0,0.0,0.0,snmpguess,1,0,NORMAL,0,0
282,tcp,ftp,SF,158,597,0,0,0,2,0,1,0,0,0,0,0,0,0,0,0,1,1,1,0.0,0.0,0.0,0.0,1.0,0.0,0.0,255,13,0.05,0.8,0.0,0.0,0.0,0.0,0.78,0.0,warezmaster,1,0,NORMAL,0,0
0,udp,private,SF,44,0,0,0,0,0,0,0,0,0,0,0,0,0,0,0,0,0,4,4,0.0,0.0,0.0,0.0,1.0,0.0,0.0,255,253,0.99,0.01,0.0,0.0,0.0,0.0,0.0,0.0,snmpguess,1,0,NORMAL,0,0
0,tcp,ftp_data,SF,12,0,0,0,0,0,0,0,0,0,0,0,0,0,0,0,0,0,3,2,0.0,0.0,0.0,0.0,0.67,0.67,0.0,255,20,0.08,0.02,0.08,0.0,0.0,0.0,0.13,0.0,warezmaster,1,0,NORMAL,0,0
0,tcp,ftp_data,SF,3346,0,0,0,0,0,0,0,0,0,0,0,0,0,0,0,0,0,1,1,0.0,0.0,0.0,0.0,1.0,0.0,0.0,255,49,0.19,0.03,0.19,0.0,0.32,0.0,0.02,0.0,rootkit,1,0,NORMAL,0,0
5,tcp,pop_3,SF,30,93,0,0,0,0,0,1,0,0,0,0,0,0,0,0,0,0,1,1,0.0,0.0,0.0,0.0,1.0,0.0,0.0,255,248,0.97,0.02,0.0,0.0,0.0,0.0,0.0,0.0,guess_passwd,1,0,NORMAL,0,0
0,tcp,ftp_data,SF,12,0,0,0,0,0,0,0,0,0,0,0,0,0,0,0,0,0,1,1,0.0,0.0,0.0,0.0,1.0,0.0,0.0,3,19,1.0,0.0,1.0,0.21,0.0,0.0,0.0,0.0,warezmaster,1,0,NORMAL,0,0
282,tcp,ftp,SF,160,597,0,0,0,2,0,1,0,0,0,0,0,0,0,0,0,1,1,1,0.0,0.0,0.0,0.0,1.0,0.0,0.0,255,51,0.2,0.02,0.0,0.0,0.0,0.0,0.57,0.0,warezmaster,1,0,NORMAL,0,0
1,tcp,smtp,SF,2599,293,0,0,0,0,0,1,0,0,0,0,0,0,0,0,0,0,3,3,0.0,0.0,0.0,0.0,1.0,0.0,0.0,255,184,0.72,0.13,0.0,0.0,0.0,0.0,0.27,0.0,mailbomb,1,0,NORMAL,0,0
0,tcp,telnet,SF,124,174,0,0,0,0,1,0,0,0,0,0,0,0,0,0,0,0,2,2,0.0,0.0,0.0,0.0,1.0,0.0,0.0,255,27,0.11,0.02,0.0,0.0,0.0,0.0,0.0,0.04,guess_passwd,1,0,NORMAL,0,0
282,tcp,ftp,SF,158,597,0,0,0,2,0,1,0,0,0,0,0,0,0,0,0,1,1,1,0.0,0.0,0.0,0.0,1.0,0.0,0.0,173,58,0.34,0.04,0.01,0.0,0.0,0.0,0.0,0.0,warezmaster,1,0,NORMAL,0,0
5,tcp,pop_3,SF,32,93,0,0,0,0,0,1,0,0,0,0,0,0,0,0,0,0,1,1,0.0,0.0,0.0,0.0,1.0,0.0,0.0,119,104,0.87,0.03,0.01,0.02,0.0,0.0,0.08,0.0,guess_passwd,1,0,NORMAL,0,0
0,udp,private,SF,1,0,0,0,0,0,0,0,0,0,0,0,0,0,0,0,0,0,32,4,0.0,0.0,0.0,0.0,0.12,0.91,0.0,255,4,0.02,0.96,0.16,0.0,0.11,0.0,0.73,0.0,normal,0,1,ATTACK,1,0
3,tcp,pop_3,SF,32,93,0,0,0,0,0,1,0,0,0,0,0,0,0,0,0,0,1,1,0.0,0.0,0.0,0.0,1.0,0.0,0.0,7,10,1.0,0.0,0.14,0.3,0.0,0.0,0.0,0.0,guess_passwd,1,0,NORMAL,0,0
0,tcp,pop_3,RSTO,0,36,0,0,0,0,0,1,0,0,0,0,0,0,0,0,0,0,2,3,0.0,0.0,0.5,1.0,0.5,1.0,1.0,174,60,0.24,0.03,0.01,0.03,0.0,0.0,0.88,0.98,mscan,1,0,NORMAL,0,0
284,tcp,ftp,SF,162,597,0,0,0,2,0,1,0,0,0,0,0,0,0,0,0,1,1,1,0.0,0.0,0.0,0.0,1.0,0.0,0.0,255,93,0.36,0.03,0.0,0.0,0.02,0.0,0.01,0.0,warezmaster,1,0,NORMAL,0,0
7249,tcp,telnet,SF,0,44,0,0,0,0,0,0,0,0,0,0,0,0,0,0,0,0,1,1,0.0,0.0,0.0,0.0,1.0,0.0,0.0,255,247,0.97,0.02,0.0,0.0,0.27,0.28,0.01,0.0,processtable,1,0,NORMAL,0,0
8039,tcp,telnet,SF,0,44,0,0,0,0,0,0,0,0,0,0,0,0,0,0,0,0,1,1,0.0,0.0,0.0,0.0,1.0,0.0,0.0,255,95,0.37,0.02,0.0,0.0,0.62,0.45,0.01,0.01,processtable,1,0,NORMAL,0,0
0,udp,private,SF,103,143,0,0,0,0,0,0,0,0,0,0,0,0,0,0,0,0,2,2,0.0,0.0,0.0,0.0,1.0,0.0,0.0,255,254,1.0,0.01,0.0,0.0,0.0,0.0,0.0,0.0,snmpgetattack,1,0,NORMAL,0,0
0,tcp,telnet,S1,0,0,0,0,0,0,0,0,0,0,0,0,0,0,0,0,0,0,4,11,0.25,0.18,0.75,0.55,0.5,0.75,0.55,74,90,0.35,0.07,0.01,0.02,0.04,0.03,0.86,0.64,mscan,1,0,NORMAL,0,0
0,tcp,telnet,S3,0,44,0,0,0,0,0,0,0,0,0,0,0,0,0,0,0,0,1,1,1.0,1.0,0.0,0.0,1.0,0.0,0.0,255,141,0.55,0.02,0.0,0.0,0.53,0.48,0.01,0.01,processtable,1,0,NORMAL,0,0
0,tcp,ftp_data,SF,12,0,0,0,0,0,0,0,0,0,0,0,0,0,0,0,0,0,1,1,0.0,0.0,0.0,0.0,1.0,0.0,0.0,6,9,0.83,0.33,0.83,0.22,0.0,0.0,0.0,0.0,warezmaster,1,0,NORMAL,0,0
0,tcp,http,S0,0,0,0,0,0,0,0,0,0,0,0,0,0,0,0,0,0,0,13,13,1.0,1.0,0.0,0.0,1.0,0.0,0.0,255,245,0.96,0.01,0.0,0.0,0.15,0.15,0.56,0.59,apache2,1,0,NORMAL,0,0
0,tcp,other,REJ,0,0,0,0,0,0,0,0,0,0,0,0,0,0,0,0,0,0,1,1,0.0,0.0,1.0,1.0,1.0,0.0,0.0,125,22,0.18,0.06,0.01,0.0,0.0,0.0,0.13,0.73,httptunnel,1,0,NORMAL,0,0
1,tcp,smtp,SF,2599,293,0,0,0,0,0,1,0,0,0,0,0,0,0,0,0,0,4,3,0.0,0.0,0.25,0.0,0.75,0.5,0.0,255,242,0.95,0.05,0.0,0.0,0.0,0.0,0.05,0.0,mailbomb,1,0,NORMAL,0,0
0,tcp,http,S0,0,0,0,0,0,0,0,0,0,0,0,0,0,0,0,0,0,0,35,35,0.06,0.06,0.94,0.94,1.0,0.0,0.0,255,255,1.0,0.0,0.0,0.0,0.01,0.01,0.58,0.58,apache2,1,0,NORMAL,0,0
0,tcp,telnet,SF,126,174,0,0,0,0,1,0,0,0,0,0,0,0,0,0,0,0,2,2,0.0,0.0,0.0,0.0,1.0,0.0,0.0,255,124,0.49,0.02,0.0,0.0,0.0,0.0,0.01,0.02,guess_passwd,1,0,NORMAL,0,0
3,tcp,ftp,SF,12,95,0,0,0,0,0,0,0,0,0,0,0,0,0,0,0,1,1,1,0.0,0.0,0.0,0.0,1.0,0.0,0.0,255,3,0.01,0.02,0.0,0.0,0.0,0.0,0.0,0.33,multihop,1,0,NORMAL,0,0
0,tcp,telnet,SF,124,174,0,0,0,0,1,0,0,0,0,0,0,0,0,0,0,0,1,1,0.0,0.0,0.0,0.0,1.0,0.0,0.0,255,255,1.0,0.0,0.0,0.0,0.0,0.0,0.02,0.02,guess_passwd,1,0,NORMAL,0,0
7440,tcp,telnet,SF,0,44,0,0,0,0,0,0,0,0,0,0,0,0,0,0,0,0,1,1,0.0,0.0,0.0,0.0,1.0,0.0,0.0,255,214,0.84,0.03,0.0,0.0,0.33,0.4,0.12,0.07,processtable,1,0,NORMAL,0,0
4,tcp,pop_3,SF,28,93,0,0,0,0,0,1,0,0,0,0,0,0,0,0,0,0,1,1,0.0,0.0,0.0,0.0,1.0,0.0,0.0,255,251,0.98,0.01,0.0,0.0,0.0,0.0,0.01,0.0,guess_passwd,1,0,NORMAL,0,0
4,tcp,pop_3,SF,30,93,0,0,0,0,0,1,0,0,0,0,0,0,0,0,0,0,2,1,0.0,0.0,0.0,0.0,0.5,1.0,0.0,255,210,0.82,0.02,0.0,0.0,0.0,0.0,0.04,0.0,guess_passwd,1,0,NORMAL,0,0
10,tcp,telnet,SF,119,2425,0,0,0,0,0,1,0,0,0,0,0,0,0,0,0,0,1,1,0.0,0.0,0.0,0.0,1.0,0.0,0.0,255,8,0.03,0.25,0.0,0.0,0.01,0.12,0.49,0.38,guess_passwd,1,0,NORMAL,0,0
0,tcp,ftp,SF,26,157,0,0,0,0,1,0,0,0,0,0,0,0,0,0,0,1,1,1,0.0,0.0,0.0,0.0,1.0,0.0,0.0,236,119,0.5,0.03,0.0,0.0,0.0,0.0,0.0,0.0,guess_passwd,1,0,NORMAL,0,0
0,tcp,imap4,RSTO,0,44,0,0,0,0,0,0,0,0,0,0,0,0,0,0,0,0,1,1,0.0,0.0,1.0,1.0,1.0,0.0,0.0,215,60,0.24,0.02,0.0,0.03,0.04,0.0,0.88,0.87,mscan,1,0,NORMAL,0,0
1,tcp,smtp,SF,2599,293,0,0,0,0,0,1,0,0,0,0,0,0,0,0,0,0,3,3,0.0,0.0,0.0,0.0,1.0,0.0,0.0,255,56,0.22,0.16,0.0,0.0,0.0,0.0,0.76,0.0,mailbomb,1,0,NORMAL,0,0
0,udp,private,SF,105,147,0,0,0,0,0,0,0,0,0,0,0,0,0,0,0,0,1,1,0.0,0.0,0.0,0.0,1.0,0.0,0.0,108,107,0.99,0.02,0.01,0.0,0.0,0.0,0.0,0.0,snmpgetattack,1,0,NORMAL,0,0
0,udp,private,SF,47,0,0,0,0,0,0,0,0,0,0,0,0,0,0,0,0,0,3,3,0.0,0.0,0.0,0.0,1.0,0.0,0.0,255,255,1.0,0.0,0.0,0.0,0.0,0.0,0.0,0.0,snmpguess,1,0,NORMAL,0,0
280,tcp,ftp_data,SF,283618,0,0,0,0,0,0,0,0,0,0,0,0,0,0,0,0,0,3,2,0.0,0.0,0.0,0.0,0.67,0.67,0.0,255,34,0.13,0.04,0.13,0.0,0.0,0.0,0.0,0.0,warezmaster,1,0,NORMAL,0,0
4,tcp,pop_3,SF,32,93,0,0,0,0,0,1,0,0,0,0,0,0,0,0,0,0,1,1,0.0,0.0,0.0,0.0,1.0,0.0,0.0,111,96,0.86,0.03,0.01,0.02,0.0,0.0,0.09,0.0,guess_passwd,1,0,NORMAL,0,0
282,tcp,ftp,SF,162,599,0,0,0,2,0,1,0,0,0,0,0,0,0,0,0,1,1,1,0.0,0.0,0.0,0.0,1.0,0.0,0.0,255,105,0.41,0.03,0.0,0.0,0.0,0.0,0.0,0.0,warezmaster,1,0,NORMAL,0,0
4,tcp,pop_3,SF,26,93,0,0,0,0,0,1,0,0,0,0,0,0,0,0,0,0,1,1,0.0,0.0,0.0,0.0,1.0,0.0,0.0,157,139,0.88,0.02,0.01,0.01,0.0,0.0,0.06,0.0,guess_passwd,1,0,NORMAL,0,0
0,tcp,telnet,SF,0,0,0,0,0,0,0,0,0,0,0,0,0,0,0,0,0,0,1,2,0.0,0.5,0.0,0.0,1.0,0.0,1.0,153,77,0.5,0.02,0.01,0.0,0.0,0.0,0.63,0.26,mscan,1,0,NORMAL,0,0
0,udp,private,SF,48,0,0,0,0,0,0,0,0,0,0,0,0,0,0,0,0,0,4,4,0.0,0.0,0.0,0.0,1.0,0.0,0.0,255,254,1.0,0.01,0.0,0.0,0.0,0.0,0.0,0.0,snmpguess,1,0,NORMAL,0,0
5,tcp,pop_3,SF,28,93,0,0,0,0,0,1,0,0,0,0,0,0,0,0,0,0,1,1,0.0,0.0,0.0,0.0,1.0,0.0,0.0,138,121,0.87,0.02,0.01,0.02,0.0,0.0,0.07,0.0,guess_passwd,1,0,NORMAL,0,0
0,tcp,ftp_data,SF,12,0,0,0,0,0,0,0,0,0,0,0,0,0,0,0,0,0,2,2,0.0,0.0,0.0,0.0,1.0,0.0,0.0,4,26,1.0,0.0,1.0,0.15,0.0,0.0,0.0,0.0,warezmaster,1,0,NORMAL,0,0
7633,tcp,telnet,SF,0,44,0,0,0,0,0,0,0,0,0,0,0,0,0,0,0,0,1,1,0.0,0.0,0.0,0.0,1.0,0.0,0.0,255,170,0.67,0.02,0.0,0.0,0.48,0.46,0.01,0.01,processtable,1,0,NORMAL,0,0
282,tcp,ftp,SF,162,597,0,0,0,2,0,1,0,0,0,0,0,0,0,0,0,1,1,1,0.0,0.0,0.0,0.0,1.0,0.0,0.0,255,69,0.27,0.03,0.0,0.0,0.06,0.0,0.02,0.0,warezmaster,1,0,NORMAL,0,0
4,tcp,pop_3,SF,28,93,0,0,0,0,0,1,0,0,0,0,0,0,0,0,0,0,1,1,0.0,0.0,0.0,0.0,1.0,0.0,0.0,104,89,0.85,0.03,0.01,0.02,0.0,0.0,0.1,0.0,guess_passwd,1,0,NORMAL,0,0
0,icmp,eco_i,SF,40008,0,0,0,0,0,0,0,0,0,0,0,0,0,0,0,0,0,3,3,0.0,0.0,0.0,0.0,1.0,0.0,0.0,121,145,0.09,0.04,0.09,0.47,0.0,0.0,0.02,0.0,normal,0,1,ATTACK,1,0
0,udp,private,SF,50,0,0,0,0,0,0,0,0,0,0,0,0,0,0,0,0,0,4,4,0.0,0.0,0.0,0.0,1.0,0.0,0.0,255,254,1.0,0.01,0.0,0.0,0.0,0.0,0.0,0.0,snmpguess,1,0,NORMAL,0,0
0,udp,private,SF,45,0,0,0,0,0,0,0,0,0,0,0,0,0,0,0,0,0,3,3,0.0,0.0,0.0,0.0,1.0,0.0,0.0,255,253,0.99,0.01,0.0,0.0,0.0,0.0,0.0,0.0,snmpguess,1,0,NORMAL,0,0
1,tcp,smtp,SF,2599,293,0,0,0,0,0,1,0,0,0,0,0,0,0,0,0,0,2,2,0.0,0.0,0.0,0.0,1.0,0.0,0.0,255,222,0.87,0.13,0.0,0.0,0.0,0.0,0.12,0.0,mailbomb,1,0,NORMAL,0,0
5,tcp,pop_3,SF,30,93,0,0,0,0,0,1,0,0,0,0,0,0,0,0,0,0,1,1,0.0,0.0,0.0,0.0,1.0,0.0,0.0,255,210,0.82,0.02,0.0,0.0,0.0,0.0,0.04,0.0,guess_passwd,1,0,NORMAL,0,0
282,tcp,ftp,SF,160,597,0,0,0,2,0,1,0,0,0,0,0,0,0,0,0,1,1,1,0.0,0.0,0.0,0.0,1.0,0.0,0.0,5,5,1.0,0.0,0.2,0.0,0.0,0.0,0.0,0.0,warezmaster,1,0,NORMAL,0,0
4,tcp,pop_3,SF,28,93,0,0,0,0,0,1,0,0,0,0,0,0,0,0,0,0,1,1,0.0,0.0,0.0,0.0,1.0,0.0,0.0,41,41,0.98,0.05,0.02,0.05,0.0,0.0,0.0,0.0,guess_passwd,1,0,NORMAL,0,0
0,tcp,telnet,SF,124,174,0,0,0,0,1,0,0,0,0,0,0,0,0,0,0,0,1,1,0.0,0.0,0.0,0.0,1.0,0.0,0.0,255,163,0.64,0.02,0.0,0.0,0.0,0.0,0.02,0.02,guess_passwd,1,0,NORMAL,0,0
0,tcp,telnet,SF,126,174,0,0,0,0,1,0,0,0,0,0,0,0,0,0,0,0,1,1,0.0,0.0,0.0,0.0,1.0,0.0,0.0,255,252,0.99,0.01,0.0,0.0,0.0,0.0,0.02,0.02,guess_passwd,1,0,NORMAL,0,0
0,tcp,http,S0,0,0,0,0,0,0,0,0,0,0,0,0,0,0,0,0,0,0,53,53,0.04,0.04,0.96,0.96,1.0,0.0,0.0,255,253,0.99,0.01,0.0,0.0,0.01,0.01,0.27,0.28,apache2,1,0,NORMAL,0,0
0,tcp,ftp_data,SF,12,0,0,0,0,0,0,0,0,0,0,0,0,0,0,0,0,0,1,1,0.0,0.0,0.0,0.0,1.0,0.0,0.0,3,3,1.0,0.0,1.0,0.0,0.0,0.0,0.0,0.0,warezmaster,1,0,NORMAL,0,0
8064,tcp,telnet,SF,0,15,0,0,0,0,0,0,0,0,0,0,0,0,0,0,0,0,1,1,0.0,0.0,0.0,0.0,1.0,0.0,0.0,255,90,0.35,0.02,0.0,0.0,0.64,0.49,0.01,0.01,processtable,1,0,NORMAL,0,0
1,tcp,smtp,SF,2599,293,0,0,0,0,0,1,0,0,0,0,0,0,0,0,0,0,4,3,0.0,0.0,0.25,0.0,0.75,0.5,0.0,255,28,0.11,0.16,0.0,0.0,0.0,0.0,0.87,0.0,mailbomb,1,0,NORMAL,0,0
0,udp,private,SF,46,0,0,0,0,0,0,0,0,0,0,0,0,0,0,0,0,0,4,4,0.0,0.0,0.0,0.0,1.0,0.0,0.0,255,253,0.99,0.01,0.0,0.0,0.0,0.0,0.0,0.0,snmpguess,1,0,NORMAL,0,0
1,tcp,smtp,SF,2599,293,0,0,0,0,0,1,0,0,0,0,0,0,0,0,0,0,2,2,0.0,0.0,0.0,0.0,1.0,0.0,0.0,255,124,0.49,0.15,0.0,0.0,0.0,0.0,0.5,0.0,mailbomb,1,0,NORMAL,0,0
0,tcp,ftp,SF,26,157,0,0,0,0,1,0,0,0,0,0,0,0,0,0,0,1,1,1,0.0,0.0,0.0,0.0,1.0,0.0,0.0,54,28,0.52,0.07,0.02,0.0,0.0,0.0,0.0,0.0,guess_passwd,1,0,NORMAL,0,0
4,tcp,pop_3,SF,26,93,0,0,0,0,0,1,0,0,0,0,0,0,0,0,0,0,1,1,0.0,0.0,0.0,0.0,1.0,0.0,0.0,249,230,0.92,0.01,0.0,0.0,0.0,0.0,0.04,0.0,guess_passwd,1,0,NORMAL,0,0
1,tcp,smtp,SF,2599,293,0,0,0,0,0,1,0,0,0,0,0,0,0,0,0,0,3,3,0.0,0.0,0.0,0.0,1.0,0.0,0.0,255,35,0.14,0.16,0.0,0.0,0.0,0.0,0.84,0.0,mailbomb,1,0,NORMAL,0,0
0,udp,private,SF,50,0,0,0,0,0,0,0,0,0,0,0,0,0,0,0,0,0,5,5,0.0,0.0,0.0,0.0,1.0,0.0,0.0,255,253,0.99,0.01,0.01,0.0,0.0,0.0,0.0,0.0,snmpguess,1,0,NORMAL,0,0
7366,tcp,telnet,SF,0,44,0,0,0,0,0,0,0,0,0,0,0,0,0,0,0,0,1,1,0.0,0.0,0.0,0.0,1.0,0.0,0.0,255,222,0.87,0.02,0.0,0.0,0.27,0.31,0.01,0.0,processtable,1,0,NORMAL,0,0
7336,tcp,telnet,SF,0,44,0,0,0,0,0,0,0,0,0,0,0,0,0,0,0,0,1,1,0.0,0.0,0.0,0.0,1.0,0.0,0.0,255,235,0.92,0.02,0.0,0.0,0.33,0.36,0.09,0.05,processtable,1,0,NORMAL,0,0
0,tcp,http,S0,0,0,0,0,0,0,0,0,0,0,0,0,0,0,0,0,0,0,50,50,0.1,0.1,0.9,0.9,1.0,0.0,0.0,255,254,1.0,0.01,0.0,0.0,0.03,0.03,0.73,0.73,apache2,1,0,NORMAL,0,0
0,udp,private,SF,105,147,0,0,0,0,0,0,0,0,0,0,0,0,0,0,0,0,1,1,0.0,0.0,0.0,0.0,1.0,0.0,0.0,110,110,1.0,0.0,0.01,0.0,0.0,0.0,0.0,0.0,snmpgetattack,1,0,NORMAL,0,0
0,tcp,ftp_data,SF,12,0,0,0,0,0,0,0,0,0,0,0,0,0,0,0,0,0,2,2,0.0,0.0,0.0,0.0,1.0,0.0,0.0,2,16,1.0,0.0,1.0,0.19,0.0,0.06,0.0,0.0,warezmaster,1,0,NORMAL,0,0
7645,tcp,telnet,SF,0,44,0,0,0,0,0,0,0,0,0,0,0,0,0,0,0,0,1,1,0.0,0.0,0.0,0.0,1.0,0.0,0.0,255,168,0.66,0.02,0.0,0.0,0.49,0.48,0.01,0.01,processtable,1,0,NORMAL,0,0
0,tcp,telnet,S3,0,44,0,0,0,0,0,0,0,0,0,0,0,0,0,0,0,0,1,1,1.0,1.0,0.0,0.0,1.0,0.0,0.0,255,135,0.53,0.02,0.0,0.0,0.53,0.45,0.01,0.01,processtable,1,0,NORMAL,0,0
0,udp,private,SF,28,0,0,3,0,0,0,0,0,0,0,0,0,0,0,0,0,0,70,70,0.0,0.0,0.0,0.0,1.0,0.0,0.0,255,70,0.27,0.02,0.27,0.0,0.0,0.0,0.0,0.0,normal,0,1,ATTACK,1,0
8015,tcp,telnet,SF,0,44,0,0,0,0,0,0,0,0,0,0,0,0,0,0,0,0,1,1,0.0,0.0,0.0,0.0,1.0,0.0,0.0,255,100,0.39,0.02,0.0,0.0,0.6,0.42,0.01,0.01,processtable,1,0,NORMAL,0,0
0,tcp,telnet,SF,121,174,0,0,0,0,1,0,0,0,0,0,0,0,0,0,0,0,1,1,0.0,0.0,0.0,0.0,1.0,0.0,0.0,255,190,0.75,0.02,0.0,0.0,0.0,0.0,0.02,0.03,guess_passwd,1,0,NORMAL,0,0
5,tcp,pop_3,SF,30,93,0,0,0,0,0,1,0,0,0,0,0,0,0,0,0,0,1,1,0.0,0.0,0.0,0.0,1.0,0.0,0.0,255,248,0.97,0.01,0.0,0.0,0.0,0.0,0.0,0.0,guess_passwd,1,0,NORMAL,0,0
0,tcp,telnet,REJ,0,0,0,0,0,0,0,0,0,0,0,0,0,0,0,0,0,0,1,9,0.0,0.0,1.0,0.89,1.0,0.0,0.89,117,84,0.32,0.04,0.01,0.02,0.0,0.0,0.91,0.71,mscan,1,0,NORMAL,0,0
1,tcp,telnet,RSTO,0,3,0,0,0,0,0,0,0,0,0,0,0,0,0,0,0,0,1,11,0.0,0.18,1.0,0.82,1.0,0.0,1.0,255,46,0.18,0.37,0.0,0.0,0.0,0.0,0.18,0.48,mscan,1,0,NORMAL,0,0
0,tcp,http,S0,0,0,0,0,0,0,0,0,0,0,0,0,0,0,0,0,0,0,40,40,0.62,0.62,0.35,0.35,1.0,0.0,0.0,255,255,1.0,0.0,0.0,0.0,0.13,0.13,0.7,0.7,apache2,1,0,NORMAL,0,0
1,tcp,telnet,RSTO,0,15,0,0,0,0,0,0,0,0,0,0,0,0,0,0,0,0,1,5,0.0,0.0,1.0,0.6,1.0,0.0,0.6,235,89,0.34,0.02,0.0,0.02,0.0,0.0,0.87,0.65,mscan,1,0,NORMAL,0,0
4,tcp,pop_3,SF,32,93,0,0,0,0,0,1,0,0,0,0,0,0,0,0,0,0,1,1,0.0,0.0,0.0,0.0,1.0,0.0,0.0,198,179,0.9,0.02,0.01,0.0,0.0,0.0,0.05,0.0,guess_passwd,1,0,NORMAL,0,0
0,tcp,sunrpc,REJ,0,0,0,0,0,0,0,0,0,0,0,0,0,0,0,0,0,0,1,4,0.0,0.0,1.0,1.0,1.0,0.0,1.0,35,52,0.17,0.14,0.03,0.04,0.0,0.0,0.86,1.0,mscan,1,0,NORMAL,0,0
0,udp,private,SF,45,45,0,0,0,0,0,0,0,0,0,0,0,0,0,0,0,0,1,1,0.0,0.0,0.0,0.0,1.0,0.0,0.0,255,254,1.0,0.01,0.01,0.0,0.0,0.0,0.0,0.0,snmpguess,1,0,NORMAL,0,0
3,tcp,remote_job,RSTR,0,0,0,0,0,0,0,0,0,0,0,0,0,0,0,0,0,0,123,2,0.0,0.0,1.0,1.0,0.02,0.54,0.0,130,2,0.02,0.52,0.95,0.0,0.0,0.0,0.95,1.0,normal,0,1,ATTACK,1,1
8044,tcp,telnet,SF,0,15,0,0,0,0,0,0,0,0,0,0,0,0,0,0,0,0,1,1,0.0,0.0,0.0,0.0,1.0,0.0,0.0,255,94,0.37,0.02,0.0,0.0,0.62,0.46,0.01,0.01,processtable,1,0,NORMAL,0,0
4,tcp,pop_3,SF,32,93,0,0,0,0,0,1,0,0,0,0,0,0,0,0,0,0,2,1,0.0,0.0,0.0,0.0,0.5,1.0,0.0,32,32,0.97,0.06,0.03,0.06,0.0,0.0,0.0,0.0,guess_passwd,1,0,NORMAL,0,0
283,tcp,ftp,SF,162,599,0,0,0,2,0,1,0,0,0,0,0,0,0,0,0,1,1,1,0.0,0.0,0.0,0.0,1.0,0.0,0.0,255,51,0.2,0.03,0.0,0.0,0.16,0.0,0.02,0.0,warezmaster,1,0,NORMAL,0,0
0,tcp,ftp_data,SF,12,0,0,0,0,0,0,0,0,0,0,0,0,0,0,0,0,0,2,2,0.0,0.0,0.0,0.0,1.0,0.0,0.0,2,10,1.0,0.0,1.0,0.2,0.0,0.0,0.0,0.0,warezmaster,1,0,NORMAL,0,0
0,udp,private,SF,105,146,0,0,0,0,0,0,0,0,0,0,0,0,0,0,0,0,3,1,0.0,0.0,0.0,0.0,0.33,0.67,0.0,255,254,1.0,0.01,0.0,0.0,0.0,0.0,0.0,0.0,snmpgetattack,1,0,NORMAL,0,0
0,udp,private,SF,1,0,0,0,0,0,0,0,0,0,0,0,0,0,0,0,0,0,134,9,0.0,0.0,0.0,0.0,0.07,0.63,0.0,255,9,0.04,0.56,0.89,0.0,0.0,0.0,0.11,0.0,normal,0,1,ATTACK,1,0
7312,tcp,telnet,SF,0,44,0,0,0,0,0,0,0,0,0,0,0,0,0,0,0,0,1,1,0.0,0.0,0.0,0.0,1.0,0.0,0.0,255,239,0.94,0.02,0.0,0.0,0.33,0.36,0.07,0.04,processtable,1,0,NORMAL,0,0
0,tcp,telnet,SF,121,174,0,0,0,0,1,0,0,0,0,0,0,0,0,0,0,0,1,1,0.0,0.0,0.0,0.0,1.0,0.0,0.0,255,28,0.11,0.02,0.0,0.0,0.0,0.0,0.0,0.04,guess_passwd,1,0,NORMAL,0,0
89,tcp,telnet,SF,3750,27510,0,0,2,3,0,1,23,1,0,0,0,0,0,0,0,0,1,1,0.0,0.0,0.0,0.0,1.0,0.0,0.0,4,90,0.5,0.5,0.25,0.03,0.0,0.01,0.0,0.62,xterm,1,0,NORMAL,0,0
0,tcp,http,S0,0,0,0,0,0,0,0,0,0,0,0,0,0,0,0,0,0,0,42,42,0.86,0.86,0.12,0.12,1.0,0.0,0.0,255,255,1.0,0.0,0.0,0.0,0.19,0.19,0.7,0.7,apache2,1,0,NORMAL,0,0
5,tcp,pop_3,SF,26,93,0,0,0,0,0,1,0,0,0,0,0,0,0,0,0,0,1,1,0.0,0.0,0.0,0.0,1.0,0.0,0.0,22,23,1.0,0.0,0.05,0.09,0.0,0.0,0.0,0.0,guess_passwd,1,0,NORMAL,0,0
4,tcp,pop_3,SF,32,93,0,0,0,0,0,1,0,0,0,0,0,0,0,0,0,0,1,1,0.0,0.0,0.0,0.0,1.0,0.0,0.0,232,213,0.92,0.01,0.0,0.0,0.0,0.0,0.04,0.0,guess_passwd,1,0,NORMAL,0,0
0,udp,private,SF,105,146,0,0,0,0,0,0,0,0,0,0,0,0,0,0,0,0,1,1,0.0,0.0,0.0,0.0,1.0,0.0,0.0,180,179,0.99,0.01,0.01,0.0,0.0,0.0,0.0,0.0,snmpgetattack,1,0,NORMAL,0,0
0,udp,private,SF,42,0,0,0,0,0,0,0,0,0,0,0,0,0,0,0,0,0,2,2,0.0,0.0,0.0,0.0,1.0,0.0,0.0,255,254,1.0,0.01,0.01,0.0,0.0,0.0,0.0,0.0,snmpguess,1,0,NORMAL,0,0
0,tcp,telnet,SF,0,15,0,0,0,0,0,0,0,0,0,0,0,0,0,0,0,0,3,2,0.0,0.0,0.33,0.0,0.67,0.67,0.0,193,90,0.36,0.03,0.01,0.02,0.0,0.0,0.87,0.66,mscan,1,0,NORMAL,0,0
4,tcp,pop_3,SF,32,93,0,0,0,0,0,1,0,0,0,0,0,0,0,0,0,0,1,1,0.0,0.0,0.0,0.0,1.0,0.0,0.0,234,215,0.92,0.01,0.0,0.0,0.0,0.0,0.04,0.0,guess_passwd,1,0,NORMAL,0,0
7464,tcp,telnet,SF,0,44,0,0,0,0,0,0,0,0,0,0,0,0,0,0,0,0,1,1,0.0,0.0,0.0,0.0,1.0,0.0,0.0,255,208,0.82,0.03,0.0,0.0,0.33,0.41,0.12,0.07,processtable,1,0,NORMAL,0,0
0,tcp,ftp_data,SF,12,0,0,0,0,0,0,0,0,0,0,0,0,0,0,0,0,0,1,1,0.0,0.0,0.0,0.0,1.0,0.0,0.0,9,25,1.0,0.0,1.0,0.08,0.0,0.0,0.0,0.0,warezmaster,1,0,NORMAL,0,0
0,tcp,telnet,S3,0,44,0,0,0,0,0,0,0,0,0,0,0,0,0,0,0,0,1,1,1.0,1.0,0.0,0.0,1.0,0.0,0.0,255,58,0.23,0.69,0.0,0.0,0.13,0.57,0.67,0.0,processtable,1,0,NORMAL,0,0
4,tcp,pop_3,SF,32,93,0,0,0,0,0,1,0,0,0,0,0,0,0,0,0,0,1,1,0.0,0.0,0.0,0.0,1.0,0.0,0.0,255,221,0.87,0.02,0.0,0.0,0.0,0.0,0.06,0.0,guess_passwd,1,0,NORMAL,0,0
5,tcp,pop_3,SF,28,93,0,0,0,0,0,1,0,0,0,0,0,0,0,0,0,0,1,1,0.0,0.0,0.0,0.0,1.0,0.0,0.0,255,226,0.89,0.02,0.0,0.0,0.0,0.0,0.08,0.0,guess_passwd,1,0,NORMAL,0,0
0,tcp,telnet,REJ,0,0,0,0,0,0,0,0,0,0,0,0,0,0,0,0,0,0,2,6,0.0,0.17,1.0,0.83,0.5,1.0,1.0,87,91,0.31,0.06,0.01,0.02,0.0,0.0,0.91,0.62,mscan,1,0,NORMAL,0,0
7470,tcp,telnet,SF,0,44,0,0,0,0,0,0,0,0,0,0,0,0,0,0,0,0,1,1,0.0,0.0,0.0,0.0,1.0,0.0,0.0,255,197,0.77,0.02,0.0,0.0,0.34,0.35,0.01,0.01,processtable,1,0,NORMAL,0,0
4,tcp,pop_3,SF,27,93,0,0,0,0,0,1,0,0,0,0,0,0,0,0,0,0,1,1,0.0,0.0,0.0,0.0,1.0,0.0,0.0,255,140,0.55,0.02,0.0,0.0,0.0,0.0,0.17,0.02,guess_passwd,1,0,NORMAL,0,0
0,udp,private,SF,43,0,0,0,0,0,0,0,0,0,0,0,0,0,0,0,0,0,5,5,0.0,0.0,0.0,0.0,1.0,0.0,0.0,255,253,0.99,0.01,0.0,0.0,0.0,0.0,0.0,0.0,snmpguess,1,0,NORMAL,0,0
0,tcp,telnet,S3,0,44,0,0,0,0,0,0,0,0,0,0,0,0,0,0,0,0,1,1,1.0,1.0,0.0,0.0,1.0,0.0,0.0,255,93,0.36,0.56,0.0,0.0,0.27,0.73,0.55,0.0,processtable,1,0,NORMAL,0,0
0,tcp,smtp,SF,4474,631,0,0,0,0,0,1,0,0,0,1,0,0,1,0,0,0,1,1,0.0,0.0,0.0,0.0,1.0,0.0,0.0,255,6,0.02,0.02,0.0,0.0,0.0,0.0,0.0,0.0,sendmail,1,0,NORMAL,0,0
0,udp,private,SF,42,0,0,0,0,0,0,0,0,0,0,0,0,0,0,0,0,0,5,5,0.0,0.0,0.0,0.0,1.0,0.0,0.0,255,253,0.99,0.01,0.0,0.0,0.0,0.0,0.0,0.0,snmpguess,1,0,NORMAL,0,0
282,tcp,ftp,SF,158,595,0,0,0,2,0,1,0,0,0,0,0,0,0,0,0,1,1,1,0.0,0.0,0.0,0.0,1.0,0.0,0.0,255,94,0.37,0.03,0.0,0.0,0.0,0.0,0.0,0.0,warezmaster,1,0,NORMAL,0,0
0,tcp,http,S0,0,0,0,0,0,0,0,0,0,0,0,0,0,0,0,0,0,0,10,10,1.0,1.0,0.0,0.0,1.0,0.0,0.0,255,245,0.96,0.01,0.0,0.0,0.12,0.13,0.56,0.59,apache2,1,0,NORMAL,0,0
0,udp,private,SF,105,147,0,0,0,0,0,0,0,0,0,0,0,0,0,0,0,0,1,1,0.0,0.0,0.0,0.0,1.0,0.0,0.0,93,92,0.99,0.02,0.01,0.0,0.0,0.0,0.0,0.0,snmpgetattack,1,0,NORMAL,0,0
282,tcp,ftp,SF,158,597,0,0,0,2,0,1,0,0,0,0,0,0,0,0,0,1,1,1,0.0,0.0,0.0,0.0,1.0,0.0,0.0,255,16,0.06,0.88,0.0,0.0,0.0,0.0,0.86,0.0,warezmaster,1,0,NORMAL,0,0
0,tcp,telnet,SF,120,174,0,0,0,0,1,0,0,0,0,0,0,0,0,0,0,0,2,2,0.0,0.0,0.0,0.0,1.0,0.0,0.0,255,248,0.97,0.01,0.0,0.0,0.0,0.0,0.02,0.02,guess_passwd,1,0,NORMAL,0,0
7967,tcp,telnet,SF,0,44,0,0,0,0,0,0,0,0,0,0,0,0,0,0,0,0,1,1,0.0,0.0,0.0,0.0,1.0,0.0,0.0,255,108,0.42,0.02,0.0,0.0,0.55,0.35,0.01,0.01,processtable,1,0,NORMAL,0,0
0,tcp,http,S0,0,0,0,0,0,0,0,0,0,0,0,0,0,0,0,0,0,0,63,63,1.0,1.0,0.0,0.0,1.0,0.0,0.0,255,255,1.0,0.0,0.0,0.0,0.32,0.32,0.67,0.67,apache2,1,0,NORMAL,0,0
0,icmp,tim_i,SF,564,0,0,0,0,0,0,0,0,0,0,0,0,0,0,0,0,0,1,1,0.0,0.0,0.0,0.0,1.0,0.0,0.0,224,1,0.0,0.03,0.0,0.0,0.0,0.0,0.0,0.0,pod,1,0,NORMAL,0,0
4,tcp,pop_3,SF,32,93,0,0,0,0,0,1,0,0,0,0,0,0,0,0,0,0,1,1,0.0,0.0,0.0,0.0,1.0,0.0,0.0,255,248,0.97,0.02,0.0,0.0,0.0,0.0,0.01,0.0,guess_passwd,1,0,NORMAL,0,0
0,tcp,telnet,RSTO,0,15,0,0,0,0,0,0,0,0,0,0,0,0,0,0,0,0,1,3,0.0,0.0,1.0,0.67,1.0,0.0,0.67,159,88,0.31,0.03,0.01,0.02,0.02,0.03,0.92,0.64,mscan,1,0,NORMAL,0,0
4,tcp,pop_3,SF,25,93,0,0,0,0,0,1,0,0,0,0,0,0,0,0,0,0,1,1,0.0,0.0,0.0,0.0,1.0,0.0,0.0,255,236,0.93,0.01,0.0,0.0,0.0,0.0,0.04,0.0,guess_passwd,1,0,NORMAL,0,0
0,tcp,http,S0,0,0,0,0,0,0,0,0,0,0,0,0,0,0,0,0,0,0,14,14,1.0,1.0,0.0,0.0,1.0,0.0,0.0,255,245,0.96,0.01,0.0,0.0,0.2,0.21,0.56,0.59,apache2,1,0,NORMAL,0,0
0,udp,private,SF,1,1,0,0,0,0,0,0,0,0,0,0,0,0,0,0,0,0,23,3,0.0,0.0,0.0,0.0,0.13,0.43,0.0,255,3,0.01,0.73,0.99,0.0,0.0,0.0,0.01,0.0,normal,0,1,ATTACK,1,0
5,tcp,pop_3,SF,28,93,0,0,0,0,0,1,0,0,0,0,0,0,0,0,0,0,1,1,0.0,0.0,0.0,0.0,1.0,0.0,0.0,255,255,1.0,0.0,0.0,0.0,0.0,0.0,0.0,0.0,guess_passwd,1,0,NORMAL,0,0
0,udp,private,SF,1,0,0,0,0,0,0,0,0,0,0,0,0,0,0,0,0,0,34,17,0.0,0.0,0.0,0.0,0.5,0.15,0.0,255,17,0.07,0.65,1.0,0.0,0.0,0.0,0.0,0.0,normal,0,1,ATTACK,1,0
0,tcp,ftp_data,SF,12,0,0,0,0,0,0,0,0,0,0,0,0,0,0,0,0,0,1,1,0.0,0.0,0.0,0.0,1.0,0.0,0.0,23,3,0.13,0.09,0.13,0.0,0.0,0.0,0.0,0.0,warezmaster,1,0,NORMAL,0,0
7771,tcp,telnet,RSTR,0,44,0,0,0,0,0,0,0,0,0,0,0,0,0,0,0,0,1,1,0.0,0.0,1.0,1.0,1.0,0.0,0.0,255,116,0.45,0.49,0.0,0.0,0.35,0.76,0.48,0.01,processtable,1,0,NORMAL,0,0
5,tcp,imap4,SF,0,0,0,0,0,0,0,0,0,0,0,0,0,0,0,0,0,0,2,1,0.0,0.0,0.0,0.0,0.5,1.0,0.0,137,51,0.2,0.04,0.01,0.04,0.0,0.0,0.16,0.47,mscan,1,0,NORMAL,0,0
1,tcp,smtp,SF,2599,293,0,0,0,0,0,1,0,0,0,0,0,0,0,0,0,0,2,2,0.0,0.0,0.0,0.0,1.0,0.0,0.0,255,161,0.63,0.13,0.0,0.0,0.0,0.0,0.36,0.0,mailbomb,1,0,NORMAL,0,0
0,tcp,telnet,SF,125,174,0,0,0,0,1,0,0,0,0,0,0,0,0,0,0,0,1,1,0.0,0.0,0.0,0.0,1.0,0.0,0.0,255,254,1.0,0.01,0.0,0.0,0.01,0.01,0.01,0.01,guess_passwd,1,0,NORMAL,0,0
0,tcp,sunrpc,REJ,0,0,0,0,0,0,0,0,0,0,0,0,0,0,0,0,0,0,1,3,0.0,0.0,1.0,1.0,1.0,0.0,1.0,255,24,0.09,0.03,0.0,0.0,0.0,0.0,0.42,1.0,mscan,1,0,NORMAL,0,0
4,tcp,pop_3,SF,32,93,0,0,0,0,0,1,0,0,0,0,0,0,0,0,0,0,1,1,0.0,0.0,0.0,0.0,1.0,0.0,0.0,255,155,0.61,0.02,0.0,0.0,0.0,0.0,0.13,0.0,guess_passwd,1,0,NORMAL,0,0
1,tcp,smtp,SF,2599,293,0,0,0,0,0,1,0,0,0,0,0,0,0,0,0,0,3,3,0.0,0.0,0.0,0.0,1.0,0.0,0.0,255,214,0.84,0.13,0.0,0.0,0.0,0.0,0.15,0.0,mailbomb,1,0,NORMAL,0,0
0,tcp,telnet,SF,120,174,0,0,0,0,1,0,0,0,0,0,0,0,0,0,0,0,1,1,0.0,0.0,0.0,0.0,1.0,0.0,0.0,255,75,0.29,0.02,0.0,0.0,0.0,0.0,0.01,0.04,guess_passwd,1,0,NORMAL,0,0
0,udp,private,SF,1,0,0,0,0,0,0,0,0,0,0,0,0,0,0,0,0,0,111,15,0.0,0.0,0.0,0.0,0.14,0.77,0.0,255,31,0.12,0.78,1.0,0.0,0.0,0.0,0.0,0.0,normal,0,1,ATTACK,1,0
0,tcp,telnet,RSTO,0,48,0,0,0,0,0,0,0,0,0,0,0,0,0,0,0,0,1,11,0.0,0.18,1.0,0.73,1.0,0.0,1.0,255,128,0.5,0.01,0.0,0.0,0.0,0.0,0.66,0.33,mscan,1,0,NORMAL,0,0
35,tcp,ftp,SF,96,533,0,0,0,1,0,1,0,0,0,0,0,0,0,0,0,0,1,1,0.0,0.0,0.0,0.0,1.0,0.0,0.0,221,3,0.01,0.03,0.0,0.0,0.0,0.0,0.0,0.0,rootkit,1,0,NORMAL,0,0
1,tcp,smtp,SF,2599,293,0,0,0,0,0,1,0,0,0,0,0,0,0,0,0,0,4,3,0.0,0.0,0.0,0.0,0.75,0.5,0.0,255,245,0.96,0.04,0.0,0.0,0.0,0.0,0.04,0.0,mailbomb,1,0,NORMAL,0,0
0,tcp,telnet,REJ,0,0,0,0,0,0,0,0,0,0,0,0,0,0,0,0,0,0,1,19,0.0,0.16,1.0,0.21,1.0,0.0,0.58,58,84,0.33,0.09,0.02,0.02,0.0,0.0,0.9,0.7,mscan,1,0,NORMAL,0,0
3,tcp,pop_3,SF,30,93,0,0,0,0,0,1,0,0,0,0,0,0,0,0,0,0,1,1,0.0,0.0,0.0,0.0,1.0,0.0,0.0,255,254,1.0,0.01,0.0,0.0,0.0,0.0,0.0,0.0,guess_passwd,1,0,NORMAL,0,0
1,tcp,smtp,SF,2599,293,0,0,0,0,0,1,0,0,0,0,0,0,0,0,0,0,3,3,0.0,0.0,0.0,0.0,1.0,0.0,0.0,255,39,0.15,0.16,0.0,0.0,0.0,0.0,0.83,0.0,mailbomb,1,0,NORMAL,0,0
282,tcp,ftp,SF,156,593,0,0,0,2,0,1,0,0,0,0,0,0,0,0,0,1,1,1,0.0,0.0,0.0,0.0,1.0,0.0,0.0,6,6,1.0,0.0,0.17,0.0,0.0,0.0,0.0,0.0,warezmaster,1,0,NORMAL,0,0
4,tcp,pop_3,SF,30,93,0,0,0,0,0,1,0,0,0,0,0,0,0,0,0,0,1,1,0.0,0.0,0.0,0.0,1.0,0.0,0.0,255,223,0.87,0.04,0.0,0.0,0.0,0.0,0.0,0.0,guess_passwd,1,0,NORMAL,0,0
8140,tcp,telnet,SF,0,15,0,0,0,0,0,0,0,0,0,0,0,0,0,0,0,0,1,1,0.0,0.0,0.0,0.0,1.0,0.0,0.0,255,57,0.22,0.04,0.0,0.0,0.0,0.02,0.11,0.23,processtable,1,0,NORMAL,0,0
4,tcp,pop_3,SF,30,93,0,0,0,0,0,1,0,0,0,0,0,0,0,0,0,0,1,1,0.0,0.0,0.0,0.0,1.0,0.0,0.0,255,234,0.92,0.04,0.0,0.0,0.0,0.0,0.0,0.0,guess_passwd,1,0,NORMAL,0,0
0,tcp,telnet,RSTO,0,15,0,0,0,0,0,0,0,0,0,0,0,0,0,0,0,0,2,6,0.0,0.0,0.5,0.5,1.0,0.0,0.5,110,77,0.34,0.05,0.01,0.03,0.0,0.0,0.88,0.65,mscan,1,0,NORMAL,0,0
0,tcp,telnet,RSTO,124,188,0,0,0,0,1,0,0,0,0,0,0,0,0,0,0,0,1,1,0.0,0.0,1.0,1.0,1.0,0.0,0.0,255,255,1.0,0.0,0.0,0.0,0.0,0.0,0.02,0.02,guess_passwd,1,0,NORMAL,0,0
0,tcp,imap4,RSTO,0,44,0,0,0,0,0,0,0,0,0,0,0,0,0,0,0,0,1,2,0.0,0.0,1.0,1.0,1.0,0.0,1.0,255,28,0.11,0.03,0.0,0.0,0.02,0.11,0.36,0.82,mscan,1,0,NORMAL,0,0
0,tcp,ftp,SF,26,157,0,0,0,0,1,0,0,0,0,0,0,0,0,0,0,1,1,1,0.0,0.0,0.0,0.0,1.0,0.0,0.0,51,25,0.49,0.08,0.02,0.0,0.0,0.0,0.0,0.0,guess_passwd,1,0,NORMAL,0,0
0,udp,private,SF,50,0,0,0,0,0,0,0,0,0,0,0,0,0,0,0,0,0,3,3,0.0,0.0,0.0,0.0,1.0,0.0,0.0,255,254,1.0,0.01,0.01,0.0,0.0,0.0,0.0,0.0,snmpguess,1,0,NORMAL,0,0
0,tcp,telnet,SF,120,174,0,0,0,0,1,0,0,0,0,0,0,0,0,0,0,0,2,2,0.0,0.0,0.0,0.0,1.0,0.0,0.0,255,255,1.0,0.0,0.0,0.0,0.0,0.0,0.02,0.02,guess_passwd,1,0,NORMAL,0,0
0,udp,private,SF,46,0,0,0,0,0,0,0,0,0,0,0,0,0,0,0,0,0,5,5,0.0,0.0,0.0,0.0,1.0,0.0,0.0,255,254,1.0,0.01,0.0,0.0,0.0,0.0,0.0,0.0,snmpguess,1,0,NORMAL,0,0
0,tcp,telnet,S3,0,44,0,0,0,0,0,0,0,0,0,0,0,0,0,0,0,0,1,1,1.0,1.0,0.0,0.0,1.0,0.0,0.0,255,97,0.38,0.55,0.0,0.0,0.28,0.74,0.53,0.0,processtable,1,0,NORMAL,0,0
0,tcp,telnet,REJ,0,0,0,0,0,0,0,0,0,0,0,0,0,0,0,0,0,0,4,15,0.0,0.33,0.75,0.53,0.5,0.75,0.8,92,46,0.5,0.03,0.01,0.0,0.0,0.0,0.64,0.28,mscan,1,0,NORMAL,0,0
282,tcp,ftp,SF,158,597,0,0,0,2,0,1,0,0,0,0,0,0,0,0,0,1,1,1,0.0,0.0,0.0,0.0,1.0,0.0,0.0,255,14,0.05,0.76,0.0,0.0,0.0,0.0,0.75,0.0,warezmaster,1,0,NORMAL,0,0
0,udp,private,SF,1,0,0,0,0,0,0,0,0,0,0,0,0,0,0,0,0,0,124,5,0.0,0.0,0.0,0.0,0.04,0.66,0.0,255,5,0.02,0.56,0.88,0.0,0.0,0.0,0.12,0.0,normal,0,1,ATTACK,1,0
4,tcp,pop_3,SF,28,93,0,0,0,0,0,1,0,0,0,0,0,0,0,0,0,0,1,1,0.0,0.0,0.0,0.0,1.0,0.0,0.0,227,208,0.92,0.01,0.0,0.0,0.0,0.0,0.04,0.0,guess_passwd,1,0,NORMAL,0,0
4,tcp,pop_3,SF,28,93,0,0,0,0,0,1,0,0,0,0,0,0,0,0,0,0,1,1,0.0,0.0,0.0,0.0,1.0,0.0,0.0,28,29,1.0,0.0,0.04,0.07,0.0,0.0,0.0,0.0,guess_passwd,1,0,NORMAL,0,0
8164,tcp,telnet,SF,0,15,0,0,0,0,0,0,0,0,0,0,0,0,0,0,0,0,4,32,0.0,0.16,0.5,0.69,0.75,0.5,0.84,255,52,0.2,0.04,0.0,0.0,0.0,0.02,0.1,0.25,processtable,1,0,NORMAL,0,0
2076,tcp,http,S3,72564,0,0,0,0,0,0,1,0,0,0,0,0,0,0,0,0,0,11,11,0.18,0.18,0.82,0.82,1.0,0.0,0.0,255,239,0.94,0.01,0.0,0.0,0.01,0.01,0.21,0.22,apache2,1,0,NORMAL,0,0
22,tcp,ftp,SF,126,575,0,0,0,2,0,1,0,0,0,0,0,0,0,0,1,0,1,1,0.0,0.0,0.0,0.0,1.0,0.0,0.0,8,1,0.12,0.38,0.12,0.0,0.0,0.0,0.0,0.0,named,1,0,NORMAL,0,0
0,tcp,ftp_data,SF,12,0,0,0,0,0,0,0,0,0,0,0,0,0,0,0,0,0,1,1,0.0,0.0,0.0,0.0,1.0,0.0,0.0,1,25,1.0,0.0,1.0,0.2,0.0,0.04,0.0,0.0,warezmaster,1,0,NORMAL,0,0
281,tcp,ftp,SF,160,597,0,0,0,2,0,1,0,0,0,0,0,0,0,0,0,1,1,1,0.0,0.0,0.0,0.0,1.0,0.0,0.0,255,17,0.07,0.89,0.0,0.0,0.0,0.06,0.86,0.0,warezmaster,1,0,NORMAL,0,0
8044,tcp,telnet,SF,0,44,0,0,0,0,0,0,0,0,0,0,0,0,0,0,0,0,1,1,0.0,0.0,0.0,0.0,1.0,0.0,0.0,255,77,0.3,0.03,0.0,0.0,0.01,0.03,0.11,0.17,processtable,1,0,NORMAL,0,0
0,tcp,ftp_data,SF,12,0,0,0,0,0,0,0,0,0,0,0,0,0,0,0,0,0,1,1,0.0,0.0,0.0,0.0,1.0,0.0,0.0,247,17,0.06,0.03,0.06,0.12,0.01,0.0,0.0,0.0,warezmaster,1,0,NORMAL,0,0
1,tcp,smtp,SF,2599,293,0,0,0,0,0,1,0,0,0,0,0,0,0,0,0,0,3,3,0.0,0.0,0.0,0.0,1.0,0.0,0.0,255,231,0.91,0.09,0.0,0.0,0.0,0.0,0.08,0.0,mailbomb,1,0,NORMAL,0,0
0,tcp,http,S0,0,0,0,0,0,0,0,0,0,0,0,0,0,0,0,0,0,0,1,1,1.0,1.0,0.0,0.0,1.0,0.0,0.0,255,254,1.0,0.01,0.0,0.0,0.04,0.04,0.74,0.74,apache2,1,0,NORMAL,0,0
3,tcp,pop_3,SF,30,93,0,0,0,0,0,1,0,0,0,0,0,0,0,0,0,0,1,1,0.0,0.0,0.0,0.0,1.0,0.0,0.0,255,211,0.83,0.02,0.0,0.0,0.0,0.0,0.04,0.0,guess_passwd,1,0,NORMAL,0,0
1,tcp,smtp,SF,2599,293,0,0,0,0,0,1,0,0,0,0,0,0,0,0,0,0,3,3,0.0,0.0,0.0,0.0,1.0,0.0,0.0,255,134,0.53,0.15,0.0,0.0,0.0,0.0,0.46,0.0,mailbomb,1,0,NORMAL,0,0
282,tcp,ftp,SF,160,597,0,0,0,2,0,1,0,0,0,0,0,0,0,0,0,1,1,1,0.0,0.0,0.0,0.0,1.0,0.0,0.0,255,108,0.42,0.03,0.0,0.0,0.0,0.0,0.0,0.0,warezmaster,1,0,NORMAL,0,0
0,udp,private,SF,48,0,0,0,0,0,0,0,0,0,0,0,0,0,0,0,0,0,5,5,0.0,0.0,0.0,0.0,1.0,0.0,0.0,255,253,0.99,0.01,0.01,0.0,0.0,0.0,0.0,0.0,snmpguess,1,0,NORMAL,0,0
0,tcp,telnet,SF,124,174,0,0,0,0,1,0,0,0,0,0,0,0,0,0,0,0,1,1,0.0,0.0,0.0,0.0,1.0,0.0,0.0,255,108,0.42,0.02,0.0,0.0,0.0,0.0,0.01,0.03,guess_passwd,1,0,NORMAL,0,0
283,tcp,ftp,SF,157,595,0,0,0,2,0,1,0,0,0,0,0,0,0,0,0,1,1,1,0.0,0.0,0.0,0.0,1.0,0.0,0.0,255,71,0.28,0.03,0.0,0.0,0.05,0.0,0.02,0.0,warezmaster,1,0,NORMAL,0,0
4,tcp,pop_3,SF,32,93,0,0,0,0,0,1,0,0,0,0,0,0,0,0,0,0,1,1,0.0,0.0,0.0,0.0,1.0,0.0,0.0,82,74,0.89,0.04,0.01,0.03,0.0,0.0,0.06,0.0,guess_passwd,1,0,NORMAL,0,0
0,tcp,other,REJ,0,0,0,0,0,0,0,0,0,0,0,0,0,0,0,0,0,0,1,1,0.0,0.0,1.0,1.0,1.0,0.0,0.0,255,2,0.01,0.01,0.0,0.0,0.0,0.0,0.01,1.0,httptunnel,1,0,NORMAL,0,0
0,tcp,http,S0,0,0,0,0,0,0,0,0,0,0,0,0,0,0,0,0,0,0,9,9,1.0,1.0,0.0,0.0,1.0,0.0,0.0,255,244,0.96,0.01,0.0,0.0,0.09,0.09,0.56,0.59,apache2,1,0,NORMAL,0,0
1,tcp,smtp,SF,2599,293,0,0,0,0,0,1,0,0,0,0,0,0,0,0,0,0,3,3,0.0,0.0,0.0,0.0,1.0,0.0,0.0,255,237,0.93,0.07,0.0,0.0,0.0,0.0,0.06,0.0,mailbomb,1,0,NORMAL,0,0
0,tcp,telnet,S3,0,44,0,0,0,0,0,0,0,0,0,0,0,0,0,0,0,0,1,1,1.0,1.0,0.0,0.0,1.0,0.0,0.0,255,127,0.5,0.03,0.0,0.0,0.2,0.4,0.11,0.1,processtable,1,0,NORMAL,0,0
433,tcp,X11,SF,31645608,207796,0,0,0,0,0,0,0,0,0,0,0,0,0,0,0,0,1,1,0.0,0.0,0.0,0.0,1.0,0.0,0.0,255,2,0.01,0.02,0.0,0.0,0.0,0.0,0.0,0.0,xlock,1,0,NORMAL,0,0
0,tcp,ftp_data,SF,12,0,0,0,0,0,0,0,0,0,0,0,0,0,0,0,0,0,2,2,0.0,0.0,0.0,0.0,1.0,0.0,0.0,2,12,1.0,0.0,1.0,0.33,0.0,0.0,0.0,0.0,warezmaster,1,0,NORMAL,0,0
0,tcp,telnet,SF,123,178,0,0,0,0,1,0,0,0,0,0,0,0,0,0,0,0,1,1,0.0,0.0,0.0,0.0,1.0,0.0,0.0,29,12,0.41,0.1,0.03,0.0,0.0,0.0,0.14,0.33,guess_passwd,1,0,NORMAL,0,0
1,tcp,smtp,SF,2599,293,0,0,0,0,0,1,0,0,0,0,0,0,0,0,0,0,1,1,0.0,0.0,0.0,0.0,1.0,0.0,0.0,255,2,0.01,0.16,0.0,0.0,0.0,0.0,0.97,0.0,mailbomb,1,0,NORMAL,0,0
0,udp,private,SF,46,0,0,0,0,0,0,0,0,0,0,0,0,0,0,0,0,0,3,2,0.0,0.0,0.0,0.0,0.67,0.67,0.0,255,254,1.0,0.01,0.01,0.0,0.0,0.0,0.0,0.0,snmpguess,1,0,NORMAL,0,0
1,tcp,smtp,SF,2599,293,0,0,0,0,0,1,0,0,0,0,0,0,0,0,0,0,4,3,0.0,0.0,0.25,0.0,0.75,0.5,0.0,255,245,0.96,0.04,0.0,0.0,0.0,0.0,0.03,0.0,mailbomb,1,0,NORMAL,0,0
0,tcp,telnet,SF,125,174,0,0,0,0,1,0,0,0,0,0,0,0,0,0,0,0,1,1,0.0,0.0,0.0,0.0,1.0,0.0,0.0,255,113,0.44,0.02,0.0,0.0,0.0,0.0,0.01,0.03,guess_passwd,1,0,NORMAL,0,0
1,tcp,smtp,SF,2599,293,0,0,0,0,0,1,0,0,0,0,0,0,0,0,0,0,2,2,0.0,0.0,0.0,0.0,1.0,0.0,0.0,255,34,0.13,0.16,0.0,0.0,0.0,0.0,0.85,0.0,mailbomb,1,0,NORMAL,0,0
1,tcp,smtp,SF,2599,293,0,0,0,0,0,1,0,0,0,0,0,0,0,0,0,0,3,3,0.0,0.0,0.0,0.0,1.0,0.0,0.0,255,200,0.78,0.13,0.0,0.0,0.0,0.0,0.2,0.0,mailbomb,1,0,NORMAL,0,0
26,tcp,login,SF,90,2999,0,0,1,0,0,1,0,0,0,0,0,0,0,0,0,0,1,1,0.0,0.0,0.0,0.0,1.0,0.0,0.0,255,1,0.0,0.03,0.0,0.0,0.51,0.0,0.02,0.0,ftp_write,1,0,NORMAL,0,0
0,udp,private,SF,1,0,0,0,0,0,0,0,0,0,0,0,0,0,0,0,0,0,121,9,0.0,0.0,0.0,0.0,0.07,0.72,0.0,255,9,0.04,0.77,1.0,0.0,0.0,0.0,0.0,0.0,normal,0,1,ATTACK,1,0
1,tcp,smtp,SF,2599,293,0,0,0,0,0,1,0,0,0,0,0,0,0,0,0,0,3,3,0.0,0.0,0.0,0.0,1.0,0.0,0.0,255,158,0.62,0.13,0.0,0.0,0.0,0.0,0.37,0.0,mailbomb,1,0,NORMAL,0,0
7565,tcp,telnet,SF,0,44,0,0,0,0,0,0,0,0,0,0,0,0,0,0,0,0,1,1,0.0,0.0,0.0,0.0,1.0,0.0,0.0,255,185,0.73,0.03,0.0,0.0,0.33,0.46,0.12,0.08,processtable,1,0,NORMAL,0,0
0,tcp,other,RSTR,0,0,0,0,0,0,0,0,0,0,0,0,0,0,0,0,0,0,1,1,0.0,0.0,1.0,1.0,1.0,0.0,0.0,255,1,0.0,0.64,0.62,0.0,0.0,0.0,0.62,1.0,normal,0,1,ATTACK,1,0
0,tcp,pop_3,SF,30,217,0,0,0,0,0,1,0,0,0,0,0,0,0,0,0,0,1,1,0.0,0.0,0.0,0.0,1.0,0.0,0.0,255,6,0.02,0.02,0.0,0.0,0.0,0.0,0.0,0.0,guess_passwd,1,0,NORMAL,0,0
280,tcp,ftp_data,SF,283618,0,0,0,0,0,0,0,0,0,0,0,0,0,0,0,0,0,2,2,0.0,0.0,0.0,0.0,1.0,0.0,0.0,148,67,0.22,0.04,0.22,0.03,0.01,0.0,0.01,0.0,warezmaster,1,0,NORMAL,0,0
1,tcp,telnet,RSTO,0,15,0,0,0,0,0,0,0,0,0,0,0,0,0,0,0,0,1,5,0.0,0.0,1.0,0.6,1.0,0.0,0.6,203,85,0.33,0.02,0.0,0.02,0.0,0.0,0.87,0.68,mscan,1,0,NORMAL,0,0
1,tcp,smtp,SF,2599,293,0,0,0,0,0,1,0,0,0,0,0,0,0,0,0,0,2,2,0.0,0.0,0.0,0.0,1.0,0.0,0.0,255,244,0.96,0.05,0.0,0.0,0.0,0.0,0.03,0.0,mailbomb,1,0,NORMAL,0,0
282,tcp,ftp,SF,160,595,0,0,0,2,0,1,0,0,0,0,0,0,0,0,0,1,1,1,0.0,0.0,0.0,0.0,1.0,0.0,0.0,255,11,0.04,0.6,0.0,0.0,0.0,0.0,0.59,0.0,warezmaster,1,0,NORMAL,0,0
7583,tcp,telnet,SF,0,44,0,0,0,0,0,0,0,0,0,0,0,0,0,0,0,0,1,1,0.0,0.0,0.0,0.0,1.0,0.0,0.0,255,162,0.64,0.34,0.0,0.0,0.49,0.78,0.33,0.01,processtable,1,0,NORMAL,0,0
0,tcp,ftp_data,SF,12,0,0,0,0,0,0,0,0,0,0,0,0,0,0,0,0,0,2,2,0.0,0.0,0.0,0.0,1.0,0.0,0.0,6,22,1.0,0.0,1.0,0.09,0.0,0.0,0.0,0.0,warezmaster,1,0,NORMAL,0,0
0,tcp,http,S0,0,0,0,0,0,0,0,0,0,0,0,0,0,0,0,0,0,0,32,32,0.38,0.38,0.62,0.62,1.0,0.0,0.0,255,255,1.0,0.0,0.0,0.0,0.07,0.07,0.69,0.69,apache2,1,0,NORMAL,0,0
7254,tcp,telnet,SF,0,44,0,0,0,0,0,0,0,0,0,0,0,0,0,0,0,0,1,1,0.0,0.0,0.0,0.0,1.0,0.0,0.0,255,228,0.89,0.11,0.0,0.0,0.5,0.56,0.11,0.01,processtable,1,0,NORMAL,0,0
3,tcp,pop_3,SF,32,93,0,0,0,0,0,1,0,0,0,0,0,0,0,0,0,0,1,1,0.0,0.0,0.0,0.0,1.0,0.0,0.0,255,244,0.96,0.02,0.0,0.0,0.0,0.0,0.02,0.0,guess_passwd,1,0,NORMAL,0,0
0,udp,private,SF,47,0,0,0,0,0,0,0,0,0,0,0,0,0,0,0,0,0,3,3,0.0,0.0,0.0,0.0,1.0,0.0,0.0,255,255,1.0,0.0,0.02,0.0,0.0,0.0,0.0,0.0,snmpguess,1,0,NORMAL,0,0
7322,tcp,telnet,SF,0,44,0,0,0,0,0,0,0,0,0,0,0,0,0,0,0,0,1,1,0.0,0.0,0.0,0.0,1.0,0.0,0.0,255,230,0.9,0.02,0.0,0.0,0.27,0.3,0.01,0.0,processtable,1,0,NORMAL,0,0
0,udp,private,SF,1,1,0,0,0,0,0,0,0,0,0,0,0,0,0,0,0,0,62,3,0.0,0.0,0.0,0.0,0.05,0.65,0.0,255,3,0.01,0.72,0.95,0.0,0.0,0.0,0.05,0.0,normal,0,1,ATTACK,1,0
4,tcp,pop_3,SF,32,93,0,0,0,0,0,1,0,0,0,0,0,0,0,0,0,0,1,1,0.0,0.0,0.0,0.0,1.0,0.0,0.0,254,235,0.93,0.01,0.0,0.0,0.0,0.0,0.04,0.0,guess_passwd,1,0,NORMAL,0,0
281,tcp,ftp,SF,162,599,0,0,0,2,0,1,0,0,0,0,0,0,0,0,0,1,1,1,0.0,0.0,0.0,0.0,1.0,0.0,0.0,255,4,0.02,0.15,0.0,0.0,0.0,0.0,0.98,0.0,warezmaster,1,0,NORMAL,0,0
0,udp,private,SF,44,0,0,0,0,0,0,0,0,0,0,0,0,0,0,0,0,0,4,4,0.0,0.0,0.0,0.0,1.0,0.0,0.0,255,255,1.0,0.0,0.0,0.0,0.0,0.0,0.0,0.0,snmpguess,1,0,NORMAL,0,0
283,tcp,ftp,SF,158,595,0,0,0,2,0,1,0,0,0,0,0,0,0,0,0,1,1,1,0.0,0.0,0.0,0.0,1.0,0.0,0.0,12,10,0.83,0.17,0.08,0.0,0.0,0.0,0.0,0.0,warezmaster,1,0,NORMAL,0,0
0,tcp,other,REJ,0,0,0,0,0,0,0,0,0,0,0,0,0,0,0,0,0,0,1,1,0.0,0.0,1.0,1.0,1.0,0.0,0.0,62,9,0.15,0.08,0.02,0.0,0.0,0.0,0.11,0.78,httptunnel,1,0,NORMAL,0,0
1,tcp,smtp,SF,2599,293,0,0,0,0,0,1,0,0,0,0,0,0,0,0,0,0,2,2,0.0,0.0,0.0,0.0,1.0,0.0,0.0,255,114,0.45,0.15,0.0,0.0,0.0,0.0,0.54,0.0,mailbomb,1,0,NORMAL,0,0
0,tcp,ftp_data,SF,12,0,0,0,0,0,0,0,0,0,0,0,0,0,0,0,0,0,1,1,0.0,0.0,0.0,0.0,1.0,0.0,0.0,4,19,0.75,0.5,0.75,0.16,0.0,0.0,0.0,0.0,warezmaster,1,0,NORMAL,0,0
0,tcp,http,REJ,0,0,0,0,0,0,0,0,0,0,0,0,0,0,0,0,0,0,1,2,0.0,0.0,1.0,0.5,1.0,0.0,1.0,255,4,0.02,0.99,0.0,0.0,0.15,0.0,0.85,1.0,normal,0,1,ATTACK,1,0
0,tcp,telnet,S3,0,44,0,0,0,0,0,0,0,0,0,0,0,0,0,0,0,0,1,1,1.0,1.0,0.0,0.0,1.0,0.0,0.0,255,108,0.42,0.51,0.0,0.0,0.33,0.77,0.5,0.0,processtable,1,0,NORMAL,0,0
22,tcp,ftp_data,SF,6932,0,0,0,0,0,0,0,0,0,0,0,0,0,0,0,0,0,1,1,0.0,0.0,0.0,0.0,1.0,0.0,0.0,4,4,1.0,0.0,1.0,0.0,0.0,0.0,0.0,0.0,normal,0,1,ATTACK,1,0
282,tcp,ftp,SF,156,593,0,0,0,2,0,1,0,0,0,0,0,0,0,0,0,1,1,1,0.0,0.0,0.0,0.0,1.0,0.0,0.0,255,94,0.37,0.03,0.0,0.0,0.0,0.0,0.0,0.0,warezmaster,1,0,NORMAL,0,0
1,tcp,smtp,SF,2599,293,0,0,0,0,0,1,0,0,0,0,0,0,0,0,0,0,3,3,0.0,0.0,0.0,0.0,1.0,0.0,0.0,255,111,0.44,0.15,0.0,0.0,0.0,0.0,0.55,0.0,mailbomb,1,0,NORMAL,0,0
0,udp,private,SF,49,0,0,0,0,0,0,0,0,0,0,0,0,0,0,0,0,0,5,5,0.0,0.0,0.0,0.0,1.0,0.0,0.0,255,254,1.0,0.01,0.01,0.0,0.0,0.0,0.0,0.0,snmpguess,1,0,NORMAL,0,0
0,tcp,telnet,SF,124,174,0,0,0,0,1,0,0,0,0,0,0,0,0,0,0,0,1,1,0.0,0.0,0.0,0.0,1.0,0.0,0.0,255,141,0.55,0.02,0.0,0.0,0.0,0.0,0.02,0.03,guess_passwd,1,0,NORMAL,0,0
0,tcp,ftp_data,SF,2209,0,0,0,0,0,0,0,0,0,0,0,0,0,0,0,0,0,1,1,0.0,0.0,0.0,0.0,1.0,0.0,0.0,2,1,0.5,1.0,0.5,0.0,0.0,0.0,0.0,0.0,xterm,1,0,NORMAL,0,0
8088,tcp,telnet,SF,0,15,0,0,0,0,0,0,0,0,0,0,0,0,0,0,0,0,1,1,0.0,0.0,0.0,0.0,1.0,0.0,0.0,255,67,0.26,0.03,0.0,0.0,0.0,0.01,0.11,0.19,processtable,1,0,NORMAL,0,0
3,tcp,pop_3,SF,26,93,0,0,0,0,0,1,0,0,0,0,0,0,0,0,0,0,1,1,0.0,0.0,0.0,0.0,1.0,0.0,0.0,92,79,0.85,0.03,0.01,0.03,0.0,0.0,0.11,0.0,guess_passwd,1,0,NORMAL,0,0
0,tcp,http,S0,0,0,0,0,0,0,0,0,0,0,0,0,0,0,0,0,0,0,40,40,0.85,0.85,0.12,0.12,1.0,0.0,0.0,255,255,1.0,0.0,0.0,0.0,0.18,0.18,0.7,0.7,apache2,1,0,NORMAL,0,0
0,tcp,telnet,SF,127,174,0,0,0,0,1,0,0,0,0,0,0,0,0,0,0,0,1,1,0.0,0.0,0.0,0.0,1.0,0.0,0.0,255,223,0.87,0.02,0.0,0.0,0.0,0.0,0.02,0.03,guess_passwd,1,0,NORMAL,0,0
282,tcp,ftp,SF,158,595,0,0,0,2,0,1,0,0,0,0,0,0,0,0,0,1,1,1,0.0,0.0,0.0,0.0,1.0,0.0,0.0,224,73,0.33,0.03,0.0,0.0,0.0,0.0,0.0,0.0,warezmaster,1,0,NORMAL,0,0
3,tcp,pop_3,SF,30,93,0,0,0,0,0,1,0,0,0,0,0,0,0,0,0,0,1,1,0.0,0.0,0.0,0.0,1.0,0.0,0.0,255,247,0.97,0.02,0.0,0.0,0.0,0.0,0.02,0.0,guess_passwd,1,0,NORMAL,0,0
0,tcp,telnet,REJ,0,0,0,0,0,0,0,0,0,0,0,0,0,0,0,0,0,0,2,26,0.0,0.12,1.0,0.77,0.5,1.0,0.88,82,85,0.33,0.06,0.01,0.02,0.0,0.0,0.91,0.72,mscan,1,0,NORMAL,0,0
0,udp,private,SF,105,147,0,0,0,0,0,0,0,0,0,0,0,0,0,0,0,0,3,3,0.0,0.0,0.0,0.0,1.0,0.0,0.0,255,254,1.0,0.01,0.0,0.0,0.0,0.0,0.0,0.0,snmpgetattack,1,0,NORMAL,0,0
703,tcp,X11,SF,57164,35576,0,0,0,0,0,0,0,0,0,0,0,0,0,0,0,0,1,1,0.0,0.0,0.0,0.0,1.0,0.0,0.0,1,1,1.0,0.0,1.0,0.0,0.0,0.0,0.0,0.0,named,1,0,NORMAL,0,0
0,udp,private,SF,105,105,0,0,0,0,0,0,0,0,0,0,0,0,0,0,0,0,3,3,0.0,0.0,0.0,0.0,1.0,0.0,0.0,190,189,0.99,0.01,0.01,0.0,0.0,0.0,0.0,0.0,snmpgetattack,1,0,NORMAL,0,0
4,tcp,pop_3,SF,26,93,0,0,0,0,0,1,0,0,0,0,0,0,0,0,0,0,1,1,0.0,0.0,0.0,0.0,1.0,0.0,0.0,201,182,0.91,0.01,0.0,0.0,0.0,0.0,0.05,0.0,guess_passwd,1,0,NORMAL,0,0
5,tcp,pop_3,SF,32,93,0,0,0,0,0,1,0,0,0,0,0,0,0,0,0,0,1,1,0.0,0.0,0.0,0.0,1.0,0.0,0.0,62,60,0.95,0.03,0.02,0.03,0.0,0.0,0.0,0.0,guess_passwd,1,0,NORMAL,0,0
0,tcp,other,REJ,0,0,0,0,0,0,0,0,0,0,0,0,0,0,0,0,0,0,1,1,0.0,0.0,1.0,1.0,1.0,0.0,0.0,255,36,0.14,0.02,0.0,0.0,0.0,0.0,0.12,0.78,httptunnel,1,0,NORMAL,0,0
0,tcp,ftp_data,SF,12,0,0,0,0,0,0,0,0,0,0,0,0,0,0,0,0,0,1,1,0.0,0.0,0.0,0.0,1.0,0.0,0.0,5,5,1.0,0.0,1.0,0.0,0.0,0.0,0.0,0.0,warezmaster,1,0,NORMAL,0,0
0,udp,other,SF,1,0,0,0,0,0,0,0,0,0,0,0,0,0,0,0,0,0,140,3,0.0,0.0,0.0,0.0,0.02,0.51,0.0,255,3,0.01,0.71,1.0,0.0,0.0,0.0,0.0,0.0,normal,0,1,ATTACK,1,0
0,tcp,ftp_data,SF,12,0,0,0,0,0,0,0,0,0,0,0,0,0,0,0,0,0,2,2,0.0,0.0,0.0,0.0,1.0,0.0,0.0,2,32,1.0,0.0,1.0,0.16,0.0,0.0,0.0,0.0,warezmaster,1,0,NORMAL,0,0
1,tcp,smtp,SF,2599,293,0,0,0,0,0,1,0,0,0,0,0,0,0,0,0,0,3,3,0.0,0.0,0.0,0.0,1.0,0.0,0.0,255,68,0.27,0.14,0.0,0.0,0.0,0.0,0.72,0.0,mailbomb,1,0,NORMAL,0,0
0,tcp,domain,REJ,0,0,0,0,0,0,0,0,0,0,0,0,0,0,0,0,0,0,1,1,0.0,0.0,1.0,1.0,1.0,0.0,0.0,7,2,0.29,0.29,0.14,0.0,0.0,0.0,0.14,0.5,named,1,0,NORMAL,0,0
280,tcp,ftp_data,SF,283618,0,0,0,0,0,0,0,0,0,0,0,0,0,0,0,0,0,2,2,0.0,0.0,0.0,0.0,1.0,0.0,0.0,173,35,0.2,0.04,0.2,0.0,0.0,0.0,0.0,0.0,warezmaster,1,0,NORMAL,0,0
0,tcp,telnet,SF,124,188,0,0,0,0,1,0,0,0,0,0,0,0,0,0,0,0,1,1,0.0,0.0,0.0,0.0,1.0,0.0,0.0,255,254,1.0,0.01,0.0,0.0,0.02,0.02,0.02,0.02,guess_passwd,1,0,NORMAL,0,0
0,tcp,telnet,SF,123,174,0,0,0,0,1,0,0,0,0,0,0,0,0,0,0,0,1,1,0.0,0.0,0.0,0.0,1.0,0.0,0.0,255,194,0.76,0.02,0.0,0.0,0.0,0.0,0.02,0.03,guess_passwd,1,0,NORMAL,0,0
0,tcp,telnet,SF,125,174,0,0,0,0,1,0,0,0,0,0,0,0,0,0,0,0,1,1,0.0,0.0,0.0,0.0,1.0,0.0,0.0,255,251,0.98,0.01,0.0,0.0,0.0,0.0,0.02,0.02,guess_passwd,1,0,NORMAL,0,0
4,tcp,pop_3,SF,30,93,0,0,0,0,0,1,0,0,0,0,0,0,0,0,0,0,1,1,0.0,0.0,0.0,0.0,1.0,0.0,0.0,255,246,0.96,0.03,0.0,0.0,0.0,0.0,0.0,0.0,guess_passwd,1,0,NORMAL,0,0
0,tcp,telnet,S3,0,44,0,0,0,0,0,0,0,0,0,0,0,0,0,0,0,0,1,1,1.0,1.0,0.0,0.0,1.0,0.0,0.0,255,105,0.41,0.03,0.0,0.0,0.11,0.27,0.11,0.12,processtable,1,0,NORMAL,0,0
0,tcp,ftp_data,SF,195,0,0,0,0,0,0,0,0,0,0,0,0,0,0,0,0,0,1,1,0.0,0.0,0.0,0.0,1.0,0.0,0.0,19,32,0.47,0.16,0.47,0.06,0.0,0.0,0.05,0.0,rootkit,1,0,NORMAL,0,0
4,tcp,pop_3,SF,32,93,0,0,0,0,0,1,0,0,0,0,0,0,0,0,0,0,1,1,0.0,0.0,0.0,0.0,1.0,0.0,0.0,206,187,0.91,0.01,0.0,0.0,0.0,0.0,0.05,0.0,guess_passwd,1,0,NORMAL,0,0
0,udp,private,SF,105,105,0,0,0,0,0,0,0,0,0,0,0,0,0,0,0,0,3,3,0.0,0.0,0.0,0.0,1.0,0.0,0.0,255,253,0.99,0.01,0.0,0.0,0.0,0.0,0.0,0.0,snmpgetattack,1,0,NORMAL,0,0
0,tcp,telnet,S3,0,44,0,0,0,0,0,0,0,0,0,0,0,0,0,0,0,0,1,1,1.0,1.0,0.0,0.0,1.0,0.0,0.0,255,181,0.71,0.02,0.0,0.0,0.42,0.41,0.01,0.01,processtable,1,0,NORMAL,0,0
1,tcp,smtp,SF,2599,293,0,0,0,0,0,1,0,0,0,0,0,0,0,0,0,0,2,2,0.0,0.0,0.0,0.0,1.0,0.0,0.0,255,8,0.03,0.16,0.0,0.0,0.0,0.0,0.95,0.0,mailbomb,1,0,NORMAL,0,0
0,udp,private,SF,51,0,0,0,0,0,0,0,0,0,0,0,0,0,0,0,0,0,5,5,0.0,0.0,0.0,0.0,1.0,0.0,0.0,255,255,1.0,0.0,0.01,0.0,0.0,0.0,0.0,0.0,snmpguess,1,0,NORMAL,0,0
280,tcp,ftp_data,SF,283618,0,0,0,0,2,0,0,0,0,0,0,0,0,0,0,0,0,2,2,0.0,0.0,0.0,0.0,1.0,0.0,0.0,14,80,0.5,0.21,0.5,0.03,0.0,0.0,0.07,0.0,warezmaster,1,0,NORMAL,0,0
7542,tcp,telnet,SF,0,44,0,0,0,0,0,0,0,0,0,0,0,0,0,0,0,0,1,1,0.0,0.0,0.0,0.0,1.0,0.0,0.0,255,184,0.72,0.02,0.0,0.0,0.41,0.4,0.01,0.01,processtable,1,0,NORMAL,0,0
4,tcp,pop_3,SF,28,93,0,0,0,0,0,1,0,0,0,0,0,0,0,0,0,0,1,1,0.0,0.0,0.0,0.0,1.0,0.0,0.0,203,184,0.91,0.01,0.0,0.0,0.0,0.0,0.05,0.0,guess_passwd,1,0,NORMAL,0,0
282,tcp,ftp,SF,162,597,0,0,0,2,0,1,0,0,0,0,0,0,0,0,0,1,3,1,0.0,0.0,0.0,0.0,0.33,0.67,0.0,255,1,0.0,0.04,0.0,0.0,0.0,0.0,0.04,0.0,warezmaster,1,0,NORMAL,0,0
0,udp,private,SF,48,0,0,0,0,0,0,0,0,0,0,0,0,0,0,0,0,0,2,2,0.0,0.0,0.0,0.0,1.0,0.0,0.0,255,255,1.0,0.0,0.0,0.0,0.0,0.0,0.0,0.0,snmpguess,1,0,NORMAL,0,0
0,udp,private,SF,42,0,0,0,0,0,0,0,0,0,0,0,0,0,0,0,0,0,3,3,0.0,0.0,0.0,0.0,1.0,0.0,0.0,255,253,0.99,0.01,0.01,0.0,0.0,0.0,0.0,0.0,snmpguess,1,0,NORMAL,0,0
1,tcp,telnet,RSTO,0,15,0,0,0,0,0,0,0,0,0,0,0,0,0,0,0,0,2,11,0.0,0.09,0.5,0.45,1.0,0.0,0.55,255,58,0.23,0.02,0.0,0.0,0.0,0.0,0.62,0.72,mscan,1,0,NORMAL,0,0
7318,tcp,telnet,SF,0,44,0,0,0,0,0,0,0,0,0,0,0,0,0,0,0,0,1,1,0.0,0.0,0.0,0.0,1.0,0.0,0.0,255,227,0.89,0.11,0.0,0.0,0.5,0.56,0.11,0.01,processtable,1,0,NORMAL,0,0
283,tcp,ftp,SF,160,599,0,0,0,2,0,1,0,0,0,0,0,0,0,0,0,1,1,1,0.0,0.0,0.0,0.0,1.0,0.0,0.0,255,106,0.42,0.03,0.0,0.0,0.0,0.0,0.0,0.0,warezmaster,1,0,NORMAL,0,0
909,tcp,http,RSTR,2464,0,0,0,0,0,0,1,0,0,0,0,0,0,0,0,0,0,36,36,0.39,0.39,0.58,0.58,1.0,0.0,0.0,255,255,1.0,0.0,0.0,0.0,0.07,0.07,0.69,0.69,apache2,1,0,NORMAL,0,0
280,tcp,ftp_data,SF,283618,0,0,0,0,0,0,0,0,0,0,0,0,0,0,0,0,0,2,2,0.0,0.0,0.0,0.0,1.0,0.0,0.0,255,128,0.5,0.02,0.5,0.0,0.0,0.0,0.0,0.0,warezmaster,1,0,NORMAL,0,0
4,tcp,pop_3,SF,31,93,0,0,0,0,0,1,0,0,0,0,0,0,0,0,0,0,1,1,0.0,0.0,0.0,0.0,1.0,0.0,0.0,75,72,0.95,0.03,0.01,0.03,0.0,0.0,0.0,0.0,guess_passwd,1,0,NORMAL,0,0
0,tcp,telnet,SF,124,174,0,0,0,0,1,0,0,0,0,0,0,0,0,0,0,0,1,1,0.0,0.0,0.0,0.0,1.0,0.0,0.0,255,254,1.0,0.01,0.0,0.0,0.01,0.01,0.02,0.02,guess_passwd,1,0,NORMAL,0,0
0,udp,private,SF,1,0,0,0,0,0,0,0,0,0,0,0,0,0,0,0,0,0,44,2,0.0,0.0,0.0,0.0,0.05,0.41,0.0,255,2,0.01,0.74,1.0,0.0,0.0,0.0,0.0,0.0,normal,0,1,ATTACK,1,0
0,udp,private,SF,105,147,0,0,0,0,0,0,0,0,0,0,0,0,0,0,0,0,1,1,0.0,0.0,0.0,0.0,1.0,0.0,0.0,255,249,0.98,0.01,0.01,0.0,0.0,0.0,0.0,0.0,snmpgetattack,1,0,NORMAL,0,0
8105,tcp,telnet,SF,0,15,0,0,0,0,0,0,0,0,0,0,0,0,0,0,0,0,1,1,0.0,0.0,0.0,0.0,1.0,0.0,0.0,255,35,0.14,0.76,0.0,0.0,0.04,0.29,0.75,0.0,processtable,1,0,NORMAL,0,0
8088,tcp,telnet,SF,0,15,0,0,0,0,0,0,0,0,0,0,0,0,0,0,0,0,1,1,0.0,0.0,0.0,0.0,1.0,0.0,0.0,255,87,0.34,0.02,0.0,0.0,0.65,0.51,0.01,0.02,processtable,1,0,NORMAL,0,0
0,tcp,telnet,S3,0,44,0,0,0,0,0,0,0,0,0,0,0,0,0,0,0,0,1,1,1.0,1.0,0.0,0.0,1.0,0.0,0.0,255,140,0.55,0.03,0.0,0.0,0.25,0.46,0.11,0.09,processtable,1,0,NORMAL,0,0
8148,tcp,telnet,SF,0,15,0,0,0,0,0,0,0,0,0,0,0,0,0,0,0,0,1,1,0.0,0.0,0.0,0.0,1.0,0.0,0.0,255,55,0.22,0.04,0.0,0.0,0.0,0.02,0.11,0.24,processtable,1,0,NORMAL,0,0
282,tcp,ftp,SF,162,599,0,0,0,2,0,1,0,0,0,0,0,0,0,0,0,1,1,1,0.0,0.0,0.0,0.0,1.0,0.0,0.0,255,19,0.07,0.93,0.0,0.0,0.0,0.0,0.91,0.0,warezmaster,1,0,NORMAL,0,0
282,tcp,ftp,SF,160,597,0,0,0,2,0,1,0,0,0,0,0,0,0,0,0,1,1,1,0.0,0.0,0.0,0.0,1.0,0.0,0.0,107,43,0.4,0.06,0.01,0.0,0.0,0.0,0.0,0.0,warezmaster,1,0,NORMAL,0,0
4,tcp,pop_3,SF,30,93,0,0,0,0,0,1,0,0,0,0,0,0,0,0,0,0,2,1,0.0,0.0,0.0,0.0,0.5,1.0,0.0,255,253,0.99,0.01,0.0,0.0,0.0,0.0,0.0,0.0,guess_passwd,1,0,NORMAL,0,0
4,tcp,pop_3,SF,25,93,0,0,0,0,0,1,0,0,0,0,0,0,0,0,0,0,1,1,0.0,0.0,0.0,0.0,1.0,0.0,0.0,189,170,0.9,0.02,0.01,0.0,0.0,0.0,0.05,0.0,guess_passwd,1,0,NORMAL,0,0
0,udp,private,SF,105,146,0,0,0,0,0,0,0,0,0,0,0,0,0,0,0,0,1,1,0.0,0.0,0.0,0.0,1.0,0.0,0.0,183,183,1.0,0.0,0.01,0.0,0.0,0.0,0.0,0.0,snmpgetattack,1,0,NORMAL,0,0
0,tcp,telnet,RSTO,15,88,0,0,0,0,0,0,0,0,0,0,0,0,0,0,0,0,2,9,0.0,0.22,1.0,0.67,1.0,0.0,0.78,255,208,0.82,0.02,0.0,0.0,0.22,0.26,0.19,0.08,mscan,1,0,NORMAL,0,0
3,tcp,telnet,SF,24,715,0,0,0,0,0,0,0,0,0,0,0,0,0,0,0,0,4,11,0.0,0.09,0.75,0.45,0.5,0.75,0.55,255,33,0.13,0.03,0.0,0.0,0.0,0.03,0.39,0.82,mscan,1,0,NORMAL,0,0
0,tcp,ftp_data,SF,12,0,0,0,0,0,0,0,0,0,0,0,0,0,0,0,0,0,2,2,0.0,0.0,0.0,0.0,1.0,0.0,0.0,4,14,1.0,0.0,1.0,0.21,0.0,0.0,0.0,0.0,warezmaster,1,0,NORMAL,0,0
7591,tcp,telnet,SF,0,44,0,0,0,0,0,0,0,0,0,0,0,0,0,0,0,0,1,1,0.0,0.0,0.0,0.0,1.0,0.0,0.0,255,160,0.63,0.35,0.0,0.0,0.49,0.79,0.34,0.01,processtable,1,0,NORMAL,0,0
283,tcp,ftp,SF,158,595,0,0,0,2,0,1,0,0,0,0,0,0,0,0,0,1,1,1,0.0,0.0,0.0,0.0,1.0,0.0,0.0,255,98,0.38,0.03,0.0,0.0,0.02,0.0,0.01,0.0,warezmaster,1,0,NORMAL,0,0
0,udp,private,SF,50,0,0,0,0,0,0,0,0,0,0,0,0,0,0,0,0,0,2,2,0.0,0.0,0.0,0.0,1.0,0.0,0.0,255,255,1.0,0.0,0.01,0.0,0.0,0.0,0.0,0.0,snmpguess,1,0,NORMAL,0,0
373,tcp,telnet,SF,2954,4768,0,0,0,0,0,1,3,0,0,1,6,0,1,0,0,0,1,1,0.0,0.0,0.0,0.0,1.0,0.0,0.0,255,13,0.05,0.72,0.0,0.0,0.0,0.0,0.69,0.08,buffer_overflow,1,0,NORMAL,0,0
0,tcp,ftp,SF,26,157,0,0,0,0,1,0,0,0,0,0,0,0,0,0,0,1,1,1,0.0,0.0,0.0,0.0,1.0,0.0,0.0,223,111,0.5,0.03,0.0,0.0,0.0,0.0,0.0,0.0,guess_passwd,1,0,NORMAL,0,0
0,tcp,imap4,RSTO,0,44,0,0,0,0,0,0,0,0,0,0,0,0,0,0,0,0,1,2,0.0,0.0,1.0,1.0,1.0,0.0,1.0,255,46,0.18,0.03,0.0,0.0,0.02,0.07,0.65,0.89,mscan,1,0,NORMAL,0,0
0,tcp,http,S0,0,0,0,0,0,0,0,0,0,0,0,0,0,0,0,0,0,0,32,32,0.81,0.81,0.16,0.16,1.0,0.0,0.0,255,255,1.0,0.0,0.0,0.0,0.15,0.15,0.7,0.7,apache2,1,0,NORMAL,0,0
0,udp,private,SF,1,1,0,0,0,0,0,0,0,0,0,0,0,0,0,0,0,0,66,3,0.0,0.0,0.0,0.0,0.05,0.67,0.0,255,3,0.01,0.73,0.97,0.0,0.0,0.0,0.03,0.0,normal,0,1,ATTACK,1,0
2,tcp,telnet,RSTO,0,15,0,0,0,0,0,0,0,0,0,0,0,0,0,0,0,0,1,11,0.0,0.09,1.0,0.45,1.0,0.0,0.64,255,29,0.11,0.03,0.0,0.0,0.01,0.0,0.31,0.79,mscan,1,0,NORMAL,0,0
0,tcp,ftp_data,SF,12,0,0,0,0,0,0,0,0,0,0,0,0,0,0,0,0,0,1,1,0.0,0.0,0.0,0.0,1.0,0.0,0.0,4,1,0.25,0.5,0.25,0.0,0.0,0.0,0.0,0.0,warezmaster,1,0,NORMAL,0,0
0,udp,private,SF,105,147,0,0,0,0,0,0,0,0,0,0,0,0,0,0,0,0,2,2,0.0,0.0,0.0,0.0,1.0,0.0,0.0,255,252,0.99,0.01,0.0,0.0,0.0,0.0,0.0,0.0,snmpgetattack,1,0,NORMAL,0,0
0,icmp,eco_i,SF,40008,0,0,0,0,0,0,0,0,0,0,0,0,0,0,0,0,0,3,3,0.0,0.0,0.0,0.0,1.0,0.0,0.0,146,145,0.25,0.03,0.25,0.39,0.0,0.0,0.02,0.0,normal,0,1,ATTACK,1,0
0,tcp,other,REJ,0,0,0,0,0,0,0,0,0,0,0,0,0,0,0,0,0,0,1,1,0.0,0.0,1.0,1.0,1.0,0.0,0.0,255,8,0.03,0.02,0.0,0.0,0.0,0.0,0.03,1.0,httptunnel,1,0,NORMAL,0,0
4,tcp,pop_3,SF,32,93,0,0,0,0,0,1,0,0,0,0,0,0,0,0,0,0,1,1,0.0,0.0,0.0,0.0,1.0,0.0,0.0,9,12,1.0,0.0,0.11,0.25,0.0,0.0,0.0,0.0,guess_passwd,1,0,NORMAL,0,0
0,icmp,urp_i,SF,36,0,0,0,0,0,0,0,0,0,0,0,0,0,0,0,0,0,1,1,0.0,0.0,0.0,0.0,1.0,0.0,0.0,18,18,1.0,0.0,1.0,0.0,0.0,0.0,0.0,0.0,snmpguess,1,0,NORMAL,0,0
281,tcp,ftp,SF,156,593,0,0,0,2,0,1,0,0,0,0,0,0,0,0,0,1,1,1,0.0,0.0,0.0,0.0,1.0,0.0,0.0,123,46,0.37,0.05,0.01,0.0,0.0,0.0,0.0,0.0,warezmaster,1,0,NORMAL,0,0
4,tcp,pop_3,SF,28,93,0,0,0,0,0,1,0,0,0,0,0,0,0,0,0,0,1,1,0.0,0.0,0.0,0.0,1.0,0.0,0.0,251,232,0.92,0.01,0.0,0.0,0.0,0.0,0.04,0.0,guess_passwd,1,0,NORMAL,0,0
2,tcp,telnet,RSTO,0,15,0,0,0,0,0,0,0,0,0,0,0,0,0,0,0,0,1,10,0.0,0.1,1.0,0.5,1.0,0.0,0.6,255,49,0.19,0.03,0.0,0.0,0.01,0.0,0.52,0.73,mscan,1,0,NORMAL,0,0
284,tcp,ftp,SF,160,597,0,0,0,2,0,1,0,0,0,0,0,0,0,0,0,1,1,1,0.0,0.0,0.0,0.0,1.0,0.0,0.0,255,16,0.06,0.94,0.0,0.0,0.0,0.0,0.93,0.0,warezmaster,1,0,NORMAL,0,0
0,tcp,ftp_data,SF,12,0,0,0,0,0,0,0,0,0,0,0,0,0,0,0,0,0,1,1,0.0,0.0,0.0,0.0,1.0,0.0,0.0,30,7,0.23,0.07,0.23,0.0,0.0,0.0,0.0,0.0,warezmaster,1,0,NORMAL,0,0
0,udp,private,SF,28,0,0,3,0,0,0,0,0,0,0,0,0,0,0,0,0,0,28,28,0.0,0.0,0.0,0.0,1.0,0.0,0.0,53,28,0.53,0.08,0.53,0.0,0.0,0.0,0.0,0.0,normal,0,1,ATTACK,1,0
1,tcp,smtp,SF,2599,293,0,0,0,0,0,1,0,0,0,0,0,0,0,0,0,0,4,3,0.0,0.0,0.25,0.0,0.75,0.5,0.0,255,247,0.97,0.04,0.0,0.0,0.0,0.0,0.03,0.0,mailbomb,1,0,NORMAL,0,0
0,tcp,telnet,SF,125,174,0,0,0,0,1,0,0,0,0,0,0,0,0,0,0,0,1,1,0.0,0.0,0.0,0.0,1.0,0.0,0.0,255,116,0.45,0.02,0.0,0.0,0.0,0.0,0.01,0.03,guess_passwd,1,0,NORMAL,0,0
281,tcp,ftp,SF,156,593,0,0,0,2,0,1,0,0,0,0,0,0,0,0,0,1,1,1,0.0,0.0,0.0,0.0,1.0,0.0,0.0,255,37,0.15,0.02,0.0,0.0,0.0,0.0,0.45,0.0,warezmaster,1,0,NORMAL,0,0
0,tcp,telnet,SF,123,174,0,0,0,0,1,0,0,0,0,0,0,0,0,0,0,0,1,1,0.0,0.0,0.0,0.0,1.0,0.0,0.0,255,143,0.56,0.02,0.0,0.0,0.0,0.0,0.02,0.03,guess_passwd,1,0,NORMAL,0,0
1,tcp,smtp,SF,2599,293,0,0,0,0,0,1,0,0,0,0,0,0,0,0,0,0,2,2,0.0,0.0,0.0,0.0,1.0,0.0,0.0,255,74,0.29,0.14,0.0,0.0,0.0,0.0,0.69,0.0,mailbomb,1,0,NORMAL,0,0
5,tcp,pop_3,SF,32,93,0,0,0,0,0,1,0,0,0,0,0,0,0,0,0,0,1,1,0.0,0.0,0.0,0.0,1.0,0.0,0.0,137,120,0.87,0.02,0.01,0.02,0.0,0.0,0.07,0.0,guess_passwd,1,0,NORMAL,0,0
0,udp,private,SF,105,147,0,0,0,0,0,0,0,0,0,0,0,0,0,0,0,0,1,1,0.0,0.0,0.0,0.0,1.0,0.0,0.0,86,85,0.99,0.02,0.01,0.0,0.0,0.0,0.0,0.0,snmpgetattack,1,0,NORMAL,0,0
0,tcp,telnet,S3,0,44,0,0,0,0,0,0,0,0,0,0,0,0,0,0,0,0,1,1,1.0,1.0,0.0,0.0,1.0,0.0,0.0,255,85,0.33,0.59,0.0,0.0,0.24,0.71,0.58,0.0,processtable,1,0,NORMAL,0,0
0,tcp,http,S0,0,0,0,0,0,0,0,0,0,0,0,0,0,0,0,0,0,0,47,47,0.87,0.87,0.11,0.11,1.0,0.0,0.0,255,255,1.0,0.0,0.0,0.0,0.21,0.21,0.7,0.7,apache2,1,0,NORMAL,0,0
0,tcp,telnet,SF,123,174,0,0,0,0,1,0,0,0,0,0,0,0,0,0,0,0,1,1,0.0,0.0,0.0,0.0,1.0,0.0,0.0,255,117,0.46,0.02,0.0,0.0,0.0,0.0,0.01,0.03,guess_passwd,1,0,NORMAL,0,0
283,tcp,ftp,SF,156,593,0,0,0,2,0,1,0,0,0,0,0,0,0,0,0,1,1,1,0.0,0.0,0.0,0.0,1.0,0.0,0.0,255,85,0.33,0.03,0.0,0.0,0.02,0.0,0.01,0.0,warezmaster,1,0,NORMAL,0,0
0,tcp,ftp,SF,26,157,0,0,0,0,1,0,0,0,0,0,0,0,0,0,0,1,1,1,0.0,0.0,0.0,0.0,1.0,0.0,0.0,251,127,0.51,0.02,0.0,0.0,0.0,0.0,0.0,0.0,guess_passwd,1,0,NORMAL,0,0
0,udp,private,SF,43,0,0,0,0,0,0,0,0,0,0,0,0,0,0,0,0,0,5,5,0.0,0.0,0.0,0.0,1.0,0.0,0.0,255,254,1.0,0.01,0.0,0.0,0.0,0.0,0.0,0.0,snmpguess,1,0,NORMAL,0,0
0,tcp,telnet,SF,121,174,0,0,0,0,1,0,0,0,0,0,0,0,0,0,0,0,1,1,0.0,0.0,0.0,0.0,1.0,0.0,0.0,255,100,0.39,0.02,0.0,0.0,0.0,0.0,0.01,0.03,guess_passwd,1,0,NORMAL,0,0
0,tcp,other,RSTR,0,0,0,0,0,0,0,0,0,0,0,0,0,0,0,0,0,0,1,1,0.0,0.0,1.0,1.0,1.0,0.0,0.0,255,1,0.0,0.93,0.93,0.0,0.0,0.0,0.92,1.0,normal,0,1,ATTACK,1,0
281,tcp,ftp,SF,158,595,0,0,0,2,0,1,0,0,0,0,0,0,0,0,0,1,1,1,0.0,0.0,0.0,0.0,1.0,0.0,0.0,110,44,0.4,0.05,0.01,0.0,0.0,0.0,0.0,0.0,warezmaster,1,0,NORMAL,0,0
7469,tcp,telnet,SF,0,44,0,0,0,0,0,0,0,0,0,0,0,0,0,0,0,0,1,1,0.0,0.0,0.0,0.0,1.0,0.0,0.0,255,207,0.81,0.03,0.0,0.0,0.33,0.41,0.12,0.07,processtable,1,0,NORMAL,0,0
0,tcp,telnet,SF,120,174,0,0,0,0,1,0,0,0,0,0,0,0,0,0,0,0,1,1,0.0,0.0,0.0,0.0,1.0,0.0,0.0,255,238,0.93,0.02,0.0,0.0,0.0,0.0,0.02,0.03,guess_passwd,1,0,NORMAL,0,0
0,udp,private,SF,105,146,0,0,0,0,0,0,0,0,0,0,0,0,0,0,0,0,1,1,0.0,0.0,0.0,0.0,1.0,0.0,0.0,111,111,1.0,0.0,0.01,0.0,0.0,0.0,0.0,0.0,snmpgetattack,1,0,NORMAL,0,0
0,udp,private,SF,43,0,0,0,0,0,0,0,0,0,0,0,0,0,0,0,0,0,1,1,0.0,0.0,0.0,0.0,1.0,0.0,0.0,255,255,1.0,0.0,0.02,0.0,0.0,0.0,0.0,0.0,snmpguess,1,0,NORMAL,0,0
1,tcp,smtp,SF,2599,293,0,0,0,0,0,1,0,0,0,0,0,0,0,0,0,0,3,3,0.0,0.0,0.0,0.0,1.0,0.0,0.0,255,207,0.81,0.13,0.0,0.0,0.0,0.0,0.18,0.0,mailbomb,1,0,NORMAL,0,0
0,tcp,pop_3,SF,30,217,0,0,0,0,0,1,0,0,0,0,0,0,0,0,0,0,1,1,0.0,0.0,0.0,0.0,1.0,0.0,0.0,90,12,0.13,0.06,0.01,0.0,0.0,0.0,0.0,0.0,guess_passwd,1,0,NORMAL,0,0
1,tcp,smtp,SF,2599,293,0,0,0,0,0,1,0,0,0,0,0,0,0,0,0,0,3,3,0.0,0.0,0.0,0.0,1.0,0.0,0.0,255,154,0.6,0.13,0.0,0.0,0.0,0.0,0.38,0.0,mailbomb,1,0,NORMAL,0,0
909,tcp,http,RSTR,1024,0,0,0,0,0,0,1,0,0,0,0,0,0,0,0,0,0,78,78,0.0,0.0,1.0,1.0,1.0,0.0,0.0,255,255,1.0,0.0,0.0,0.0,0.0,0.0,0.41,0.41,apache2,1,0,NORMAL,0,0
0,udp,private,SF,28,0,0,3,0,0,0,0,0,0,0,0,0,0,0,0,0,0,40,40,0.0,0.0,0.0,0.0,1.0,0.0,0.0,255,40,0.16,0.02,0.16,0.0,0.0,0.0,0.0,0.0,normal,0,1,ATTACK,1,0
4,tcp,pop_3,SF,28,93,0,0,0,0,0,1,0,0,0,0,0,0,0,0,0,0,1,1,0.0,0.0,0.0,0.0,1.0,0.0,0.0,255,247,0.97,0.01,0.0,0.0,0.0,0.0,0.02,0.0,guess_passwd,1,0,NORMAL,0,0
7348,tcp,telnet,SF,0,44,0,0,0,0,0,0,0,0,0,0,0,0,0,0,0,0,1,1,0.0,0.0,0.0,0.0,1.0,0.0,0.0,255,233,0.91,0.02,0.0,0.0,0.33,0.36,0.1,0.05,processtable,1,0,NORMAL,0,0
7538,tcp,telnet,SF,0,44,0,0,0,0,0,0,0,0,0,0,0,0,0,0,0,0,1,1,0.0,0.0,0.0,0.0,1.0,0.0,0.0,255,173,0.68,0.3,0.0,0.0,0.5,0.73,0.3,0.01,processtable,1,0,NORMAL,0,0
788,tcp,http,RSTR,1024,0,0,0,0,0,0,1,0,0,0,0,0,0,0,0,0,0,52,52,0.12,0.12,0.88,0.88,1.0,0.0,0.0,255,254,1.0,0.01,0.0,0.0,0.03,0.03,0.73,0.73,apache2,1,0,NORMAL,0,0
0,tcp,telnet,REJ,0,0,0,0,0,0,0,0,0,0,0,0,0,0,0,0,0,0,1,5,0.0,0.0,1.0,1.0,1.0,0.0,1.0,101,87,0.35,0.05,0.01,0.02,0.0,0.0,0.89,0.69,mscan,1,0,NORMAL,0,0
8220,tcp,telnet,SF,0,15,0,0,0,0,0,0,0,0,0,0,0,0,0,0,0,0,1,1,0.0,0.0,0.0,0.0,1.0,0.0,0.0,255,63,0.25,0.02,0.0,0.0,0.77,0.81,0.01,0.03,processtable,1,0,NORMAL,0,0
0,udp,private,SF,43,0,0,0,0,0,0,0,0,0,0,0,0,0,0,0,0,0,4,4,0.0,0.0,0.0,0.0,1.0,0.0,0.0,255,254,1.0,0.01,0.01,0.0,0.0,0.0,0.0,0.0,snmpguess,1,0,NORMAL,0,0
7362,tcp,telnet,SF,0,44,0,0,0,0,0,0,0,0,0,0,0,0,0,0,0,0,1,1,0.0,0.0,0.0,0.0,1.0,0.0,0.0,255,216,0.85,0.16,0.0,0.0,0.5,0.59,0.15,0.01,processtable,1,0,NORMAL,0,0
0,tcp,telnet,S3,0,44,0,0,0,0,0,0,0,0,0,0,0,0,0,0,0,0,1,1,1.0,1.0,0.0,0.0,1.0,0.0,0.0,255,110,0.43,0.51,0.0,0.0,0.33,0.77,0.49,0.0,processtable,1,0,NORMAL,0,0
0,tcp,telnet,S3,0,44,0,0,0,0,0,0,0,0,0,0,0,0,0,0,0,0,1,1,1.0,1.0,0.0,0.0,1.0,0.0,0.0,255,79,0.31,0.61,0.0,0.0,0.21,0.68,0.6,0.0,processtable,1,0,NORMAL,0,0
6,tcp,telnet,SF,154,300,0,0,0,0,4,0,0,0,0,0,0,0,0,0,0,0,1,1,0.0,0.0,0.0,0.0,1.0,0.0,0.0,255,1,0.0,0.02,0.0,0.0,0.0,0.0,0.0,0.0,sendmail,1,0,NORMAL,0,0
0,tcp,sunrpc,REJ,0,0,0,0,0,0,0,0,0,0,0,0,0,0,0,0,0,0,1,4,0.0,0.0,1.0,1.0,1.0,0.0,1.0,255,28,0.11,0.03,0.0,0.0,0.0,0.0,0.52,1.0,mscan,1,0,NORMAL,0,0
0,tcp,http,S0,0,0,0,0,0,0,0,0,0,0,0,0,0,0,0,0,0,0,34,34,0.03,0.03,0.97,0.97,1.0,0.0,0.0,255,255,1.0,0.0,0.0,0.0,0.01,0.01,0.58,0.58,apache2,1,0,NORMAL,0,0
3,tcp,pop_3,SF,28,93,0,0,0,0,0,1,0,0,0,0,0,0,0,0,0,0,1,1,0.0,0.0,0.0,0.0,1.0,0.0,0.0,255,248,0.97,0.01,0.0,0.0,0.0,0.0,0.0,0.0,guess_passwd,1,0,NORMAL,0,0
3,tcp,pop_3,SF,30,93,0,0,0,0,0,1,0,0,0,0,0,0,0,0,0,0,1,1,0.0,0.0,0.0,0.0,1.0,0.0,0.0,255,217,0.85,0.04,0.0,0.0,0.0,0.0,0.0,0.0,guess_passwd,1,0,NORMAL,0,0
0,tcp,telnet,S3,0,44,0,0,0,0,0,0,0,0,0,0,0,0,0,0,0,0,1,1,1.0,1.0,0.0,0.0,1.0,0.0,0.0,255,128,0.5,0.45,0.0,0.0,0.39,0.78,0.44,0.02,processtable,1,0,NORMAL,0,0
281,tcp,ftp,SF,164,599,0,0,0,2,0,1,0,0,0,0,0,0,0,0,0,1,1,1,0.0,0.0,0.0,0.0,1.0,0.0,0.0,255,94,0.37,0.03,0.0,0.0,0.0,0.0,0.0,0.0,warezmaster,1,0,NORMAL,0,0
1,tcp,smtp,SF,2599,293,0,0,0,0,0,1,0,0,0,0,0,0,0,0,0,0,3,3,0.0,0.0,0.0,0.0,1.0,0.0,0.0,255,24,0.09,0.16,0.0,0.0,0.0,0.0,0.89,0.0,mailbomb,1,0,NORMAL,0,0
0,udp,private,SF,42,0,0,0,0,0,0,0,0,0,0,0,0,0,0,0,0,0,1,1,0.0,0.0,0.0,0.0,1.0,0.0,0.0,255,254,1.0,0.01,0.01,0.0,0.0,0.0,0.0,0.0,snmpguess,1,0,NORMAL,0,0
4,tcp,pop_3,SF,30,93,0,0,0,0,0,1,0,0,0,0,0,0,0,0,0,0,1,1,0.0,0.0,0.0,0.0,1.0,0.0,0.0,255,224,0.88,0.02,0.0,0.0,0.0,0.0,0.02,0.0,guess_passwd,1,0,NORMAL,0,0
4,tcp,pop_3,SF,28,93,0,0,0,0,0,1,0,0,0,0,0,0,0,0,0,0,1,1,0.0,0.0,0.0,0.0,1.0,0.0,0.0,255,247,0.97,0.02,0.0,0.0,0.0,0.0,0.02,0.0,guess_passwd,1,0,NORMAL,0,0
7246,tcp,telnet,SF,0,44,0,0,0,0,0,0,0,0,0,0,0,0,0,0,0,0,1,1,0.0,0.0,0.0,0.0,1.0,0.0,0.0,255,229,0.9,0.1,0.0,0.0,0.5,0.55,0.1,0.01,processtable,1,0,NORMAL,0,0
0,tcp,http,S0,0,0,0,0,0,0,0,0,0,0,0,0,0,0,0,0,0,0,14,14,0.21,0.21,0.79,0.79,1.0,0.0,0.0,255,244,0.96,0.01,0.0,0.0,0.03,0.03,0.56,0.58,apache2,1,0,NORMAL,0,0
282,tcp,ftp,SF,157,594,0,0,0,2,0,1,0,0,0,0,0,0,0,0,0,1,1,1,0.0,0.0,0.0,0.0,1.0,0.0,0.0,21,17,0.81,0.14,0.05,0.0,0.0,0.0,0.0,0.0,warezmaster,1,0,NORMAL,0,0
7570,tcp,telnet,SF,0,44,0,0,0,0,0,0,0,0,0,0,0,0,0,0,0,0,1,1,0.0,0.0,0.0,0.0,1.0,0.0,0.0,255,180,0.71,0.02,0.0,0.0,0.43,0.42,0.01,0.01,processtable,1,0,NORMAL,0,0
0,tcp,telnet,S3,0,44,0,0,0,0,0,0,0,0,0,0,0,0,0,0,0,0,1,1,1.0,1.0,0.0,0.0,1.0,0.0,0.0,255,154,0.6,0.37,0.0,0.0,0.49,0.82,0.36,0.01,processtable,1,0,NORMAL,0,0
0,udp,private,SF,46,0,0,0,0,0,0,0,0,0,0,0,0,0,0,0,0,0,3,3,0.0,0.0,0.0,0.0,1.0,0.0,0.0,255,255,1.0,0.0,0.0,0.0,0.0,0.0,0.0,0.0,snmpguess,1,0,NORMAL,0,0
0,tcp,ftp_data,SF,12,0,0,0,0,0,0,0,0,0,0,0,0,0,0,0,0,0,1,1,0.0,0.0,0.0,0.0,1.0,0.0,0.0,147,66,0.21,0.04,0.21,0.03,0.01,0.0,0.01,0.0,warezmaster,1,0,NORMAL,0,0
0,tcp,telnet,SF,122,174,0,0,0,0,1,0,0,0,0,0,0,0,0,0,0,0,1,1,0.0,0.0,0.0,0.0,1.0,0.0,0.0,255,255,1.0,0.0,0.0,0.0,0.01,0.01,0.02,0.02,guess_passwd,1,0,NORMAL,0,0
280,tcp,ftp_data,SF,283618,0,0,0,0,0,0,0,0,0,0,0,0,0,0,0,0,0,2,2,0.0,0.0,0.0,0.0,1.0,0.0,0.0,115,51,0.05,0.05,0.05,0.04,0.01,0.0,0.01,0.0,warezmaster,1,0,NORMAL,0,0
0,tcp,telnet,S3,0,44,0,0,0,0,0,0,0,0,0,0,0,0,0,0,0,0,1,1,1.0,1.0,0.0,0.0,1.0,0.0,0.0,255,82,0.32,0.6,0.0,0.0,0.22,0.7,0.58,0.0,processtable,1,0,NORMAL,0,0
0,tcp,pop_3,SF,30,217,0,0,0,0,0,1,0,0,0,0,0,0,0,0,0,0,1,1,0.0,0.0,0.0,0.0,1.0,0.0,0.0,37,6,0.16,0.14,0.03,0.0,0.0,0.0,0.0,0.0,guess_passwd,1,0,NORMAL,0,0
0,udp,private,SF,105,105,0,0,0,0,0,0,0,0,0,0,0,0,0,0,0,0,1,1,0.0,0.0,0.0,0.0,1.0,0.0,0.0,255,254,1.0,0.01,0.0,0.0,0.0,0.0,0.0,0.0,snmpgetattack,1,0,NORMAL,0,0
0,udp,private,SF,1,26,0,0,0,0,0,0,0,0,0,0,0,0,0,0,0,0,13,12,0.0,0.0,0.0,0.0,0.92,0.15,0.0,255,13,0.05,0.65,0.38,0.0,0.03,0.0,0.56,0.0,normal,0,1,ATTACK,1,0
71,tcp,telnet,SF,2783,15242,0,0,0,10,0,1,2,1,0,0,0,0,0,0,0,0,1,1,0.0,0.0,0.0,0.0,1.0,0.0,0.0,255,1,0.0,0.01,0.0,0.0,0.0,0.0,0.0,0.0,buffer_overflow,1,0,NORMAL,0,0
7426,tcp,telnet,SF,0,44,0,0,0,0,0,0,0,0,0,0,0,0,0,0,0,0,1,1,0.0,0.0,0.0,0.0,1.0,0.0,0.0,255,201,0.79,0.21,0.0,0.0,0.5,0.63,0.2,0.01,processtable,1,0,NORMAL,0,0
7293,tcp,telnet,SF,0,44,0,0,0,0,0,0,0,0,0,0,0,0,0,0,0,0,1,1,0.0,0.0,0.0,0.0,1.0,0.0,0.0,255,236,0.93,0.02,0.0,0.0,0.27,0.29,0.01,0.0,processtable,1,0,NORMAL,0,0
0,udp,private,SF,41,0,0,0,0,0,0,0,0,0,0,0,0,0,0,0,0,0,3,3,0.0,0.0,0.0,0.0,1.0,0.0,0.0,255,254,1.0,0.01,0.01,0.0,0.0,0.0,0.0,0.0,snmpguess,1,0,NORMAL,0,0
4,tcp,pop_3,SF,32,93,0,0,0,0,0,1,0,0,0,0,0,0,0,0,0,0,1,1,0.0,0.0,0.0,0.0,1.0,0.0,0.0,255,243,0.95,0.02,0.0,0.0,0.0,0.0,0.03,0.0,guess_passwd,1,0,NORMAL,0,0
284,tcp,ftp,SF,162,599,0,0,0,2,0,1,0,0,0,0,0,0,0,0,0,1,1,1,0.0,0.0,0.0,0.0,1.0,0.0,0.0,139,8,0.06,0.65,0.01,0.0,0.0,0.0,0.65,0.12,warezmaster,1,0,NORMAL,0,0
0,udp,private,SF,48,0,0,0,0,0,0,0,0,0,0,0,0,0,0,0,0,0,3,3,0.0,0.0,0.0,0.0,1.0,0.0,0.0,255,255,1.0,0.0,0.01,0.0,0.0,0.0,0.0,0.0,snmpguess,1,0,NORMAL,0,0
7410,tcp,telnet,SF,0,44,0,0,0,0,0,0,0,0,0,0,0,0,0,0,0,0,1,1,0.0,0.0,0.0,0.0,1.0,0.0,0.0,255,212,0.83,0.02,0.0,0.0,0.28,0.33,0.01,0.01,processtable,1,0,NORMAL,0,0
0,tcp,other,REJ,0,0,0,0,0,0,0,0,0,0,0,0,0,0,0,0,0,0,1,1,0.0,0.0,1.0,1.0,1.0,0.0,0.0,255,50,0.2,0.02,0.0,0.0,0.0,0.0,0.18,0.84,httptunnel,1,0,NORMAL,0,0
5,tcp,pop_3,SF,26,93,0,0,0,0,0,1,0,0,0,0,0,0,0,0,0,0,1,1,0.0,0.0,0.0,0.0,1.0,0.0,0.0,57,55,0.95,0.04,0.02,0.04,0.0,0.0,0.0,0.0,guess_passwd,1,0,NORMAL,0,0
281,tcp,ftp,SF,161,599,0,0,0,2,0,1,0,0,0,0,0,0,0,0,0,1,3,1,0.0,0.0,0.0,0.0,0.33,0.67,0.0,255,1,0.0,0.04,0.0,0.0,0.0,0.0,0.03,0.0,warezmaster,1,0,NORMAL,0,0
0,tcp,other,REJ,0,0,0,0,0,0,0,0,0,0,0,0,0,0,0,0,0,0,1,1,0.0,0.0,1.0,1.0,1.0,0.0,0.0,45,4,0.09,0.11,0.02,0.0,0.0,0.0,0.04,0.5,httptunnel,1,0,NORMAL,0,0
0,udp,private,SF,45,45,0,0,0,0,0,0,0,0,0,0,0,0,0,0,0,0,2,2,0.0,0.0,0.0,0.0,1.0,0.0,0.0,255,254,1.0,0.01,0.01,0.0,0.0,0.0,0.0,0.0,snmpguess,1,0,NORMAL,0,0
283,tcp,ftp,SF,160,595,0,0,0,2,0,1,0,0,0,0,0,0,0,0,0,1,1,1,0.0,0.0,0.0,0.0,1.0,0.0,0.0,255,92,0.36,0.03,0.0,0.0,0.02,0.0,0.01,0.0,warezmaster,1,0,NORMAL,0,0
8196,tcp,telnet,SF,0,15,0,0,0,0,0,0,0,0,0,0,0,0,0,0,0,0,1,1,0.0,0.0,0.0,0.0,1.0,0.0,0.0,255,40,0.16,0.04,0.0,0.0,0.0,0.03,0.08,0.25,processtable,1,0,NORMAL,0,0
0,tcp,telnet,S3,0,44,0,0,0,0,0,0,0,0,0,0,0,0,0,0,0,0,1,1,1.0,1.0,0.0,0.0,1.0,0.0,0.0,255,125,0.49,0.02,0.0,0.0,0.53,0.41,0.01,0.01,processtable,1,0,NORMAL,0,0
7570,tcp,telnet,SF,0,44,0,0,0,0,0,0,0,0,0,0,0,0,0,0,0,0,1,1,0.0,0.0,0.0,0.0,1.0,0.0,0.0,255,165,0.65,0.33,0.0,0.0,0.49,0.76,0.33,0.01,processtable,1,0,NORMAL,0,0
0,tcp,other,REJ,0,0,0,0,0,0,0,0,0,0,0,0,0,0,0,0,0,0,1,1,0.0,0.0,1.0,1.0,1.0,0.0,0.0,255,9,0.04,0.02,0.0,0.0,0.0,0.0,0.05,1.0,httptunnel,1,0,NORMAL,0,0
4,tcp,pop_3,SF,28,93,0,0,0,0,0,1,0,0,0,0,0,0,0,0,0,0,1,1,0.0,0.0,0.0,0.0,1.0,0.0,0.0,255,241,0.95,0.01,0.0,0.0,0.0,0.0,0.03,0.0,guess_passwd,1,0,NORMAL,0,0
0,udp,private,SF,46,0,0,0,0,0,0,0,0,0,0,0,0,0,0,0,0,0,4,4,0.0,0.0,0.0,0.0,1.0,0.0,0.0,255,255,1.0,0.0,0.01,0.0,0.0,0.0,0.0,0.0,snmpguess,1,0,NORMAL,0,0
5,tcp,telnet,RSTO,123,177,0,0,0,0,1,0,0,0,0,0,0,0,0,0,0,0,1,1,0.0,0.0,1.0,1.0,1.0,0.0,0.0,255,2,0.01,0.02,0.0,0.0,0.0,0.0,0.0,0.5,guess_passwd,1,0,NORMAL,0,0
1,tcp,smtp,SF,2599,293,0,0,0,0,0,1,0,0,0,0,0,0,0,0,0,0,2,2,0.0,0.0,0.0,0.0,1.0,0.0,0.0,255,113,0.44,0.15,0.0,0.0,0.0,0.0,0.54,0.0,mailbomb,1,0,NORMAL,0,0
4,tcp,pop_3,SF,26,93,0,0,0,0,0,1,0,0,0,0,0,0,0,0,0,0,1,1,0.0,0.0,0.0,0.0,1.0,0.0,0.0,35,35,0.97,0.06,0.03,0.06,0.0,0.0,0.0,0.0,guess_passwd,1,0,NORMAL,0,0
0,udp,private,SF,40,0,0,0,0,0,0,0,0,0,0,0,0,0,0,0,0,0,3,3,0.0,0.0,0.0,0.0,1.0,0.0,0.0,255,255,1.0,0.0,0.0,0.0,0.0,0.0,0.0,0.0,snmpguess,1,0,NORMAL,0,0
0,tcp,telnet,S3,0,44,0,0,0,0,0,0,0,0,0,0,0,0,0,0,0,0,1,1,1.0,1.0,0.0,0.0,1.0,0.0,0.0,255,83,0.33,0.6,0.0,0.0,0.23,0.7,0.58,0.0,processtable,1,0,NORMAL,0,0
4,tcp,pop_3,SF,32,93,0,0,0,0,0,1,0,0,0,0,0,0,0,0,0,0,1,1,0.0,0.0,0.0,0.0,1.0,0.0,0.0,255,212,0.83,0.02,0.0,0.0,0.0,0.0,0.07,0.0,guess_passwd,1,0,NORMAL,0,0
5,tcp,pop_3,SF,28,93,0,0,0,0,0,1,0,0,0,0,0,0,0,0,0,0,1,1,0.0,0.0,0.0,0.0,1.0,0.0,0.0,12,13,1.0,0.0,0.08,0.15,0.0,0.0,0.0,0.0,guess_passwd,1,0,NORMAL,0,0
0,tcp,ftp_data,SF,12,0,0,0,0,0,0,0,0,0,0,0,0,0,0,0,0,0,1,1,0.0,0.0,0.0,0.0,1.0,0.0,0.0,5,11,1.0,0.0,1.0,0.18,0.0,0.0,0.0,0.0,warezmaster,1,0,NORMAL,0,0
0,tcp,ftp,SF,26,157,0,0,0,0,1,0,0,0,0,0,0,0,0,0,0,1,1,1,0.0,0.0,0.0,0.0,1.0,0.0,0.0,59,31,0.53,0.07,0.02,0.0,0.0,0.0,0.0,0.0,guess_passwd,1,0,NORMAL,0,0
0,tcp,ftp_data,SF,12,0,0,0,0,0,0,0,0,0,0,0,0,0,0,0,0,0,1,1,0.0,0.0,0.0,0.0,1.0,0.0,0.0,6,13,0.83,0.33,0.83,0.15,0.0,0.0,0.0,0.0,warezmaster,1,0,NORMAL,0,0
0,tcp,telnet,RSTO,0,15,0,0,0,0,0,0,0,0,0,0,0,0,0,0,0,0,1,3,0.0,0.0,1.0,0.67,1.0,0.0,0.67,78,89,0.33,0.06,0.01,0.02,0.0,0.11,0.88,0.61,mscan,1,0,NORMAL,0,0
1,tcp,telnet,RSTO,0,15,0,0,0,0,0,0,0,0,0,0,0,0,0,0,0,0,1,6,0.0,0.17,1.0,0.5,1.0,0.0,0.67,255,16,0.06,0.03,0.0,0.0,0.0,0.0,0.18,0.81,mscan,1,0,NORMAL,0,0
7650,tcp,telnet,SF,0,44,0,0,0,0,0,0,0,0,0,0,0,0,0,0,0,0,1,1,0.0,0.0,0.0,0.0,1.0,0.0,0.0,255,163,0.64,0.03,0.0,0.0,0.33,0.52,0.11,0.08,processtable,1,0,NORMAL,0,0
0,tcp,imap4,REJ,0,0,0,0,0,0,0,0,0,0,0,0,0,0,0,0,0,0,1,7,0.0,0.0,1.0,1.0,1.0,0.0,1.0,45,12,0.27,0.07,0.02,0.0,0.0,0.0,0.64,1.0,mscan,1,0,NORMAL,0,0
282,tcp,ftp,SF,160,595,0,0,0,2,0,1,0,0,0,0,0,0,0,0,0,1,1,1,0.0,0.0,0.0,0.0,1.0,0.0,0.0,255,107,0.42,0.03,0.0,0.0,0.0,0.0,0.0,0.0,warezmaster,1,0,NORMAL,0,0
0,udp,private,SF,1,74,0,0,0,0,0,0,0,0,0,0,0,0,0,0,0,0,14,8,0.0,0.0,0.0,0.0,0.57,0.21,0.0,255,8,0.03,0.52,0.53,0.0,0.01,0.0,0.42,0.0,normal,0,1,ATTACK,1,0
1,tcp,smtp,SF,2599,293,0,0,0,0,0,1,0,0,0,0,0,0,0,0,0,0,4,3,0.0,0.0,0.0,0.0,0.75,0.5,0.0,255,246,0.96,0.04,0.0,0.0,0.0,0.0,0.03,0.0,mailbomb,1,0,NORMAL,0,0
280,tcp,ftp_data,SF,283618,0,0,0,0,0,0,0,0,0,0,0,0,0,0,0,0,0,2,2,0.0,0.0,0.0,0.0,1.0,0.0,0.0,10,26,1.0,0.0,1.0,0.08,0.0,0.0,0.0,0.0,warezmaster,1,0,NORMAL,0,0
3,tcp,pop_3,SF,36,236,0,0,0,0,0,1,0,0,0,0,0,0,0,0,0,0,1,1,0.0,0.0,0.0,0.0,1.0,0.0,0.0,255,2,0.01,0.02,0.0,0.0,0.0,0.0,0.0,0.0,guess_passwd,1,0,NORMAL,0,0
0,udp,private,SF,43,0,0,0,0,0,0,0,0,0,0,0,0,0,0,0,0,0,5,5,0.0,0.0,0.0,0.0,1.0,0.0,0.0,255,255,1.0,0.0,0.01,0.0,0.0,0.0,0.0,0.0,snmpguess,1,0,NORMAL,0,0
0,udp,private,SF,1,0,0,0,0,0,0,0,0,0,0,0,0,0,0,0,0,0,21,3,0.0,0.0,0.0,0.0,0.14,0.14,0.0,255,3,0.01,0.56,0.98,0.0,0.0,0.0,0.01,0.0,normal,0,1,ATTACK,1,0
0,udp,private,SF,105,147,0,0,0,0,0,0,0,0,0,0,0,0,0,0,0,0,3,2,0.0,0.0,0.0,0.0,0.67,0.67,0.0,255,252,0.99,0.01,0.0,0.0,0.0,0.0,0.0,0.0,snmpgetattack,1,0,NORMAL,0,0
4,tcp,pop_3,SF,32,93,0,0,0,0,0,1,0,0,0,0,0,0,0,0,0,0,1,1,0.0,0.0,0.0,0.0,1.0,0.0,0.0,255,250,0.98,0.01,0.0,0.0,0.0,0.0,0.0,0.0,guess_passwd,1,0,NORMAL,0,0
1,tcp,smtp,SF,2599,293,0,0,0,0,0,1,0,0,0,0,0,0,0,0,0,0,1,1,0.0,0.0,0.0,0.0,1.0,0.0,0.0,255,246,0.96,0.04,0.0,0.0,0.0,0.0,0.04,0.0,mailbomb,1,0,NORMAL,0,0
282,tcp,ftp,SF,160,597,0,0,0,2,0,1,0,0,0,0,0,0,0,0,0,1,3,1,0.0,0.0,0.0,0.0,0.33,0.67,0.0,255,1,0.0,0.04,0.0,0.0,0.0,0.0,0.03,0.0,warezmaster,1,0,NORMAL,0,0
7779,tcp,telnet,SF,0,44,0,0,0,0,0,0,0,0,0,0,0,0,0,0,0,0,1,1,0.0,0.0,0.0,0.0,1.0,0.0,0.0,255,114,0.45,0.49,0.0,0.0,0.35,0.77,0.48,0.0,processtable,1,0,NORMAL,0,0
280,tcp,ftp_data,SF,283618,0,0,0,0,0,0,0,0,0,0,0,0,0,0,0,0,0,1,1,0.0,0.0,0.0,0.0,1.0,0.0,0.0,8,7,0.88,0.25,0.88,0.0,0.0,0.0,0.0,0.0,warezmaster,1,0,NORMAL,0,0
283,tcp,ftp,SF,160,597,0,0,0,2,0,1,0,0,0,0,0,0,0,0,0,1,1,1,0.0,0.0,0.0,0.0,1.0,0.0,0.0,255,96,0.38,0.03,0.0,0.0,0.02,0.0,0.01,0.0,warezmaster,1,0,NORMAL,0,0
0,tcp,telnet,SF,128,174,0,0,0,0,1,0,0,0,0,0,0,0,0,0,0,0,1,1,0.0,0.0,0.0,0.0,1.0,0.0,0.0,255,254,1.0,0.01,0.0,0.0,0.01,0.01,0.02,0.02,guess_passwd,1,0,NORMAL,0,0
0,tcp,telnet,SF,127,174,0,0,0,0,1,0,0,0,0,0,0,0,0,0,0,0,2,2,0.0,0.0,0.0,0.0,1.0,0.0,0.0,255,193,0.76,0.02,0.0,0.0,0.0,0.0,0.02,0.03,guess_passwd,1,0,NORMAL,0,0
2,tcp,telnet,SF,0,48,0,0,0,0,0,0,0,0,0,0,0,0,0,0,0,0,1,11,0.0,0.09,0.0,0.82,1.0,0.0,1.0,189,95,0.5,0.02,0.01,0.0,0.0,0.0,0.63,0.27,mscan,1,0,NORMAL,0,0
8036,tcp,telnet,SF,0,44,0,0,0,0,0,0,0,0,0,0,0,0,0,0,0,0,1,1,0.0,0.0,0.0,0.0,1.0,0.0,0.0,255,79,0.31,0.03,0.0,0.0,0.01,0.03,0.11,0.16,processtable,1,0,NORMAL,0,0
0,udp,private,SF,46,0,0,0,0,0,0,0,0,0,0,0,0,0,0,0,0,0,1,1,0.0,0.0,0.0,0.0,1.0,0.0,0.0,255,255,1.0,0.0,0.0,0.0,0.0,0.0,0.0,0.0,snmpguess,1,0,NORMAL,0,0
0,tcp,telnet,S3,0,44,0,0,0,0,0,0,0,0,0,0,0,0,0,0,0,0,1,1,1.0,1.0,0.0,0.0,1.0,0.0,0.0,255,120,0.47,0.03,0.0,0.0,0.16,0.34,0.11,0.11,processtable,1,0,NORMAL,0,0
0,udp,private,SF,49,49,0,0,0,0,0,0,0,0,0,0,0,0,0,0,0,0,2,2,0.0,0.0,0.0,0.0,1.0,0.0,0.0,255,254,1.0,0.01,0.01,0.0,0.0,0.0,0.0,0.0,snmpguess,1,0,NORMAL,0,0
1,tcp,telnet,RSTO,0,15,0,0,0,0,0,0,0,0,0,0,0,0,0,0,0,0,1,7,0.0,0.0,1.0,0.57,1.0,0.0,0.57,193,83,0.33,0.03,0.01,0.02,0.0,0.0,0.9,0.71,mscan,1,0,NORMAL,0,0
0,tcp,http,S0,0,0,0,0,0,0,0,0,0,0,0,0,0,0,0,0,0,0,14,14,0.79,0.79,0.21,0.21,1.0,0.0,0.0,255,244,0.96,0.01,0.0,0.0,0.06,0.07,0.56,0.59,apache2,1,0,NORMAL,0,0
7,tcp,pop_3,SF,30,93,0,0,0,0,0,1,0,0,0,0,0,0,0,0,0,0,1,1,0.0,0.0,0.0,0.0,1.0,0.0,0.0,255,218,0.85,0.04,0.0,0.0,0.0,0.0,0.0,0.0,guess_passwd,1,0,NORMAL,0,0
0,tcp,http,S0,0,0,0,0,0,0,0,0,0,0,0,0,0,0,0,0,0,0,11,11,1.0,1.0,0.0,0.0,1.0,0.0,0.0,255,245,0.96,0.01,0.0,0.0,0.17,0.18,0.56,0.59,apache2,1,0,NORMAL,0,0
0,udp,private,SF,105,146,0,0,0,0,0,0,0,0,0,0,0,0,0,0,0,0,1,1,0.0,0.0,0.0,0.0,1.0,0.0,0.0,193,193,1.0,0.0,0.01,0.0,0.0,0.0,0.0,0.0,snmpgetattack,1,0,NORMAL,0,0
283,tcp,ftp,SF,158,595,0,0,0,2,0,1,0,0,0,0,0,0,0,0,0,1,1,1,0.0,0.0,0.0,0.0,1.0,0.0,0.0,11,9,0.82,0.18,0.09,0.0,0.0,0.0,0.0,0.0,warezmaster,1,0,NORMAL,0,0
0,udp,private,SF,105,146,0,0,0,0,0,0,0,0,0,0,0,0,0,0,0,0,1,1,0.0,0.0,0.0,0.0,1.0,0.0,0.0,65,65,1.0,0.0,0.02,0.0,0.0,0.0,0.0,0.0,snmpgetattack,1,0,NORMAL,0,0
0,tcp,pop_3,SF,30,217,0,0,0,0,0,1,0,0,0,0,0,0,0,0,0,0,1,1,0.0,0.0,0.0,0.0,1.0,0.0,0.0,25,3,0.12,0.2,0.04,0.0,0.0,0.0,0.0,0.0,guess_passwd,1,0,NORMAL,0,0
282,tcp,ftp,SF,160,599,0,0,0,2,0,1,0,0,0,0,0,0,0,0,0,1,1,1,0.0,0.0,0.0,0.0,1.0,0.0,0.0,255,42,0.16,0.02,0.0,0.0,0.0,0.0,0.5,0.0,warezmaster,1,0,NORMAL,0,0
7310,tcp,telnet,SF,0,44,0,0,0,0,0,0,0,0,0,0,0,0,0,0,0,0,1,1,0.0,0.0,0.0,0.0,1.0,0.0,0.0,255,229,0.9,0.11,0.0,0.0,0.5,0.55,0.11,0.01,processtable,1,0,NORMAL,0,0
0,udp,private,SF,105,147,0,0,0,0,0,0,0,0,0,0,0,0,0,0,0,0,1,1,0.0,0.0,0.0,0.0,1.0,0.0,0.0,255,255,1.0,0.0,0.0,0.0,0.0,0.0,0.0,0.0,snmpgetattack,1,0,NORMAL,0,0
2,tcp,telnet,SF,24,1254,0,0,0,0,0,0,0,0,0,0,0,0,0,0,0,0,4,11,0.0,0.09,0.75,0.45,0.5,0.75,0.55,230,86,0.34,0.02,0.0,0.02,0.01,0.0,0.87,0.69,mscan,1,0,NORMAL,0,0
192,tcp,telnet,SF,1713,18570,0,0,0,3,0,1,49,1,0,45,2,1,2,0,0,0,1,1,0.0,0.0,0.0,0.0,1.0,0.0,0.0,151,32,0.04,0.03,0.01,0.06,0.0,0.0,0.0,0.53,buffer_overflow,1,0,NORMAL,0,0
0,tcp,telnet,REJ,0,0,0,0,0,0,0,0,0,0,0,0,0,0,0,0,0,0,1,9,0.0,0.33,1.0,0.33,1.0,0.0,0.78,118,79,0.33,0.04,0.01,0.03,0.0,0.0,0.89,0.66,mscan,1,0,NORMAL,0,0
0,tcp,telnet,SF,124,174,0,0,0,0,1,0,0,0,0,0,0,0,0,0,0,0,1,1,0.0,0.0,0.0,0.0,1.0,0.0,0.0,255,137,0.54,0.02,0.0,0.0,0.0,0.0,0.02,0.03,guess_passwd,1,0,NORMAL,0,0
282,tcp,ftp,SF,160,597,0,0,0,2,0,1,0,0,0,0,0,0,0,0,0,1,1,1,0.0,0.0,0.0,0.0,1.0,0.0,0.0,164,78,0.48,0.02,0.01,0.0,0.0,0.0,0.0,0.0,warezmaster,1,0,NORMAL,0,0
0,tcp,http,S0,0,0,0,0,0,0,0,0,0,0,0,0,0,0,0,0,0,0,49,49,0.08,0.08,0.92,0.92,1.0,0.0,0.0,255,254,1.0,0.01,0.0,0.0,0.02,0.02,0.73,0.73,apache2,1,0,NORMAL,0,0
280,tcp,ftp_data,SF,283618,0,0,0,0,2,0,0,0,0,0,0,0,0,0,0,0,0,1,1,0.0,0.0,0.0,0.0,1.0,0.0,0.0,4,1,0.25,0.5,0.25,0.0,0.0,0.0,0.0,0.0,warezmaster,1,0,NORMAL,0,0
1,tcp,smtp,SF,2599,293,0,0,0,0,0,1,0,0,0,0,0,0,0,0,0,0,3,3,0.0,0.0,0.0,0.0,1.0,0.0,0.0,255,167,0.65,0.13,0.0,0.0,0.0,0.0,0.33,0.0,mailbomb,1,0,NORMAL,0,0
0,tcp,ftp_data,SF,12,0,0,0,0,0,0,0,0,0,0,0,0,0,0,0,0,0,1,1,0.0,0.0,0.0,0.0,1.0,0.0,0.0,7,29,1.0,0.0,1.0,0.17,0.0,0.0,0.0,0.0,warezmaster,1,0,NORMAL,0,0
1,tcp,smtp,SF,2599,293,0,0,0,0,0,1,0,0,0,0,0,0,0,0,0,0,2,2,0.0,0.0,0.0,0.0,1.0,0.0,0.0,255,157,0.62,0.13,0.0,0.0,0.0,0.0,0.37,0.0,mailbomb,1,0,NORMAL,0,0
4,tcp,pop_3,SF,32,93,0,0,0,0,0,1,0,0,0,0,0,0,0,0,0,0,1,1,0.0,0.0,0.0,0.0,1.0,0.0,0.0,255,193,0.76,0.02,0.0,0.0,0.0,0.0,0.08,0.0,guess_passwd,1,0,NORMAL,0,0
4,tcp,pop_3,SF,30,93,0,0,0,0,0,1,0,0,0,0,0,0,0,0,0,0,1,1,0.0,0.0,0.0,0.0,1.0,0.0,0.0,255,224,0.88,0.04,0.0,0.0,0.0,0.0,0.0,0.0,guess_passwd,1,0,NORMAL,0,0
1,tcp,smtp,SF,2599,293,0,0,0,0,0,1,0,0,0,0,0,0,0,0,0,0,2,2,0.0,0.0,0.0,0.0,1.0,0.0,0.0,255,235,0.92,0.08,0.0,0.0,0.0,0.0,0.07,0.0,mailbomb,1,0,NORMAL,0,0
282,tcp,ftp,SF,160,597,0,0,0,2,0,1,0,0,0,0,0,0,0,0,0,1,1,1,0.0,0.0,0.0,0.0,1.0,0.0,0.0,255,111,0.44,0.03,0.0,0.0,0.0,0.0,0.0,0.0,warezmaster,1,0,NORMAL,0,0
0,udp,private,SF,43,0,0,0,0,0,0,0,0,0,0,0,0,0,0,0,0,0,4,4,0.0,0.0,0.0,0.0,1.0,0.0,0.0,255,253,0.99,0.01,0.01,0.0,0.0,0.0,0.0,0.0,snmpguess,1,0,NORMAL,0,0
1,tcp,smtp,SF,2599,293,0,0,0,0,0,1,0,0,0,0,0,0,0,0,0,0,2,2,0.0,0.0,0.0,0.0,1.0,0.0,0.0,255,173,0.68,0.13,0.0,0.0,0.0,0.0,0.31,0.0,mailbomb,1,0,NORMAL,0,0
0,udp,private,SF,1,26,0,0,0,0,0,0,0,0,0,0,0,0,0,0,0,0,18,16,0.0,0.0,0.0,0.0,0.89,0.11,0.0,255,22,0.09,0.61,0.42,0.0,0.02,0.0,0.53,0.0,normal,0,1,ATTACK,1,0
5,tcp,pop_3,SF,32,93,0,0,0,0,0,1,0,0,0,0,0,0,0,0,0,0,1,1,0.0,0.0,0.0,0.0,1.0,0.0,0.0,255,229,0.9,0.02,0.0,0.0,0.0,0.0,0.07,0.0,guess_passwd,1,0,NORMAL,0,0
4,tcp,pop_3,SF,28,93,0,0,0,0,0,1,0,0,0,0,0,0,0,0,0,0,1,1,0.0,0.0,0.0,0.0,1.0,0.0,0.0,255,245,0.96,0.03,0.0,0.0,0.0,0.0,0.0,0.0,guess_passwd,1,0,NORMAL,0,0
0,udp,private,SF,105,147,0,0,0,0,0,0,0,0,0,0,0,0,0,0,0,0,1,1,0.0,0.0,0.0,0.0,1.0,0.0,0.0,21,21,1.0,0.0,0.05,0.0,0.0,0.0,0.0,0.0,snmpgetattack,1,0,NORMAL,0,0
4,tcp,pop_3,SF,30,93,0,0,0,0,0,1,0,0,0,0,0,0,0,0,0,0,1,1,0.0,0.0,0.0,0.0,1.0,0.0,0.0,255,226,0.89,0.04,0.0,0.0,0.0,0.0,0.0,0.0,guess_passwd,1,0,NORMAL,0,0
7314,tcp,telnet,SF,0,44,0,0,0,0,0,0,0,0,0,0,0,0,0,0,0,0,1,1,0.0,0.0,0.0,0.0,1.0,0.0,0.0,255,232,0.91,0.02,0.0,0.0,0.27,0.3,0.01,0.0,processtable,1,0,NORMAL,0,0
7582,tcp,telnet,SF,0,44,0,0,0,0,0,0,0,0,0,0,0,0,0,0,0,0,1,1,0.0,0.0,0.0,0.0,1.0,0.0,0.0,255,178,0.7,0.02,0.0,0.0,0.44,0.43,0.01,0.01,processtable,1,0,NORMAL,0,0
0,tcp,telnet,SF,130,174,0,0,0,0,1,0,0,0,0,0,0,0,0,0,0,0,1,1,0.0,0.0,0.0,0.0,1.0,0.0,0.0,255,255,1.0,0.0,0.0,0.0,0.01,0.01,0.02,0.02,guess_passwd,1,0,NORMAL,0,0
0,tcp,http,S0,0,0,0,0,0,0,0,0,0,0,0,0,0,0,0,0,0,0,12,12,1.0,1.0,0.0,0.0,1.0,0.0,0.0,255,245,0.96,0.01,0.0,0.0,0.15,0.16,0.56,0.59,apache2,1,0,NORMAL,0,0
0,tcp,telnet,RSTO,125,188,0,0,0,0,1,0,0,0,0,0,0,0,0,0,0,0,1,1,0.0,0.0,1.0,1.0,1.0,0.0,0.0,255,254,1.0,0.01,0.0,0.0,0.02,0.02,0.02,0.02,guess_passwd,1,0,NORMAL,0,0
4,tcp,pop_3,SF,32,93,0,0,0,0,0,1,0,0,0,0,0,0,0,0,0,0,1,1,0.0,0.0,0.0,0.0,1.0,0.0,0.0,255,184,0.72,0.02,0.0,0.0,0.0,0.0,0.11,0.0,guess_passwd,1,0,NORMAL,0,0
0,tcp,ftp_data,SF,12,0,0,0,0,0,0,0,0,0,0,0,0,0,0,0,0,0,2,2,0.0,0.0,0.0,0.0,1.0,0.0,0.0,115,16,0.07,0.02,0.07,0.12,0.0,0.0,0.0,0.0,warezmaster,1,0,NORMAL,0,0
0,udp,private,SF,1,26,0,0,0,0,0,0,0,0,0,0,0,0,0,0,0,0,39,14,0.0,0.0,0.0,0.0,0.36,0.21,0.0,255,14,0.05,0.81,0.24,0.0,0.0,0.0,0.76,0.0,normal,0,1,ATTACK,1,0
988,tcp,telnet,SF,1773,32209,0,0,0,4,0,1,57,1,0,51,7,5,0,0,0,0,1,1,0.0,0.0,0.0,0.0,1.0,0.0,0.0,255,104,0.41,0.03,0.0,0.0,0.33,0.77,0.02,0.01,rootkit,1,0,NORMAL,0,0
282,tcp,ftp,SF,162,597,0,0,0,2,0,1,0,0,0,0,0,0,0,0,0,1,1,1,0.0,0.0,0.0,0.0,1.0,0.0,0.0,255,114,0.45,0.03,0.0,0.0,0.0,0.0,0.0,0.0,warezmaster,1,0,NORMAL,0,0
0,tcp,ftp,SF,26,157,0,0,0,0,1,0,0,0,0,0,0,0,0,0,0,1,1,1,0.0,0.0,0.0,0.0,1.0,0.0,0.0,133,62,0.47,0.03,0.01,0.0,0.0,0.0,0.0,0.0,guess_passwd,1,0,NORMAL,0,0
7374,tcp,telnet,SF,0,44,0,0,0,0,0,0,0,0,0,0,0,0,0,0,0,0,1,1,0.0,0.0,0.0,0.0,1.0,0.0,0.0,255,213,0.84,0.17,0.0,0.0,0.5,0.6,0.16,0.01,processtable,1,0,NORMAL,0,0
0,tcp,telnet,S3,0,44,0,0,0,0,0,0,0,0,0,0,0,0,0,0,0,0,1,1,1.0,1.0,0.0,0.0,1.0,0.0,0.0,255,123,0.48,0.03,0.0,0.0,0.18,0.37,0.11,0.11,processtable,1,0,NORMAL,0,0
282,tcp,ftp,SF,164,601,0,0,0,2,0,1,0,0,0,0,0,0,0,0,0,1,2,1,0.5,0.0,0.0,0.0,0.5,1.0,0.0,255,10,0.04,0.54,0.0,0.0,0.29,0.0,0.52,0.0,warezmaster,1,0,NORMAL,0,0
0,tcp,http,REJ,0,0,0,0,0,0,0,0,0,0,0,0,0,0,0,0,0,0,1,3,0.0,0.0,1.0,0.33,1.0,0.0,0.67,255,18,0.07,0.92,0.0,0.0,0.13,0.0,0.87,1.0,normal,0,1,ATTACK,1,0
0,tcp,http,S0,0,0,0,0,0,0,0,0,0,0,0,0,0,0,0,0,0,0,51,51,1.0,1.0,0.0,0.0,1.0,0.0,0.0,255,255,1.0,0.0,0.0,0.0,0.27,0.27,0.7,0.7,apache2,1,0,NORMAL,0,0
0,udp,private,SF,28,0,0,3,0,0,0,0,0,0,0,0,0,0,0,0,0,0,46,46,0.0,0.0,0.0,0.0,1.0,0.0,0.0,71,46,0.65,0.06,0.65,0.0,0.0,0.0,0.0,0.0,normal,0,1,ATTACK,1,0
283,tcp,ftp,SF,160,595,0,0,0,2,0,1,0,0,0,0,0,0,0,0,0,1,1,1,0.0,0.0,0.0,0.0,1.0,0.0,0.0,255,117,0.46,0.03,0.0,0.0,0.0,0.0,0.0,0.0,warezmaster,1,0,NORMAL,0,0
0,udp,private,SF,46,0,0,0,0,0,0,0,0,0,0,0,0,0,0,0,0,0,5,5,0.0,0.0,0.0,0.0,1.0,0.0,0.0,255,255,1.0,0.0,0.0,0.0,0.0,0.0,0.0,0.0,snmpguess,1,0,NORMAL,0,0
0,tcp,telnet,SF,126,174,0,0,0,0,1,0,0,0,0,0,0,0,0,0,0,0,1,1,0.0,0.0,0.0,0.0,1.0,0.0,0.0,255,128,0.5,0.02,0.0,0.0,0.0,0.0,0.02,0.03,guess_passwd,1,0,NORMAL,0,0
0,udp,private,SF,1,74,0,0,0,0,0,0,0,0,0,0,0,0,0,0,0,0,12,11,0.0,0.0,0.0,0.0,0.92,0.17,0.0,255,19,0.07,0.47,0.58,0.0,0.01,0.0,0.37,0.0,normal,0,1,ATTACK,1,0
282,tcp,ftp,SF,158,593,0,0,0,2,0,1,0,0,0,0,0,0,0,0,0,1,1,1,0.0,0.0,0.0,0.0,1.0,0.0,0.0,255,101,0.4,0.03,0.0,0.0,0.0,0.0,0.0,0.0,warezmaster,1,0,NORMAL,0,0
3,tcp,pop_3,SF,30,93,0,0,0,0,0,1,0,0,0,0,0,0,0,0,0,0,1,1,0.0,0.0,0.0,0.0,1.0,0.0,0.0,255,255,1.0,0.0,0.0,0.0,0.0,0.0,0.0,0.0,guess_passwd,1,0,NORMAL,0,0
1,tcp,smtp,SF,2599,293,0,0,0,0,0,1,0,0,0,0,0,0,0,0,0,0,4,3,0.0,0.0,0.25,0.0,0.75,0.5,0.0,255,244,0.96,0.05,0.0,0.0,0.0,0.0,0.04,0.0,mailbomb,1,0,NORMAL,0,0
0,tcp,telnet,SF,21,97,0,0,0,0,0,0,0,0,0,0,0,0,0,0,0,0,4,2,0.0,0.0,0.75,0.5,0.5,0.75,0.0,255,73,0.29,0.03,0.0,0.0,0.0,0.0,0.43,0.48,mscan,1,0,NORMAL,0,0
4,tcp,pop_3,SF,32,93,0,0,0,0,0,1,0,0,0,0,0,0,0,0,0,0,1,1,0.0,0.0,0.0,0.0,1.0,0.0,0.0,255,249,0.98,0.02,0.0,0.0,0.0,0.0,0.0,0.0,guess_passwd,1,0,NORMAL,0,0
7434,tcp,telnet,SF,0,44,0,0,0,0,0,0,0,0,0,0,0,0,0,0,0,0,1,1,0.0,0.0,0.0,0.0,1.0,0.0,0.0,255,206,0.81,0.02,0.0,0.0,0.3,0.33,0.01,0.01,processtable,1,0,NORMAL,0,0
281,tcp,ftp,SF,162,599,0,0,0,2,0,1,0,0,0,0,0,0,0,0,0,1,1,1,0.0,0.0,0.0,0.0,1.0,0.0,0.0,255,15,0.06,0.8,0.0,0.0,0.0,0.07,0.77,0.0,warezmaster,1,0,NORMAL,0,0
4,tcp,pop_3,SF,32,93,0,0,0,0,0,1,0,0,0,0,0,0,0,0,0,0,1,1,0.0,0.0,0.0,0.0,1.0,0.0,0.0,255,170,0.67,0.02,0.0,0.0,0.0,0.0,0.12,0.0,guess_passwd,1,0,NORMAL,0,0
0,udp,private,SF,105,146,0,0,0,0,0,0,0,0,0,0,0,0,0,0,0,0,1,1,0.0,0.0,0.0,0.0,1.0,0.0,0.0,55,55,1.0,0.0,0.02,0.0,0.0,0.0,0.0,0.0,snmpgetattack,1,0,NORMAL,0,0
1,tcp,smtp,SF,2599,293,0,0,0,0,0,1,0,0,0,0,0,0,0,0,0,0,3,3,0.0,0.0,0.0,0.0,1.0,0.0,0.0,255,195,0.76,0.13,0.0,0.0,0.0,0.0,0.22,0.0,mailbomb,1,0,NORMAL,0,0
4,tcp,pop_3,SF,32,93,0,0,0,0,0,1,0,0,0,0,0,0,0,0,0,0,1,1,0.0,0.0,0.0,0.0,1.0,0.0,0.0,99,84,0.84,0.03,0.01,0.02,0.0,0.0,0.1,0.0,guess_passwd,1,0,NORMAL,0,0
1,tcp,smtp,SF,2599,293,0,0,0,0,0,1,0,0,0,0,0,0,0,0,0,0,2,2,0.0,0.0,0.0,0.0,1.0,0.0,0.0,255,136,0.53,0.15,0.0,0.0,0.0,0.0,0.45,0.0,mailbomb,1,0,NORMAL,0,0
8108,tcp,telnet,SF,0,15,0,0,0,0,0,0,0,0,0,0,0,0,0,0,0,0,1,1,0.0,0.0,0.0,0.0,1.0,0.0,0.0,255,83,0.33,0.02,0.0,0.0,0.67,0.54,0.01,0.02,processtable,1,0,NORMAL,0,0
0,udp,private,SF,43,43,0,0,0,0,0,0,0,0,0,0,0,0,0,0,0,0,3,3,0.0,0.0,0.0,0.0,1.0,0.0,0.0,255,255,1.0,0.0,0.01,0.0,0.0,0.0,0.0,0.0,snmpguess,1,0,NORMAL,0,0
0,udp,private,SF,1,4,0,0,0,0,0,0,0,0,0,0,0,0,0,0,0,0,66,8,0.0,0.0,0.0,0.0,0.12,0.35,0.0,255,8,0.03,0.62,0.53,0.0,0.0,0.0,0.47,0.0,normal,0,1,ATTACK,1,0
4,tcp,pop_3,SF,32,93,0,0,0,0,0,1,0,0,0,0,0,0,0,0,0,0,1,2,0.0,0.0,0.0,0.0,1.0,0.0,1.0,255,246,0.96,0.02,0.0,0.0,0.0,0.0,0.02,0.0,guess_passwd,1,0,NORMAL,0,0
4,tcp,pop_3,SF,28,93,0,0,0,0,0,1,0,0,0,0,0,0,0,0,0,0,1,1,0.0,0.0,0.0,0.0,1.0,0.0,0.0,247,228,0.92,0.01,0.0,0.0,0.0,0.0,0.04,0.0,guess_passwd,1,0,NORMAL,0,0
0,tcp,telnet,REJ,0,0,0,0,0,0,0,0,0,0,0,0,0,0,0,0,0,0,1,3,0.0,0.0,1.0,0.33,1.0,0.0,0.67,255,20,0.08,0.02,0.0,0.0,0.0,0.0,0.19,0.6,mscan,1,0,NORMAL,0,0
7216,tcp,telnet,SF,0,44,0,0,0,0,0,0,0,0,0,0,0,0,0,0,0,0,1,1,0.0,0.0,0.0,0.0,1.0,0.0,0.0,255,253,0.99,0.01,0.0,0.0,0.27,0.27,0.01,0.0,processtable,1,0,NORMAL,0,0
0,tcp,telnet,SF,120,174,0,0,0,0,1,0,0,0,0,0,0,0,0,0,0,0,1,1,0.0,0.0,0.0,0.0,1.0,0.0,0.0,255,239,0.94,0.02,0.0,0.0,0.0,0.0,0.02,0.03,guess_passwd,1,0,NORMAL,0,0
4,tcp,pop_3,SF,26,93,0,0,0,0,0,1,0,0,0,0,0,0,0,0,0,0,2,1,0.0,0.0,0.5,0.0,0.5,1.0,0.0,255,227,0.89,0.02,0.0,0.0,0.0,0.0,0.07,0.0,guess_passwd,1,0,NORMAL,0,0
899,tcp,domain,RSTO,1562,0,0,0,0,0,0,0,0,0,0,0,0,0,0,0,0,0,1,1,0.0,0.0,1.0,1.0,1.0,0.0,0.0,2,2,1.0,0.0,0.5,0.0,0.0,0.0,1.0,1.0,named,1,0,NORMAL,0,0
7577,tcp,telnet,SF,0,44,0,0,0,0,0,0,0,0,0,0,0,0,0,0,0,0,1,1,0.0,0.0,0.0,0.0,1.0,0.0,0.0,255,183,0.72,0.03,0.0,0.0,0.33,0.46,0.12,0.08,processtable,1,0,NORMAL,0,0
7332,tcp,telnet,SF,0,44,0,0,0,0,0,0,0,0,0,0,0,0,0,0,0,0,1,1,0.0,0.0,0.0,0.0,1.0,0.0,0.0,255,235,0.92,0.02,0.0,0.0,0.33,0.36,0.09,0.04,processtable,1,0,NORMAL,0,0
0,udp,private,SF,28,0,0,3,0,0,0,0,0,0,0,0,0,0,0,0,0,0,61,61,0.0,0.0,0.0,0.0,1.0,0.0,0.0,86,61,0.71,0.05,0.71,0.0,0.0,0.0,0.0,0.0,normal,0,1,ATTACK,1,0
7666,tcp,telnet,SF,0,44,0,0,0,0,0,0,0,0,0,0,0,0,0,0,0,0,1,1,0.0,0.0,0.0,0.0,1.0,0.0,0.0,255,164,0.64,0.02,0.0,0.0,0.51,0.49,0.01,0.01,processtable,1,0,NORMAL,0,0
5,tcp,pop_3,SF,28,93,0,0,0,0,0,1,0,0,0,0,0,0,0,0,0,0,1,1,0.0,0.0,0.0,0.0,1.0,0.0,0.0,24,25,1.0,0.0,0.04,0.08,0.0,0.0,0.0,0.0,guess_passwd,1,0,NORMAL,0,0
0,udp,private,SF,49,0,0,0,0,0,0,0,0,0,0,0,0,0,0,0,0,0,3,3,0.0,0.0,0.0,0.0,1.0,0.0,0.0,255,254,1.0,0.01,0.01,0.0,0.0,0.0,0.0,0.0,snmpguess,1,0,NORMAL,0,0
0,udp,private,SF,105,105,0,0,0,0,0,0,0,0,0,0,0,0,0,0,0,0,3,3,0.0,0.0,0.0,0.0,1.0,0.0,0.0,200,199,1.0,0.01,0.0,0.0,0.0,0.0,0.0,0.0,snmpgetattack,1,0,NORMAL,0,0
0,icmp,ecr_i,SF,6408,0,0,0,0,0,0,0,0,0,0,0,0,0,0,0,0,0,3,3,0.0,0.0,0.0,0.0,1.0,0.0,0.0,168,20,0.12,0.05,0.2,0.0,0.0,0.0,0.0,0.0,normal,0,1,ATTACK,1,0
280,tcp,ftp_data,SF,283618,0,0,0,0,0,0,0,0,0,0,0,0,0,0,0,0,0,1,1,0.0,0.0,0.0,0.0,1.0,0.0,0.0,4,1,0.25,0.5,0.25,0.0,0.0,0.0,0.0,0.0,warezmaster,1,0,NORMAL,0,0
0,tcp,other,SF,267,0,0,0,0,0,0,0,0,0,0,0,0,0,0,0,0,0,2,2,0.0,0.0,0.0,0.0,1.0,0.0,0.0,255,22,0.09,0.01,0.0,0.0,0.0,0.0,0.07,0.82,httptunnel,1,0,NORMAL,0,0
7220,tcp,telnet,SF,0,44,0,0,0,0,0,0,0,0,0,0,0,0,0,0,0,0,1,1,0.0,0.0,0.0,0.0,1.0,0.0,0.0,255,253,0.99,0.01,0.0,0.0,0.27,0.27,0.01,0.0,processtable,1,0,NORMAL,0,0
283,tcp,ftp,SF,162,599,0,0,0,2,0,1,0,0,0,0,0,0,0,0,0,1,1,1,0.0,0.0,0.0,0.0,1.0,0.0,0.0,255,26,0.1,0.03,0.0,0.0,0.48,0.0,0.02,0.0,warezmaster,1,0,NORMAL,0,0
4,tcp,pop_3,SF,31,93,0,0,0,0,0,1,0,0,0,0,0,0,0,0,0,0,1,1,0.0,0.0,0.0,0.0,1.0,0.0,0.0,255,249,0.98,0.01,0.0,0.0,0.0,0.0,0.0,0.0,guess_passwd,1,0,NORMAL,0,0
0,tcp,ftp_data,SF,12,0,0,0,0,0,0,0,0,0,0,0,0,0,0,0,0,0,1,1,0.0,0.0,0.0,0.0,1.0,0.0,0.0,3,29,1.0,0.0,1.0,0.14,0.0,0.0,0.0,0.0,warezmaster,1,0,NORMAL,0,0
10,tcp,telnet,SF,120,2376,0,0,0,0,0,1,0,0,0,0,0,0,0,0,0,0,1,1,0.0,0.0,0.0,0.0,1.0,0.0,0.0,255,254,1.0,0.01,0.0,0.0,0.02,0.02,0.02,0.02,guess_passwd,1,0,NORMAL,0,0
7599,tcp,telnet,SF,0,44,0,0,0,0,0,0,0,0,0,0,0,0,0,0,0,0,1,1,0.0,0.0,0.0,0.0,1.0,0.0,0.0,255,158,0.62,0.35,0.0,0.0,0.49,0.8,0.35,0.01,processtable,1,0,NORMAL,0,0
11,tcp,telnet,SF,118,2427,0,0,0,0,0,1,0,0,0,0,0,0,0,0,0,0,1,1,0.0,0.0,0.0,0.0,1.0,0.0,0.0,23,7,0.3,0.13,0.04,0.0,0.0,0.0,0.09,0.29,guess_passwd,1,0,NORMAL,0,0
0,tcp,ftp_data,SF,12,0,0,0,0,0,0,0,0,0,0,0,0,0,0,0,0,0,2,2,0.0,0.0,0.0,0.0,1.0,0.0,0.0,4,14,1.0,0.0,1.0,0.29,0.0,0.0,0.0,0.0,warezmaster,1,0,NORMAL,0,0
0,tcp,telnet,SF,120,174,0,0,0,0,1,0,0,0,0,0,0,0,0,0,0,0,2,2,0.0,0.0,0.0,0.0,1.0,0.0,0.0,255,203,0.8,0.02,0.0,0.0,0.0,0.0,0.02,0.03,guess_passwd,1,0,NORMAL,0,0
3,tcp,pop_3,SF,30,93,0,0,0,0,0,1,0,0,0,0,0,0,0,0,0,0,1,1,0.0,0.0,0.0,0.0,1.0,0.0,0.0,255,248,0.97,0.01,0.0,0.0,0.0,0.0,0.01,0.0,guess_passwd,1,0,NORMAL,0,0
1021,tcp,http,RSTR,3944,0,0,0,0,0,0,1,0,0,0,0,0,0,0,0,0,0,73,73,0.01,0.01,0.97,0.97,1.0,0.0,0.0,255,255,1.0,0.0,0.0,0.0,0.0,0.0,0.28,0.28,apache2,1,0,NORMAL,0,0
3,tcp,pop_3,SF,32,93,0,0,0,0,0,1,0,0,0,0,0,0,0,0,0,0,1,1,0.0,0.0,0.0,0.0,1.0,0.0,0.0,255,246,0.96,0.02,0.0,0.0,0.0,0.0,0.02,0.0,guess_passwd,1,0,NORMAL,0,0
1,tcp,smtp,SF,2599,293,0,0,0,0,0,1,0,0,0,0,0,0,0,0,0,0,3,3,0.0,0.0,0.0,0.0,1.0,0.0,0.0,255,147,0.58,0.12,0.0,0.0,0.0,0.0,0.41,0.0,mailbomb,1,0,NORMAL,0,0
0,tcp,telnet,SF,119,188,0,0,0,0,1,0,0,0,0,0,0,0,0,0,0,0,1,1,0.0,0.0,0.0,0.0,1.0,0.0,0.0,255,10,0.04,0.02,0.0,0.0,0.0,0.0,0.0,0.1,guess_passwd,1,0,NORMAL,0,0
0,tcp,telnet,S3,0,44,0,0,0,0,0,0,0,0,0,0,0,0,0,0,0,0,1,1,1.0,1.0,0.0,0.0,1.0,0.0,0.0,255,96,0.38,0.55,0.0,0.0,0.28,0.74,0.54,0.0,processtable,1,0,NORMAL,0,0
0,tcp,telnet,SF,118,174,0,0,0,0,1,0,0,0,0,0,0,0,0,0,0,0,1,1,0.0,0.0,0.0,0.0,1.0,0.0,0.0,255,251,0.98,0.01,0.0,0.0,0.0,0.0,0.02,0.02,guess_passwd,1,0,NORMAL,0,0
0,tcp,telnet,RSTO,124,176,0,0,0,0,1,0,0,0,0,0,0,0,0,0,0,0,1,1,0.0,0.0,1.0,1.0,1.0,0.0,0.0,255,3,0.01,0.02,0.0,0.0,0.0,0.0,0.0,0.33,guess_passwd,1,0,NORMAL,0,0
7589,tcp,telnet,SF,0,44,0,0,0,0,0,0,0,0,0,0,0,0,0,0,0,0,1,9,0.0,0.22,0.0,0.67,1.0,0.0,1.0,255,180,0.71,0.03,0.0,0.0,0.33,0.47,0.12,0.08,processtable,1,0,NORMAL,0,0
788,tcp,http,RSTR,1024,0,0,0,0,0,0,1,0,0,0,0,0,0,0,0,0,0,42,42,0.02,0.02,0.98,0.98,1.0,0.0,0.0,255,253,0.99,0.01,0.0,0.0,0.01,0.01,0.71,0.72,apache2,1,0,NORMAL,0,0
0,tcp,pop_3,SF,30,217,0,0,0,0,0,1,0,0,0,0,0,0,0,0,0,0,1,2,0.0,0.0,0.0,0.0,1.0,0.0,1.0,44,9,0.2,0.11,0.02,0.0,0.0,0.0,0.0,0.0,guess_passwd,1,0,NORMAL,0,0
0,tcp,other,REJ,0,0,0,0,0,0,0,0,0,0,0,0,0,0,0,0,0,0,1,1,0.0,0.0,1.0,1.0,1.0,0.0,0.0,255,22,0.09,0.02,0.0,0.0,0.0,0.0,0.09,0.86,httptunnel,1,0,NORMAL,0,0
281,tcp,ftp,SF,156,593,0,0,0,2,0,1,0,0,0,0,0,0,0,0,0,1,1,1,0.0,0.0,0.0,0.0,1.0,0.0,0.0,233,78,0.33,0.03,0.0,0.0,0.0,0.0,0.0,0.0,warezmaster,1,0,NORMAL,0,0
0,udp,private,SF,41,0,0,0,0,0,0,0,0,0,0,0,0,0,0,0,0,0,4,4,0.0,0.0,0.0,0.0,1.0,0.0,0.0,255,254,1.0,0.01,0.0,0.0,0.0,0.0,0.0,0.0,snmpguess,1,0,NORMAL,0,0
0,tcp,other,REJ,0,0,0,0,0,0,0,0,0,0,0,0,0,0,0,0,0,0,1,1,0.0,0.0,1.0,1.0,1.0,0.0,0.0,255,38,0.15,0.02,0.0,0.0,0.0,0.0,0.13,0.79,httptunnel,1,0,NORMAL,0,0
1,tcp,smtp,SF,2599,293,0,0,0,0,0,1,0,0,0,0,0,0,0,0,0,0,3,3,0.0,0.0,0.0,0.0,1.0,0.0,0.0,255,103,0.4,0.14,0.0,0.0,0.0,0.0,0.58,0.0,mailbomb,1,0,NORMAL,0,0
1,tcp,smtp,SF,2599,293,0,0,0,0,0,1,0,0,0,0,0,0,0,0,0,0,3,3,0.0,0.0,0.0,0.0,1.0,0.0,0.0,255,23,0.09,0.16,0.0,0.0,0.0,0.0,0.89,0.0,mailbomb,1,0,NORMAL,0,0
7362,tcp,telnet,SF,0,44,0,0,0,0,0,0,0,0,0,0,0,0,0,0,0,0,1,1,0.0,0.0,0.0,0.0,1.0,0.0,0.0,255,223,0.87,0.02,0.0,0.0,0.27,0.31,0.01,0.0,processtable,1,0,NORMAL,0,0
0,tcp,other,SF,263,0,0,0,0,0,0,0,0,0,0,0,0,0,0,0,0,0,2,2,0.0,0.0,0.0,0.0,1.0,0.0,0.0,43,2,0.05,0.12,0.02,0.0,0.0,0.0,0.0,0.0,httptunnel,1,0,NORMAL,0,0
4,tcp,pop_3,SF,26,93,0,0,0,0,0,1,0,0,0,0,0,0,0,0,0,0,1,1,0.0,0.0,0.0,0.0,1.0,0.0,0.0,213,194,0.91,0.01,0.0,0.0,0.0,0.0,0.05,0.0,guess_passwd,1,0,NORMAL,0,0
0,udp,private,SF,1,0,0,0,0,0,0,0,0,0,0,0,0,0,0,0,0,0,169,89,0.0,0.0,0.0,0.0,0.53,0.24,0.0,255,93,0.36,0.45,1.0,0.0,0.0,0.0,0.0,0.0,normal,0,1,ATTACK,1,0
4,tcp,pop_3,SF,28,93,0,0,0,0,0,1,0,0,0,0,0,0,0,0,0,0,1,1,0.0,0.0,0.0,0.0,1.0,0.0,0.0,255,249,0.98,0.01,0.0,0.0,0.0,0.0,0.0,0.0,guess_passwd,1,0,NORMAL,0,0
282,tcp,ftp,SF,160,597,0,0,0,2,0,1,0,0,0,0,0,0,0,0,0,1,1,1,0.0,0.0,0.0,0.0,1.0,0.0,0.0,255,14,0.05,0.8,0.0,0.0,0.0,0.0,0.78,0.0,warezmaster,1,0,NORMAL,0,0
281,tcp,ftp,SF,156,595,0,0,0,2,0,1,0,0,0,0,0,0,0,0,0,1,1,1,0.0,0.0,0.0,0.0,1.0,0.0,0.0,255,57,0.22,0.02,0.0,0.0,0.0,0.02,0.59,0.0,warezmaster,1,0,NORMAL,0,0
0,tcp,ftp_data,SF,12,0,0,0,0,0,0,0,0,0,0,0,0,0,0,0,0,0,2,2,0.0,0.0,0.0,0.0,1.0,0.0,0.0,2,24,1.0,0.0,1.0,0.21,0.0,0.0,0.0,0.0,warezmaster,1,0,NORMAL,0,0
8133,tcp,telnet,S3,1,15,0,0,0,0,0,0,0,0,0,0,0,0,0,0,0,0,1,1,1.0,1.0,0.0,0.0,1.0,0.0,0.0,255,28,0.11,0.78,0.0,0.0,0.02,0.18,0.77,0.0,processtable,1,0,NORMAL,0,0
7497,tcp,telnet,SF,0,44,0,0,0,0,0,0,0,0,0,0,0,0,0,0,0,0,1,1,0.0,0.0,0.0,0.0,1.0,0.0,0.0,255,202,0.79,0.03,0.0,0.0,0.33,0.42,0.12,0.07,processtable,1,0,NORMAL,0,0
0,tcp,ftp_data,SF,12,0,0,0,0,0,0,0,0,0,0,0,0,0,0,0,0,0,1,1,0.0,0.0,0.0,0.0,1.0,0.0,0.0,2,3,0.5,1.0,0.5,0.67,0.0,0.0,0.0,0.0,warezmaster,1,0,NORMAL,0,0
281,tcp,ftp,SF,162,597,0,0,0,2,0,1,0,0,0,0,0,0,0,0,0,1,1,1,0.0,0.0,0.0,0.0,1.0,0.0,0.0,38,15,0.39,0.11,0.03,0.0,0.0,0.0,0.0,0.0,warezmaster,1,0,NORMAL,0,0
0,tcp,telnet,RSTO,0,12,0,0,0,0,0,0,0,0,0,0,0,0,0,0,0,0,1,6,0.0,0.17,1.0,0.67,1.0,0.0,0.67,255,66,0.26,0.03,0.0,0.0,0.0,0.0,0.38,0.48,mscan,1,0,NORMAL,0,0
0,udp,private,SF,1,74,0,0,0,0,0,0,0,0,0,0,0,0,0,0,0,0,14,13,0.0,0.0,0.0,0.0,0.93,0.14,0.0,255,17,0.07,0.48,0.57,0.0,0.01,0.0,0.38,0.0,normal,0,1,ATTACK,1,0
0,tcp,http,S0,0,0,0,0,0,0,0,0,0,0,0,0,0,0,0,0,0,0,37,37,0.84,0.84,0.14,0.14,1.0,0.0,0.0,255,255,1.0,0.0,0.0,0.0,0.17,0.17,0.7,0.7,apache2,1,0,NORMAL,0,0
0,udp,private,SF,44,0,0,0,0,0,0,0,0,0,0,0,0,0,0,0,0,0,3,3,0.0,0.0,0.0,0.0,1.0,0.0,0.0,255,254,1.0,0.01,0.0,0.0,0.0,0.0,0.0,0.0,snmpguess,1,0,NORMAL,0,0
280,tcp,ftp_data,SF,283618,0,0,0,0,0,0,0,0,0,0,0,0,0,0,0,0,0,2,2,0.0,0.0,0.0,0.0,1.0,0.0,0.0,111,12,0.04,0.02,0.04,0.17,0.0,0.0,0.0,0.0,warezmaster,1,0,NORMAL,0,0
4,tcp,pop_3,SF,30,93,0,0,0,0,0,1,0,0,0,0,0,0,0,0,0,0,1,1,0.0,0.0,0.0,0.0,1.0,0.0,0.0,255,213,0.84,0.02,0.0,0.0,0.0,0.0,0.04,0.0,guess_passwd,1,0,NORMAL,0,0
4,tcp,pop_3,SF,32,93,0,0,0,0,0,1,0,0,0,0,0,0,0,0,0,0,1,1,0.0,0.0,0.0,0.0,1.0,0.0,0.0,255,228,0.89,0.02,0.0,0.0,0.0,0.0,0.05,0.0,guess_passwd,1,0,NORMAL,0,0
281,tcp,ftp,SF,159,597,0,0,0,2,0,1,0,0,0,0,0,0,0,0,0,1,1,1,0.0,0.0,0.0,0.0,1.0,0.0,0.0,35,22,0.63,0.09,0.03,0.0,0.0,0.0,0.0,0.0,warezmaster,1,0,NORMAL,0,0
0,tcp,telnet,S3,0,44,0,0,0,0,0,0,0,0,0,0,0,0,0,0,0,0,1,1,1.0,1.0,0.0,0.0,1.0,0.0,0.0,255,91,0.36,0.57,0.0,0.0,0.26,0.73,0.55,0.0,processtable,1,0,NORMAL,0,0
281,tcp,ftp,SF,162,597,0,0,0,2,0,1,0,0,0,0,0,0,0,0,0,1,1,1,0.0,0.0,0.0,0.0,1.0,0.0,0.0,255,87,0.34,0.03,0.0,0.0,0.02,0.0,0.01,0.0,warezmaster,1,0,NORMAL,0,0
0,tcp,telnet,REJ,0,0,0,0,0,0,0,0,0,0,0,0,0,0,0,0,0,0,1,17,0.0,0.12,1.0,0.82,1.0,0.0,0.94,255,13,0.05,0.03,0.0,0.0,0.0,0.0,0.12,0.77,mscan,1,0,NORMAL,0,0
0,tcp,telnet,SF,123,174,0,0,0,0,1,0,0,0,0,0,0,0,0,0,0,0,1,1,0.0,0.0,0.0,0.0,1.0,0.0,0.0,255,72,0.28,0.02,0.0,0.0,0.0,0.0,0.01,0.04,guess_passwd,1,0,NORMAL,0,0
0,tcp,http,S0,0,0,0,0,0,0,0,0,0,0,0,0,0,0,0,0,0,0,15,15,0.8,0.8,0.2,0.2,1.0,0.0,0.0,255,244,0.96,0.01,0.0,0.0,0.07,0.07,0.56,0.59,apache2,1,0,NORMAL,0,0
1,tcp,pop_3,RSTO,0,36,0,0,0,0,0,1,0,0,0,0,0,0,0,0,0,0,1,5,0.0,0.0,1.0,1.0,1.0,0.0,1.0,90,61,0.27,0.06,0.01,0.03,0.0,0.0,0.91,1.0,mscan,1,0,NORMAL,0,0
684,tcp,telnet,SF,2715,13392,0,0,0,1,1,1,8,0,0,3,5,0,0,0,0,0,1,1,0.0,0.0,0.0,0.0,1.0,0.0,0.0,255,14,0.05,0.71,0.0,0.0,0.0,0.0,0.68,0.07,buffer_overflow,1,0,NORMAL,0,0
282,tcp,ftp,SF,162,597,0,0,0,2,0,1,0,0,0,0,0,0,0,0,0,1,1,1,0.0,0.0,0.0,0.0,1.0,0.0,0.0,255,27,0.11,0.03,0.0,0.0,0.47,0.0,0.02,0.0,warezmaster,1,0,NORMAL,0,0
4,tcp,telnet,SF,24,109,0,0,0,0,0,0,0,0,0,0,0,0,0,0,0,0,4,12,0.0,0.0,0.75,0.5,0.5,0.75,0.5,81,84,0.33,0.06,0.01,0.02,0.0,0.0,0.88,0.69,mscan,1,0,NORMAL,0,0
0,tcp,ftp_data,SF,12,0,0,0,0,0,0,0,0,0,0,0,0,0,0,0,0,0,1,1,0.0,0.0,0.0,0.0,1.0,0.0,0.0,1,19,1.0,0.0,1.0,0.16,0.0,0.0,0.0,0.0,warezmaster,1,0,NORMAL,0,0
0,tcp,http,REJ,0,0,0,0,0,0,0,0,0,0,0,0,0,0,0,0,0,0,1,1,0.0,0.0,1.0,1.0,1.0,0.0,0.0,255,5,0.02,0.71,0.0,0.0,0.0,0.0,0.02,1.0,normal,0,1,ATTACK,1,0
0,tcp,telnet,SF,0,15,0,0,0,0,0,0,0,0,0,0,0,0,0,0,0,0,1,2,0.0,0.0,0.0,0.0,1.0,0.0,1.0,161,128,0.5,0.02,0.01,0.02,0.0,0.0,0.84,0.55,mscan,1,0,NORMAL,0,0
4,tcp,pop_3,SF,26,93,0,0,0,0,0,1,0,0,0,0,0,0,0,0,0,0,1,1,0.0,0.0,0.0,0.0,1.0,0.0,0.0,26,27,1.0,0.0,0.04,0.07,0.0,0.0,0.0,0.0,guess_passwd,1,0,NORMAL,0,0
282,tcp,ftp,SF,162,597,0,0,0,2,0,1,0,0,0,0,0,0,0,0,0,1,1,1,0.0,0.0,0.0,0.0,1.0,0.0,0.0,241,84,0.35,0.03,0.0,0.0,0.0,0.0,0.0,0.0,warezmaster,1,0,NORMAL,0,0
0,udp,private,SF,105,147,0,0,0,0,0,0,0,0,0,0,0,0,0,0,0,0,1,1,0.0,0.0,0.0,0.0,1.0,0.0,0.0,226,224,0.99,0.01,0.0,0.0,0.0,0.0,0.0,0.0,snmpgetattack,1,0,NORMAL,0,0
0,tcp,telnet,S3,0,44,0,0,0,0,0,0,0,0,0,0,0,0,0,0,0,0,1,1,1.0,1.0,0.0,0.0,1.0,0.0,0.0,255,105,0.41,0.03,0.0,0.0,0.11,0.28,0.11,0.12,processtable,1,0,NORMAL,0,0
5,tcp,ftp,SF,94,333,0,0,0,1,0,1,0,0,0,0,1,0,0,0,0,0,1,1,0.0,0.0,0.0,0.0,1.0,0.0,0.0,27,20,0.74,0.11,0.04,0.0,0.0,0.0,0.0,0.0,ps,1,0,NORMAL,0,0
5,tcp,pop_3,SF,28,93,0,0,0,0,0,1,0,0,0,0,0,0,0,0,0,0,1,1,0.0,0.0,0.0,0.0,1.0,0.0,0.0,255,248,0.97,0.01,0.0,0.0,0.0,0.0,0.0,0.0,guess_passwd,1,0,NORMAL,0,0
8141,tcp,telnet,S3,1,15,0,0,0,0,0,0,0,0,0,0,0,0,0,0,0,0,1,1,1.0,1.0,0.0,0.0,1.0,0.0,0.0,255,26,0.1,0.79,0.0,0.0,0.01,0.12,0.78,0.0,processtable,1,0,NORMAL,0,0
0,udp,private,SF,105,146,0,0,0,0,0,0,0,0,0,0,0,0,0,0,0,0,1,1,0.0,0.0,0.0,0.0,1.0,0.0,0.0,255,252,0.99,0.01,0.0,0.0,0.0,0.0,0.0,0.0,snmpgetattack,1,0,NORMAL,0,0
0,tcp,telnet,S3,0,44,0,0,0,0,0,0,0,0,0,0,0,0,0,0,0,0,1,1,1.0,1.0,0.0,0.0,1.0,0.0,0.0,255,70,0.27,0.65,0.0,0.0,0.18,0.64,0.63,0.0,processtable,1,0,NORMAL,0,0
469,tcp,X11,SF,1360,17984,0,0,0,0,0,0,0,0,0,0,0,0,0,0,0,0,1,1,0.0,0.0,0.0,0.0,1.0,0.0,0.0,255,1,0.0,0.03,0.0,0.0,0.0,0.0,0.0,0.0,xsnoop,1,0,NORMAL,0,0
0,udp,private,SF,45,0,0,0,0,0,0,0,0,0,0,0,0,0,0,0,0,0,3,3,0.0,0.0,0.0,0.0,1.0,0.0,0.0,255,254,1.0,0.01,0.01,0.0,0.0,0.0,0.0,0.0,snmpguess,1,0,NORMAL,0,0
0,tcp,telnet,REJ,0,0,0,0,0,0,0,0,0,0,0,0,0,0,0,0,0,0,1,10,0.0,0.0,1.0,0.8,1.0,0.0,0.9,27,84,0.33,0.19,0.04,0.02,0.0,0.0,0.85,0.69,mscan,1,0,NORMAL,0,0
0,tcp,http,S0,0,0,0,0,0,0,0,0,0,0,0,0,0,0,0,0,0,0,50,50,1.0,1.0,0.0,0.0,1.0,0.0,0.0,255,255,1.0,0.0,0.0,0.0,0.27,0.27,0.7,0.7,apache2,1,0,NORMAL,0,0
0,tcp,telnet,S3,0,44,0,0,0,0,0,0,0,0,0,0,0,0,0,0,0,0,1,1,1.0,1.0,0.0,0.0,1.0,0.0,0.0,255,99,0.39,0.03,0.0,0.0,0.08,0.2,0.11,0.13,processtable,1,0,NORMAL,0,0
0,tcp,ftp_data,SF,12,0,0,0,0,0,0,0,0,0,0,0,0,0,0,0,0,0,1,1,0.0,0.0,0.0,0.0,1.0,0.0,0.0,26,5,0.19,0.08,0.19,0.0,0.0,0.0,0.0,0.0,warezmaster,1,0,NORMAL,0,0
0,tcp,pop_3,RSTO,0,36,0,0,0,0,0,1,0,0,0,0,0,0,0,0,0,0,1,1,0.0,0.0,1.0,1.0,1.0,0.0,0.0,255,3,0.01,0.02,0.0,0.0,0.0,0.0,0.04,1.0,mscan,1,0,NORMAL,0,0
300,tcp,other,SF,244,619,0,0,0,0,0,0,0,0,0,0,0,0,0,0,0,0,2,2,0.0,0.0,0.0,0.0,1.0,0.0,0.0,255,12,0.05,0.01,0.0,0.0,0.0,0.0,0.04,0.83,httptunnel,1,0,NORMAL,0,0
7460,tcp,telnet,SF,0,44,0,0,0,0,0,0,0,0,0,0,0,0,0,0,0,0,1,1,0.0,0.0,0.0,0.0,1.0,0.0,0.0,255,209,0.82,0.03,0.0,0.0,0.33,0.41,0.12,0.07,processtable,1,0,NORMAL,0,0
0,tcp,telnet,SF,122,174,0,0,0,0,1,0,0,0,0,0,0,0,0,0,0,0,1,1,0.0,0.0,0.0,0.0,1.0,0.0,0.0,255,225,0.88,0.02,0.0,0.0,0.0,0.0,0.02,0.03,guess_passwd,1,0,NORMAL,0,0
4,tcp,pop_3,SF,30,93,0,0,0,0,0,1,0,0,0,0,0,0,0,0,0,0,2,1,0.0,0.0,0.0,0.0,0.5,1.0,0.0,255,243,0.95,0.02,0.0,0.0,0.0,0.0,0.0,0.0,guess_passwd,1,0,NORMAL,0,0
7662,tcp,telnet,SF,0,44,0,0,0,0,0,0,0,0,0,0,0,0,0,0,0,0,1,1,0.0,0.0,0.0,0.0,1.0,0.0,0.0,255,160,0.63,0.03,0.0,0.0,0.33,0.52,0.11,0.08,processtable,1,0,NORMAL,0,0
2,tcp,telnet,SF,24,306,0,0,0,0,0,0,0,0,0,0,0,0,0,0,0,0,4,8,0.0,0.0,0.75,0.62,0.5,0.75,0.5,140,90,0.31,0.04,0.01,0.02,0.02,0.02,0.9,0.63,mscan,1,0,NORMAL,0,0
285,tcp,ftp,SF,162,599,0,0,0,2,0,1,0,0,0,0,0,0,0,0,0,1,1,1,0.0,0.0,0.0,0.0,1.0,0.0,0.0,255,13,0.05,0.71,0.0,0.0,0.0,0.0,0.69,0.0,warezmaster,1,0,NORMAL,0,0
8117,tcp,telnet,S3,1,15,0,0,0,0,0,0,0,0,0,0,0,0,0,0,0,0,1,1,1.0,1.0,0.0,0.0,1.0,0.0,0.0,255,32,0.13,0.77,0.0,0.0,0.04,0.28,0.76,0.0,processtable,1,0,NORMAL,0,0
0,tcp,telnet,SF,125,174,0,0,0,0,1,0,0,0,0,0,0,0,0,0,0,0,1,1,0.0,0.0,0.0,0.0,1.0,0.0,0.0,255,254,1.0,0.01,0.0,0.0,0.02,0.02,0.01,0.01,guess_passwd,1,0,NORMAL,0,0
0,tcp,other,REJ,0,0,0,0,0,0,0,0,0,0,0,0,0,0,0,0,0,0,1,1,0.0,0.0,1.0,1.0,1.0,0.0,0.0,255,7,0.03,0.02,0.0,0.0,0.0,0.0,0.03,1.0,httptunnel,1,0,NORMAL,0,0
0,tcp,ftp_data,SF,12,0,0,0,0,0,0,0,0,0,0,0,0,0,0,0,0,0,2,2,0.0,0.0,0.0,0.0,1.0,0.0,0.0,4,22,1.0,0.0,1.0,0.14,0.0,0.0,0.0,0.0,warezmaster,1,0,NORMAL,0,0
3,tcp,pop_3,SF,26,93,0,0,0,0,0,1,0,0,0,0,0,0,0,0,0,0,1,1,0.0,0.0,0.0,0.0,1.0,0.0,0.0,106,91,0.85,0.03,0.01,0.02,0.0,0.0,0.09,0.0,guess_passwd,1,0,NORMAL,0,0
281,tcp,ftp,SF,164,599,0,0,0,2,0,1,0,0,0,0,0,0,0,0,0,1,1,1,0.0,0.0,0.0,0.0,1.0,0.0,0.0,255,6,0.02,0.29,0.0,0.0,0.0,0.0,0.28,0.0,warezmaster,1,0,NORMAL,0,0
3,tcp,pop_3,SF,30,93,0,0,0,0,0,1,0,0,0,0,0,0,0,0,0,0,1,1,0.0,0.0,0.0,0.0,1.0,0.0,0.0,255,254,1.0,0.01,0.01,0.0,0.0,0.0,0.0,0.0,guess_passwd,1,0,NORMAL,0,0
0,icmp,ecr_i,SF,1480,0,0,1,0,0,0,0,0,0,0,0,0,0,0,0,0,0,2,4,0.0,0.0,0.0,0.0,1.0,0.0,0.5,2,26,1.0,0.0,1.0,0.5,0.0,0.0,0.0,0.0,normal,0,1,ATTACK,1,0
3,tcp,pop_3,SF,30,93,0,0,0,0,0,1,0,0,0,0,0,0,0,0,0,0,1,1,0.0,0.0,0.0,0.0,1.0,0.0,0.0,255,249,0.98,0.01,0.0,0.0,0.0,0.0,0.0,0.0,guess_passwd,1,0,NORMAL,0,0
5,tcp,pop_3,SF,30,93,0,0,0,0,0,1,0,0,0,0,0,0,0,0,0,0,1,1,0.0,0.0,0.0,0.0,1.0,0.0,0.0,255,214,0.84,0.02,0.0,0.0,0.0,0.0,0.04,0.0,guess_passwd,1,0,NORMAL,0,0
281,tcp,ftp,SF,166,601,0,0,0,2,0,1,0,0,0,0,0,0,0,0,0,1,1,1,0.0,0.0,0.0,0.0,1.0,0.0,0.0,255,18,0.07,0.93,0.0,0.0,0.0,0.0,0.93,0.0,warezmaster,1,0,NORMAL,0,0
0,tcp,ftp_data,SF,12,0,0,0,0,0,0,0,0,0,0,0,0,0,0,0,0,0,1,1,0.0,0.0,0.0,0.0,1.0,0.0,0.0,85,55,0.11,0.07,0.11,0.04,0.0,0.0,0.0,0.0,warezmaster,1,0,NORMAL,0,0
5,tcp,pop_3,SF,30,93,0,0,0,0,0,1,0,0,0,0,0,0,0,0,0,0,2,1,0.0,0.0,0.0,0.0,0.5,1.0,0.0,255,252,0.99,0.01,0.0,0.0,0.0,0.0,0.0,0.0,guess_passwd,1,0,NORMAL,0,0
0,udp,private,SF,105,147,0,0,0,0,0,0,0,0,0,0,0,0,0,0,0,0,1,1,0.0,0.0,0.0,0.0,1.0,0.0,0.0,204,202,0.99,0.01,0.0,0.0,0.0,0.0,0.0,0.0,snmpgetattack,1,0,NORMAL,0,0
0,tcp,telnet,SF,124,174,0,0,0,0,1,0,0,0,0,0,0,0,0,0,0,0,1,1,0.0,0.0,0.0,0.0,1.0,0.0,0.0,255,192,0.75,0.02,0.0,0.0,0.0,0.0,0.02,0.03,guess_passwd,1,0,NORMAL,0,0
0,udp,private,SF,42,0,0,0,0,0,0,0,0,0,0,0,0,0,0,0,0,0,3,3,0.0,0.0,0.0,0.0,1.0,0.0,0.0,255,255,1.0,0.0,0.98,0.0,0.0,0.0,0.0,0.0,snmpguess,1,0,NORMAL,0,0
7278,tcp,telnet,SF,0,44,0,0,0,0,0,0,0,0,0,0,0,0,0,0,0,0,1,1,0.0,0.0,0.0,0.0,1.0,0.0,0.0,255,230,0.9,0.1,0.0,0.0,0.5,0.55,0.1,0.01,processtable,1,0,NORMAL,0,0
0,tcp,http,S0,0,0,0,0,0,0,0,0,0,0,0,0,0,0,0,0,0,0,43,43,0.86,0.86,0.12,0.12,1.0,0.0,0.0,255,255,1.0,0.0,0.0,0.0,0.2,0.2,0.7,0.7,apache2,1,0,NORMAL,0,0
0,tcp,telnet,S3,0,44,0,0,0,0,0,0,0,0,0,0,0,0,0,0,0,0,1,1,1.0,1.0,0.0,0.0,1.0,0.0,0.0,255,137,0.54,0.42,0.0,0.0,0.43,0.8,0.42,0.01,processtable,1,0,NORMAL,0,0
281,tcp,ftp,SF,162,597,0,0,0,2,0,1,0,0,0,0,0,0,0,0,0,1,1,1,0.0,0.0,0.0,0.0,1.0,0.0,0.0,244,87,0.36,0.03,0.0,0.0,0.0,0.0,0.0,0.0,warezmaster,1,0,NORMAL,0,0
284,tcp,ftp,SF,162,601,0,0,0,2,0,1,0,0,0,0,0,0,0,0,0,1,1,1,0.0,0.0,0.0,0.0,1.0,0.0,0.0,255,17,0.07,0.94,0.0,0.0,0.0,0.0,0.93,0.0,warezmaster,1,0,NORMAL,0,0
0,tcp,telnet,S3,0,44,0,0,0,0,0,0,0,0,0,0,0,0,0,0,0,0,1,1,1.0,1.0,0.0,0.0,1.0,0.0,0.0,255,100,0.39,0.03,0.0,0.0,0.09,0.22,0.11,0.13,processtable,1,0,NORMAL,0,0
0,udp,private,SF,1,0,0,0,0,0,0,0,0,0,0,0,0,0,0,0,0,0,47,6,0.0,0.0,0.0,0.0,0.13,0.47,0.0,255,15,0.06,0.69,0.45,0.0,0.0,0.0,0.55,0.0,normal,0,1,ATTACK,1,0
0,udp,private,SF,1,0,0,0,0,0,0,0,0,0,0,0,0,0,0,0,0,0,495,12,0.0,0.0,0.0,0.0,0.02,0.98,0.0,255,12,0.05,0.95,1.0,0.0,0.0,0.0,0.0,0.0,normal,0,1,ATTACK,1,0
0,udp,private,SF,48,0,0,0,0,0,0,0,0,0,0,0,0,0,0,0,0,0,4,4,0.0,0.0,0.0,0.0,1.0,0.0,0.0,255,253,0.99,0.01,0.0,0.0,0.0,0.0,0.0,0.0,snmpguess,1,0,NORMAL,0,0
1,tcp,smtp,SF,2599,293,0,0,0,0,0,1,0,0,0,0,0,0,0,0,0,0,3,3,0.0,0.0,0.0,0.0,1.0,0.0,0.0,255,198,0.78,0.13,0.0,0.0,0.0,0.0,0.21,0.0,mailbomb,1,0,NORMAL,0,0
3,tcp,private,RSTR,0,0,0,0,0,0,0,0,0,0,0,0,0,0,0,0,0,0,83,2,0.0,0.0,1.0,1.0,0.02,0.55,0.0,87,2,0.02,0.53,0.95,0.0,0.0,0.0,0.95,1.0,normal,0,1,ATTACK,1,1
0,tcp,http,SF,54540,8314,0,0,0,2,0,1,1,0,0,0,0,0,0,0,0,0,2,9,0.0,0.0,0.0,0.0,1.0,0.0,0.33,255,251,0.98,0.01,0.0,0.0,0.0,0.0,0.0,0.0,back,1,0,NORMAL,0,0
0,tcp,ftp_data,SF,12,0,0,0,0,0,0,0,0,0,0,0,0,0,0,0,0,0,1,1,0.0,0.0,0.0,0.0,1.0,0.0,0.0,9,17,1.0,0.0,1.0,0.12,0.0,0.0,0.0,0.0,warezmaster,1,0,NORMAL,0,0
281,tcp,ftp,SF,160,595,0,0,0,2,0,1,0,0,0,0,0,0,0,0,0,1,1,1,0.0,0.0,0.0,0.0,1.0,0.0,0.0,255,35,0.14,0.03,0.0,0.0,0.35,0.0,0.02,0.0,warezmaster,1,0,NORMAL,0,0
4,tcp,pop_3,SF,27,103,0,0,0,0,0,1,0,0,0,0,0,0,0,0,0,0,1,1,0.0,0.0,0.0,0.0,1.0,0.0,0.0,255,219,0.86,0.02,0.0,0.0,0.0,0.0,0.04,0.01,guess_passwd,1,0,NORMAL,0,0
4,tcp,pop_3,SF,32,93,0,0,0,0,0,1,0,0,0,0,0,0,0,0,0,0,1,1,0.0,0.0,0.0,0.0,1.0,0.0,0.0,255,234,0.92,0.02,0.0,0.0,0.0,0.0,0.02,0.0,guess_passwd,1,0,NORMAL,0,0
0,udp,private,SF,45,0,0,0,0,0,0,0,0,0,0,0,0,0,0,0,0,0,2,2,0.0,0.0,0.0,0.0,1.0,0.0,0.0,255,255,1.0,0.0,0.01,0.0,0.0,0.0,0.0,0.0,snmpguess,1,0,NORMAL,0,0
0,tcp,ftp,SF,25,157,0,0,0,0,1,0,0,0,0,0,0,0,0,0,0,1,1,1,0.0,0.0,0.0,0.0,1.0,0.0,0.0,30,10,0.33,0.13,0.03,0.0,0.0,0.0,0.0,0.0,guess_passwd,1,0,NORMAL,0,0
0,udp,private,SF,1,0,0,0,0,0,0,0,0,0,0,0,0,0,0,0,0,0,15,14,0.0,0.0,0.0,0.0,0.93,0.13,0.0,255,15,0.06,0.76,0.25,0.0,0.03,0.0,0.69,0.0,normal,0,1,ATTACK,1,0
282,tcp,ftp,SF,160,597,0,0,0,2,0,1,0,0,0,0,0,0,0,0,0,1,1,1,0.0,0.0,0.0,0.0,1.0,0.0,0.0,255,94,0.37,0.03,0.0,0.0,0.0,0.0,0.0,0.0,warezmaster,1,0,NORMAL,0,0
1,tcp,smtp,SF,2599,293,0,0,0,0,0,1,0,0,0,0,0,0,0,0,0,0,3,3,0.0,0.0,0.0,0.0,1.0,0.0,0.0,255,238,0.93,0.07,0.0,0.0,0.0,0.0,0.06,0.0,mailbomb,1,0,NORMAL,0,0
0,udp,private,SF,105,146,0,0,0,0,0,0,0,0,0,0,0,0,0,0,0,0,1,1,0.0,0.0,0.0,0.0,1.0,0.0,0.0,255,248,0.97,0.01,0.01,0.0,0.0,0.0,0.0,0.0,snmpgetattack,1,0,NORMAL,0,0
0,tcp,ftp_data,SF,0,8035,0,0,0,0,0,0,0,0,0,0,0,0,0,0,0,0,1,2,0.0,0.0,0.0,0.0,1.0,0.0,1.0,255,1,0.0,0.02,0.0,0.0,0.0,0.0,0.0,0.0,multihop,1,0,NORMAL,0,0
0,udp,private,SF,49,0,0,0,0,0,0,0,0,0,0,0,0,0,0,0,0,0,4,4,0.0,0.0,0.0,0.0,1.0,0.0,0.0,255,253,0.99,0.01,0.01,0.0,0.0,0.0,0.0,0.0,snmpguess,1,0,NORMAL,0,0
0,tcp,ftp,SF,25,157,0,0,0,0,1,0,0,0,0,0,0,0,0,0,0,1,1,1,0.0,0.0,0.0,0.0,1.0,0.0,0.0,39,16,0.41,0.1,0.03,0.0,0.0,0.0,0.0,0.0,guess_passwd,1,0,NORMAL,0,0
0,tcp,telnet,RSTO,125,176,0,0,0,0,1,0,0,0,0,0,0,0,0,0,0,0,1,1,0.0,0.0,1.0,1.0,1.0,0.0,0.0,255,126,0.49,0.02,0.0,0.0,0.0,0.0,0.02,0.03,guess_passwd,1,0,NORMAL,0,0
7257,tcp,telnet,SF,0,44,0,0,0,0,0,0,0,0,0,0,0,0,0,0,0,0,1,1,0.0,0.0,0.0,0.0,1.0,0.0,0.0,255,245,0.96,0.02,0.0,0.0,0.27,0.28,0.01,0.0,processtable,1,0,NORMAL,0,0
4,tcp,pop_3,SF,28,93,0,0,0,0,0,1,0,0,0,0,0,0,0,0,0,0,1,1,0.0,0.0,0.0,0.0,1.0,0.0,0.0,155,137,0.88,0.02,0.01,0.01,0.0,0.0,0.06,0.0,guess_passwd,1,0,NORMAL,0,0
0,tcp,other,RSTR,0,0,0,0,0,0,0,0,0,0,0,0,0,0,0,0,0,0,1,1,0.0,0.0,1.0,1.0,1.0,0.0,0.0,255,1,0.0,0.73,0.72,0.0,0.0,0.0,0.72,1.0,normal,0,1,ATTACK,1,0
0,udp,private,SF,50,0,0,0,0,0,0,0,0,0,0,0,0,0,0,0,0,0,5,5,0.0,0.0,0.0,0.0,1.0,0.0,0.0,255,254,1.0,0.01,0.0,0.0,0.0,0.0,0.0,0.0,snmpguess,1,0,NORMAL,0,0
0,tcp,telnet,S3,0,44,0,0,0,0,0,0,0,0,0,0,0,0,0,0,0,0,1,1,1.0,1.0,0.0,0.0,1.0,0.0,0.0,255,50,0.2,0.71,0.0,0.0,0.1,0.5,0.7,0.0,processtable,1,0,NORMAL,0,0
0,tcp,telnet,SF,122,174,0,0,0,0,1,0,0,0,0,0,0,0,0,0,0,0,1,1,0.0,0.0,0.0,0.0,1.0,0.0,0.0,255,154,0.6,0.02,0.0,0.0,0.0,0.0,0.02,0.03,guess_passwd,1,0,NORMAL,0,0
0,tcp,telnet,SF,121,174,0,0,0,0,1,0,0,0,0,0,0,0,0,0,0,0,1,1,0.0,0.0,0.0,0.0,1.0,0.0,0.0,255,121,0.47,0.02,0.0,0.0,0.0,0.0,0.01,0.02,guess_passwd,1,0,NORMAL,0,0
0,tcp,http,S0,0,0,0,0,0,0,0,0,0,0,0,0,0,0,0,0,0,0,10,10,1.0,1.0,0.0,0.0,1.0,0.0,0.0,255,245,0.96,0.01,0.0,0.0,0.11,0.11,0.56,0.59,apache2,1,0,NORMAL,0,0
908,tcp,http,RSTR,1024,0,0,0,0,0,0,1,0,0,0,0,0,0,0,0,0,0,82,82,0.02,0.02,0.98,0.98,1.0,0.0,0.0,255,253,0.99,0.01,0.0,0.0,0.01,0.01,0.44,0.45,apache2,1,0,NORMAL,0,0
0,tcp,http,S0,0,0,0,0,0,0,0,0,0,0,0,0,0,0,0,0,0,0,12,12,0.42,0.42,0.58,0.58,1.0,0.0,0.0,255,244,0.96,0.01,0.0,0.0,0.04,0.04,0.56,0.59,apache2,1,0,NORMAL,0,0
60,tcp,telnet,SF,129,179,0,0,0,0,1,0,0,0,0,0,0,0,0,0,0,0,1,1,0.0,0.0,0.0,0.0,1.0,0.0,0.0,255,2,0.01,0.02,0.0,0.0,0.0,0.0,0.0,0.0,normal,0,1,ATTACK,1,0
0,tcp,telnet,SF,128,174,0,0,0,0,1,0,0,0,0,0,0,0,0,0,0,0,1,1,0.0,0.0,0.0,0.0,1.0,0.0,0.0,255,241,0.95,0.01,0.0,0.0,0.0,0.0,0.02,0.02,guess_passwd,1,0,NORMAL,0,0
0,tcp,telnet,S3,0,44,0,0,0,0,0,0,0,0,0,0,0,0,0,0,0,0,1,1,1.0,1.0,0.0,0.0,1.0,0.0,0.0,255,87,0.34,0.03,0.0,0.0,0.03,0.09,0.11,0.15,processtable,1,0,NORMAL,0,0
0,tcp,http,S0,0,0,0,0,0,0,0,0,0,0,0,0,0,0,0,0,0,0,41,41,1.0,1.0,0.0,0.0,1.0,0.0,0.0,255,255,1.0,0.0,0.0,0.0,0.24,0.24,0.7,0.7,apache2,1,0,NORMAL,0,0
0,tcp,telnet,RSTO,0,15,0,0,0,0,0,0,0,0,0,0,0,0,0,0,0,0,1,3,0.0,0.0,1.0,0.67,1.0,0.0,0.67,239,84,0.33,0.02,0.0,0.02,0.0,0.0,0.88,0.69,mscan,1,0,NORMAL,0,0
0,tcp,ftp,SF,26,157,0,0,0,0,1,0,0,0,0,0,0,0,0,0,0,1,1,1,0.0,0.0,0.0,0.0,1.0,0.0,0.0,202,98,0.49,0.03,0.0,0.0,0.0,0.0,0.0,0.0,guess_passwd,1,0,NORMAL,0,0
0,tcp,telnet,S3,0,44,0,0,0,0,0,0,0,0,0,0,0,0,0,0,0,0,1,1,1.0,1.0,0.0,0.0,1.0,0.0,0.0,255,157,0.62,0.02,0.0,0.0,0.55,0.53,0.01,0.01,processtable,1,0,NORMAL,0,0
0,udp,private,SF,1,1,0,0,0,0,0,0,0,0,0,0,0,0,0,0,0,0,105,13,0.0,0.0,0.0,0.0,0.12,0.63,0.0,255,13,0.05,0.77,0.67,0.0,0.05,0.0,0.27,0.0,normal,0,1,ATTACK,1,0
3,tcp,private,RSTR,0,0,0,0,0,0,0,0,0,0,0,0,0,0,0,0,0,0,163,2,0.0,0.0,1.0,1.0,0.01,0.54,0.0,170,2,0.01,0.52,0.96,0.0,0.0,0.0,0.96,1.0,normal,0,1,ATTACK,1,1
4,tcp,pop_3,SF,27,93,0,0,0,0,0,1,0,0,0,0,0,0,0,0,0,0,1,1,0.0,0.0,0.0,0.0,1.0,0.0,0.0,255,207,0.81,0.02,0.0,0.0,0.0,0.0,0.07,0.0,guess_passwd,1,0,NORMAL,0,0
171,tcp,telnet,SF,261,1829,0,0,0,1,0,1,0,1,0,3,0,0,0,0,1,0,1,1,0.0,0.0,0.0,0.0,1.0,0.0,0.0,255,19,0.07,0.03,0.0,0.0,0.0,0.0,0.0,0.0,xsnoop,1,0,NORMAL,0,0
0,udp,private,SF,1,74,0,0,0,0,0,0,0,0,0,0,0,0,0,0,0,0,33,1,0.0,0.0,0.0,0.0,0.03,0.3,0.0,255,1,0.0,0.79,0.27,0.0,0.0,0.0,0.73,0.0,normal,0,1,ATTACK,1,0
0,tcp,other,RSTR,0,0,0,0,0,0,0,0,0,0,0,0,0,0,0,0,0,0,1,1,0.0,0.0,1.0,1.0,1.0,0.0,0.0,255,1,0.0,0.94,0.94,0.0,0.0,0.0,0.94,1.0,normal,0,1,ATTACK,1,0
0,udp,private,SF,44,44,0,0,0,0,0,0,0,0,0,0,0,0,0,0,0,0,1,1,0.0,0.0,0.0,0.0,1.0,0.0,0.0,255,255,1.0,0.0,0.01,0.0,0.0,0.0,0.0,0.0,snmpguess,1,0,NORMAL,0,0
0,udp,private,SF,28,0,0,3,0,0,0,0,0,0,0,0,0,0,0,0,0,0,2,2,0.0,0.0,0.0,0.0,1.0,0.0,0.0,22,2,0.09,0.14,0.09,0.0,0.0,0.0,0.0,0.0,normal,0,1,ATTACK,1,0
283,tcp,ftp,SF,162,597,0,0,0,2,0,1,0,0,0,0,0,0,0,0,0,1,1,1,0.0,0.0,0.0,0.0,1.0,0.0,0.0,255,83,0.33,0.03,0.0,0.0,0.02,0.0,0.02,0.0,warezmaster,1,0,NORMAL,0,0
3,tcp,private,RSTR,0,0,0,0,0,0,0,0,0,0,0,0,0,0,0,0,0,0,33,2,0.0,0.0,1.0,1.0,0.06,0.61,0.0,36,2,0.06,0.58,0.92,0.0,0.0,0.0,0.92,1.0,normal,0,1,ATTACK,1,1
7370,tcp,telnet,SF,0,44,0,0,0,0,0,0,0,0,0,0,0,0,0,0,0,0,1,1,0.0,0.0,0.0,0.0,1.0,0.0,0.0,255,221,0.87,0.02,0.0,0.0,0.27,0.31,0.01,0.0,processtable,1,0,NORMAL,0,0
282,tcp,ftp,SF,162,599,0,0,0,2,0,1,0,0,0,0,0,0,0,0,0,1,1,1,0.0,0.0,0.0,0.0,1.0,0.0,0.0,255,102,0.4,0.04,0.0,0.0,0.0,0.0,0.02,0.0,warezmaster,1,0,NORMAL,0,0
0,udp,private,SF,1,0,0,0,0,0,0,0,0,0,0,0,0,0,0,0,0,0,31,7,0.0,0.0,0.0,0.0,0.23,0.26,0.0,255,7,0.03,0.9,0.13,0.0,0.0,0.0,0.87,0.0,normal,0,1,ATTACK,1,0
1,tcp,telnet,RSTO,0,15,0,0,0,0,0,0,0,0,0,0,0,0,0,0,0,0,1,4,0.0,0.25,1.0,0.5,1.0,0.0,0.75,255,69,0.27,0.02,0.0,0.0,0.0,0.0,0.71,0.68,mscan,1,0,NORMAL,0,0
280,tcp,ftp_data,SF,283618,0,0,0,0,0,0,0,0,0,0,0,0,0,0,0,0,0,2,2,0.0,0.0,0.0,0.0,1.0,0.0,0.0,255,35,0.14,0.03,0.14,0.0,0.02,0.0,0.0,0.0,warezmaster,1,0,NORMAL,0,0
0,tcp,telnet,SF,124,174,0,0,0,0,1,0,0,0,0,0,0,0,0,0,0,0,1,1,0.0,0.0,0.0,0.0,1.0,0.0,0.0,255,26,0.1,0.02,0.0,0.0,0.0,0.0,0.0,0.04,guess_passwd,1,0,NORMAL,0,0
0,udp,private,SF,40,0,0,0,0,0,0,0,0,0,0,0,0,0,0,0,0,0,5,5,0.0,0.0,0.0,0.0,1.0,0.0,0.0,255,255,1.0,0.0,0.01,0.0,0.0,0.0,0.0,0.0,snmpguess,1,0,NORMAL,0,0
283,tcp,ftp,SF,158,595,0,0,0,2,0,1,0,0,0,0,0,0,0,0,0,1,1,1,0.0,0.0,0.0,0.0,1.0,0.0,0.0,255,97,0.38,0.03,0.0,0.0,0.02,0.0,0.01,0.0,warezmaster,1,0,NORMAL,0,0
0,tcp,telnet,RSTO,0,12,0,0,0,0,0,0,0,0,0,0,0,0,0,0,0,0,1,9,0.0,0.22,1.0,0.56,1.0,0.0,0.78,255,33,0.13,0.02,0.0,0.0,0.0,0.0,0.19,0.52,mscan,1,0,NORMAL,0,0
281,tcp,ftp,SF,160,599,0,0,0,2,0,1,0,0,0,0,0,0,0,0,0,1,1,1,0.0,0.0,0.0,0.0,1.0,0.0,0.0,255,14,0.05,0.85,0.0,0.0,0.0,0.0,0.85,0.0,warezmaster,1,0,NORMAL,0,0
0,tcp,telnet,SF,125,174,0,0,0,0,1,0,0,0,0,0,0,0,0,0,0,0,1,1,0.0,0.0,0.0,0.0,1.0,0.0,0.0,255,20,0.08,0.02,0.0,0.0,0.0,0.0,0.0,0.05,guess_passwd,1,0,NORMAL,0,0
7354,tcp,telnet,SF,0,44,0,0,0,0,0,0,0,0,0,0,0,0,0,0,0,0,1,1,0.0,0.0,0.0,0.0,1.0,0.0,0.0,255,218,0.85,0.15,0.0,0.0,0.5,0.58,0.15,0.01,processtable,1,0,NORMAL,0,0
0,tcp,http,REJ,0,0,0,0,0,0,0,0,0,0,0,0,0,0,0,0,0,0,1,1,0.0,0.0,1.0,1.0,1.0,0.0,0.0,255,54,0.21,0.11,0.0,0.0,0.0,0.0,0.99,1.0,neptune,1,0,NORMAL,0,0
0,tcp,telnet,SF,114,153,0,0,0,0,0,0,0,0,0,0,0,0,0,0,0,0,1,1,0.0,0.0,0.0,0.0,1.0,0.0,0.0,255,254,1.0,0.01,0.0,0.0,0.02,0.02,0.02,0.02,guess_passwd,1,0,NORMAL,0,0
0,tcp,telnet,SF,123,174,0,0,0,0,1,0,0,0,0,0,0,0,0,0,0,0,1,1,0.0,0.0,0.0,0.0,1.0,0.0,0.0,255,130,0.51,0.02,0.0,0.0,0.0,0.0,0.02,0.03,guess_passwd,1,0,NORMAL,0,0
0,tcp,telnet,S3,0,44,0,0,0,0,0,0,0,0,0,0,0,0,0,0,0,0,1,1,1.0,1.0,0.0,0.0,1.0,0.0,0.0,255,86,0.34,0.59,0.0,0.0,0.24,0.71,0.57,0.0,processtable,1,0,NORMAL,0,0
8152,tcp,telnet,SF,0,15,0,0,0,0,0,0,0,0,0,0,0,0,0,0,0,0,1,1,0.0,0.0,0.0,0.0,1.0,0.0,0.0,255,54,0.21,0.04,0.0,0.0,0.0,0.02,0.11,0.24,processtable,1,0,NORMAL,0,0
7650,tcp,telnet,SF,0,44,0,0,0,0,0,0,0,0,0,0,0,0,0,0,0,0,1,1,0.0,0.0,0.0,0.0,1.0,0.0,0.0,255,167,0.65,0.02,0.0,0.0,0.5,0.48,0.01,0.01,processtable,1,0,NORMAL,0,0
4,tcp,pop_3,SF,32,93,0,0,0,0,0,1,0,0,0,0,0,0,0,0,0,0,1,1,0.0,0.0,0.0,0.0,1.0,0.0,0.0,255,239,0.94,0.01,0.0,0.0,0.0,0.0,0.04,0.0,guess_passwd,1,0,NORMAL,0,0
1,tcp,smtp,SF,2599,293,0,0,0,0,0,1,0,0,0,0,0,0,0,0,0,0,2,2,0.0,0.0,0.0,0.0,1.0,0.0,0.0,255,33,0.13,0.16,0.0,0.0,0.0,0.0,0.85,0.0,mailbomb,1,0,NORMAL,0,0
0,tcp,other,REJ,0,0,0,0,0,0,0,0,0,0,0,0,0,0,0,0,0,0,1,1,0.0,0.0,1.0,1.0,1.0,0.0,0.0,255,31,0.12,0.02,0.0,0.0,0.0,0.0,0.1,0.74,httptunnel,1,0,NORMAL,0,0
4,tcp,pop_3,SF,27,93,0,0,0,0,0,1,0,0,0,0,0,0,0,0,0,0,1,1,0.0,0.0,0.0,0.0,1.0,0.0,0.0,255,231,0.91,0.02,0.0,0.0,0.0,0.0,0.02,0.0,guess_passwd,1,0,NORMAL,0,0
282,tcp,ftp,SF,158,595,0,0,0,2,0,1,0,0,0,0,0,0,0,0,0,1,1,1,0.0,0.0,0.0,0.0,1.0,0.0,0.0,255,19,0.07,0.71,0.0,0.0,0.0,0.05,0.69,0.0,warezmaster,1,0,NORMAL,0,0
0,tcp,telnet,S3,0,44,0,0,0,0,0,0,0,0,0,0,0,0,0,0,0,0,1,1,1.0,1.0,0.0,0.0,1.0,0.0,0.0,255,134,0.53,0.02,0.0,0.0,0.53,0.45,0.01,0.01,processtable,1,0,NORMAL,0,0
4,tcp,pop_3,SF,26,93,0,0,0,0,0,1,0,0,0,0,0,0,0,0,0,0,1,1,0.0,0.0,0.0,0.0,1.0,0.0,0.0,10,13,1.0,0.0,0.1,0.23,0.0,0.0,0.0,0.0,guess_passwd,1,0,NORMAL,0,0
0,tcp,telnet,SF,121,174,0,0,0,0,1,0,0,0,0,0,0,0,0,0,0,0,2,2,0.0,0.0,0.0,0.0,1.0,0.0,0.0,255,78,0.31,0.02,0.0,0.0,0.0,0.0,0.01,0.04,guess_passwd,1,0,NORMAL,0,0
0,udp,private,SF,105,146,0,0,0,0,0,0,0,0,0,0,0,0,0,0,0,0,1,1,0.0,0.0,0.0,0.0,1.0,0.0,0.0,160,159,0.99,0.01,0.01,0.0,0.0,0.0,0.0,0.0,snmpgetattack,1,0,NORMAL,0,0
281,tcp,ftp,SF,162,597,0,0,0,2,0,1,0,0,0,0,0,0,0,0,0,1,4,1,0.0,0.0,0.0,0.0,0.25,0.5,0.0,255,1,0.0,0.04,0.0,0.0,0.0,0.0,0.03,0.0,warezmaster,1,0,NORMAL,0,0
4,tcp,pop_3,SF,28,93,0,0,0,0,0,1,0,0,0,0,0,0,0,0,0,0,1,1,0.0,0.0,0.0,0.0,1.0,0.0,0.0,255,214,0.84,0.02,0.0,0.0,0.0,0.0,0.04,0.0,guess_passwd,1,0,NORMAL,0,0
5,tcp,pop_3,SF,28,93,0,0,0,0,0,1,0,0,0,0,0,0,0,0,0,0,1,1,0.0,0.0,0.0,0.0,1.0,0.0,0.0,16,17,1.0,0.0,0.06,0.12,0.0,0.0,0.0,0.0,guess_passwd,1,0,NORMAL,0,0
0,tcp,telnet,SF,127,174,0,0,0,0,1,0,0,0,0,0,0,0,0,0,0,0,1,1,0.0,0.0,0.0,0.0,1.0,0.0,0.0,255,250,0.98,0.01,0.0,0.0,0.0,0.0,0.02,0.02,guess_passwd,1,0,NORMAL,0,0
282,tcp,ftp,SF,164,601,0,0,0,2,0,1,0,0,0,0,0,0,0,0,0,1,1,1,0.0,0.0,0.0,0.0,1.0,0.0,0.0,255,16,0.06,0.86,0.0,0.0,0.0,0.06,0.83,0.0,warezmaster,1,0,NORMAL,0,0
0,tcp,telnet,S3,0,44,0,0,0,0,0,0,0,0,0,0,0,0,0,0,0,0,1,1,1.0,1.0,0.0,0.0,1.0,0.0,0.0,255,152,0.6,0.37,0.0,0.0,0.49,0.82,0.36,0.01,processtable,1,0,NORMAL,0,0
7384,tcp,telnet,SF,0,44,0,0,0,0,0,0,0,0,0,0,0,0,0,0,0,0,1,1,0.0,0.0,0.0,0.0,1.0,0.0,0.0,255,227,0.89,0.02,0.0,0.0,0.33,0.37,0.12,0.06,processtable,1,0,NORMAL,0,0
0,tcp,telnet,SF,125,174,0,0,0,0,1,0,0,0,0,0,0,0,0,0,0,0,1,1,0.0,0.0,0.0,0.0,1.0,0.0,0.0,255,254,1.0,0.01,0.0,0.0,0.01,0.01,0.02,0.02,guess_passwd,1,0,NORMAL,0,0
7273,tcp,telnet,SF,0,44,0,0,0,0,0,0,0,0,0,0,0,0,0,0,0,0,1,1,0.0,0.0,0.0,0.0,1.0,0.0,0.0,255,241,0.95,0.02,0.0,0.0,0.27,0.29,0.01,0.0,processtable,1,0,NORMAL,0,0
4,tcp,pop_3,SF,28,93,0,0,0,0,0,1,0,0,0,0,0,0,0,0,0,0,1,1,0.0,0.0,0.0,0.0,1.0,0.0,0.0,255,253,0.99,0.01,0.0,0.0,0.0,0.0,0.0,0.0,guess_passwd,1,0,NORMAL,0,0
8120,tcp,telnet,SF,0,15,0,0,0,0,0,0,0,0,0,0,0,0,0,0,0,0,1,1,0.0,0.0,0.0,0.0,1.0,0.0,0.0,255,81,0.32,0.02,0.0,0.0,0.68,0.57,0.01,0.02,processtable,1,0,NORMAL,0,0
0,tcp,ftp_data,SF,12,0,0,0,0,0,0,0,0,0,0,0,0,0,0,0,0,0,1,1,0.0,0.0,0.0,0.0,1.0,0.0,0.0,1,23,1.0,0.0,1.0,0.17,0.0,0.04,0.0,0.0,warezmaster,1,0,NORMAL,0,0
4,tcp,pop_3,SF,32,93,0,0,0,0,0,1,0,0,0,0,0,0,0,0,0,0,1,1,0.0,0.0,0.0,0.0,1.0,0.0,0.0,228,209,0.92,0.01,0.0,0.0,0.0,0.0,0.04,0.0,guess_passwd,1,0,NORMAL,0,0
4,tcp,pop_3,SF,26,93,0,0,0,0,0,1,0,0,0,0,0,0,0,0,0,0,1,1,0.0,0.0,0.0,0.0,1.0,0.0,0.0,205,186,0.91,0.01,0.0,0.0,0.0,0.0,0.05,0.0,guess_passwd,1,0,NORMAL,0,0
0,tcp,ftp,SF,26,157,0,0,0,0,1,0,0,0,0,0,0,0,0,0,0,1,1,1,0.0,0.0,0.0,0.0,1.0,0.0,0.0,216,106,0.49,0.03,0.0,0.0,0.0,0.0,0.0,0.0,guess_passwd,1,0,NORMAL,0,0
789,tcp,http,RSTR,2484,1,0,0,0,0,0,1,0,0,0,0,0,0,0,0,0,0,29,29,0.0,0.0,1.0,1.0,1.0,0.0,0.0,255,253,0.99,0.01,0.0,0.0,0.0,0.0,0.15,0.15,apache2,1,0,NORMAL,0,0
0,tcp,telnet,S3,0,44,0,0,0,0,0,0,0,0,0,0,0,0,0,0,0,0,1,1,1.0,1.0,0.0,0.0,1.0,0.0,0.0,255,89,0.35,0.58,0.0,0.0,0.25,0.72,0.56,0.0,processtable,1,0,NORMAL,0,0
0,tcp,http,S0,0,0,0,0,0,0,0,0,0,0,0,0,0,0,0,0,0,0,8,8,1.0,1.0,0.0,0.0,1.0,0.0,0.0,255,245,0.96,0.01,0.0,0.0,0.1,0.1,0.56,0.59,apache2,1,0,NORMAL,0,0
0,icmp,ecr_i,SF,40008,0,0,0,0,0,0,0,0,0,0,0,0,0,0,0,0,0,1,1,0.0,0.0,0.0,0.0,1.0,0.0,0.0,1,1,1.0,0.0,1.0,0.0,0.0,0.0,0.0,0.0,normal,0,1,ATTACK,1,0
0,tcp,telnet,SF,126,174,0,0,0,0,1,0,0,0,0,0,0,0,0,0,0,0,1,1,0.0,0.0,0.0,0.0,1.0,0.0,0.0,255,111,0.44,0.02,0.0,0.0,0.0,0.0,0.01,0.03,guess_passwd,1,0,NORMAL,0,0
0,tcp,other,REJ,0,0,0,0,0,0,0,0,0,0,0,0,0,0,0,0,0,0,1,1,0.0,0.0,1.0,1.0,1.0,0.0,0.0,255,13,0.05,0.01,0.0,0.0,0.0,0.0,0.04,0.85,httptunnel,1,0,NORMAL,0,0
0,tcp,telnet,SF,126,174,0,0,0,0,1,0,0,0,0,0,0,0,0,0,0,0,2,2,0.0,0.0,0.0,0.0,1.0,0.0,0.0,255,255,1.0,0.0,0.0,0.0,0.01,0.01,0.02,0.02,guess_passwd,1,0,NORMAL,0,0
0,udp,private,SF,105,147,0,0,0,0,0,0,0,0,0,0,0,0,0,0,0,0,1,1,0.0,0.0,0.0,0.0,1.0,0.0,0.0,255,252,0.99,0.01,0.0,0.0,0.0,0.0,0.0,0.0,snmpgetattack,1,0,NORMAL,0,0
282,tcp,ftp,SF,160,599,0,0,0,2,0,1,0,0,0,0,0,0,0,0,0,1,1,1,0.0,0.0,0.0,0.0,1.0,0.0,0.0,255,17,0.07,0.94,0.0,0.0,0.0,0.0,0.93,0.0,warezmaster,1,0,NORMAL,0,0
7991,tcp,telnet,SF,0,44,0,0,0,0,0,0,0,0,0,0,0,0,0,0,0,0,1,1,0.0,0.0,0.0,0.0,1.0,0.0,0.0,255,104,0.41,0.02,0.0,0.0,0.57,0.38,0.01,0.01,processtable,1,0,NORMAL,0,0
0,tcp,ftp,SF,26,157,0,0,0,0,1,0,0,0,0,0,0,0,0,0,0,1,1,1,0.0,0.0,0.0,0.0,1.0,0.0,0.0,229,115,0.5,0.03,0.0,0.0,0.0,0.0,0.0,0.0,guess_passwd,1,0,NORMAL,0,0
4,tcp,pop_3,SF,32,93,0,0,0,0,0,1,0,0,0,0,0,0,0,0,0,0,1,1,0.0,0.0,0.0,0.0,1.0,0.0,0.0,255,236,0.93,0.02,0.0,0.0,0.0,0.0,0.02,0.0,guess_passwd,1,0,NORMAL,0,0
281,tcp,ftp,SF,162,597,0,0,0,2,0,1,0,0,0,0,0,0,0,0,0,1,1,1,0.0,0.0,0.0,0.0,1.0,0.0,0.0,245,88,0.36,0.03,0.0,0.0,0.0,0.0,0.0,0.0,warezmaster,1,0,NORMAL,0,0
0,udp,private,SF,105,146,0,0,0,0,0,0,0,0,0,0,0,0,0,0,0,0,1,1,0.0,0.0,0.0,0.0,1.0,0.0,0.0,164,163,0.99,0.01,0.01,0.0,0.0,0.0,0.0,0.0,snmpgetattack,1,0,NORMAL,0,0
7322,tcp,telnet,SF,0,44,0,0,0,0,0,0,0,0,0,0,0,0,0,0,0,0,1,1,0.0,0.0,0.0,0.0,1.0,0.0,0.0,255,226,0.89,0.12,0.0,0.0,0.5,0.56,0.12,0.01,processtable,1,0,NORMAL,0,0
0,tcp,telnet,SF,125,174,0,0,0,0,1,0,0,0,0,0,0,0,0,0,0,0,1,1,0.0,0.0,0.0,0.0,1.0,0.0,0.0,255,247,0.97,0.01,0.0,0.0,0.0,0.0,0.02,0.02,guess_passwd,1,0,NORMAL,0,0
283,tcp,ftp,SF,154,591,0,0,0,2,0,1,0,0,0,0,0,0,0,0,0,1,1,1,0.0,0.0,0.0,0.0,1.0,0.0,0.0,14,12,0.86,0.14,0.07,0.0,0.0,0.0,0.0,0.0,warezmaster,1,0,NORMAL,0,0
0,tcp,ftp,SF,26,157,0,0,0,0,1,0,0,0,0,0,0,0,0,0,0,1,1,1,0.0,0.0,0.0,0.0,1.0,0.0,0.0,93,50,0.54,0.04,0.01,0.0,0.0,0.0,0.0,0.0,guess_passwd,1,0,NORMAL,0,0
0,udp,private,SF,47,0,0,0,0,0,0,0,0,0,0,0,0,0,0,0,0,0,4,4,0.0,0.0,0.0,0.0,1.0,0.0,0.0,255,255,1.0,0.0,0.0,0.0,0.0,0.0,0.0,0.0,snmpguess,1,0,NORMAL,0,0
0,tcp,other,REJ,0,0,0,0,0,0,0,0,0,0,0,0,0,0,0,0,0,0,1,1,0.0,0.0,1.0,1.0,1.0,0.0,0.0,255,46,0.18,0.02,0.0,0.0,0.0,0.0,0.16,0.83,httptunnel,1,0,NORMAL,0,0
4,tcp,pop_3,SF,28,93,0,0,0,0,0,1,0,0,0,0,0,0,0,0,0,0,1,1,0.0,0.0,0.0,0.0,1.0,0.0,0.0,215,196,0.91,0.01,0.0,0.0,0.0,0.0,0.05,0.0,guess_passwd,1,0,NORMAL,0,0
281,tcp,ftp,SF,160,595,0,0,0,2,0,1,0,0,0,0,0,0,0,0,0,1,1,1,0.0,0.0,0.0,0.0,1.0,0.0,0.0,255,116,0.45,0.03,0.0,0.0,0.0,0.0,0.0,0.0,warezmaster,1,0,NORMAL,0,0
1,tcp,smtp,SF,2599,293,0,0,0,0,0,1,0,0,0,0,0,0,0,0,0,0,2,2,0.0,0.0,0.0,0.0,1.0,0.0,0.0,255,206,0.81,0.13,0.0,0.0,0.0,0.0,0.18,0.0,mailbomb,1,0,NORMAL,0,0
4,tcp,pop_3,SF,32,93,0,0,0,0,0,1,0,0,0,0,0,0,0,0,0,0,1,1,0.0,0.0,0.0,0.0,1.0,0.0,0.0,255,144,0.56,0.02,0.0,0.0,0.0,0.0,0.15,0.0,guess_passwd,1,0,NORMAL,0,0
4,tcp,pop_3,SF,26,93,0,0,0,0,0,1,0,0,0,0,0,0,0,0,0,0,1,1,0.0,0.0,0.0,0.0,1.0,0.0,0.0,140,123,0.87,0.02,0.01,0.02,0.0,0.0,0.07,0.0,guess_passwd,1,0,NORMAL,0,0
0,tcp,ftp_data,SF,12,0,0,0,0,0,0,0,0,0,0,0,0,0,0,0,0,0,1,1,0.0,0.0,0.0,0.0,1.0,0.0,0.0,6,21,0.83,0.33,0.83,0.14,0.0,0.0,0.0,0.0,warezmaster,1,0,NORMAL,0,0
0,tcp,other,REJ,0,0,0,0,0,0,0,0,0,0,0,0,0,0,0,0,0,0,1,1,0.0,0.0,1.0,1.0,1.0,0.0,0.0,255,15,0.06,0.01,0.0,0.0,0.0,0.0,0.04,0.6,httptunnel,1,0,NORMAL,0,0
281,tcp,ftp,SF,160,597,0,0,0,2,0,1,0,0,0,0,0,0,0,0,0,1,1,1,0.0,0.0,0.0,0.0,1.0,0.0,0.0,20,16,0.8,0.15,0.05,0.0,0.0,0.0,0.0,0.0,warezmaster,1,0,NORMAL,0,0
4,tcp,pop_3,SF,26,93,0,0,0,0,0,1,0,0,0,0,0,0,0,0,0,0,1,1,0.0,0.0,0.0,0.0,1.0,0.0,0.0,18,19,1.0,0.0,0.06,0.11,0.0,0.0,0.0,0.0,guess_passwd,1,0,NORMAL,0,0
0,tcp,telnet,SF,122,174,0,0,0,0,1,0,0,0,0,0,0,0,0,0,0,0,2,2,0.0,0.0,0.0,0.0,1.0,0.0,0.0,255,198,0.78,0.02,0.0,0.0,0.0,0.0,0.02,0.03,guess_passwd,1,0,NORMAL,0,0
0,tcp,pop_3,SF,36,237,0,0,0,0,0,1,0,0,0,0,0,0,0,0,0,0,1,1,0.0,0.0,0.0,0.0,1.0,0.0,0.0,38,7,0.18,0.13,0.03,0.0,0.0,0.0,0.0,0.0,guess_passwd,1,0,NORMAL,0,0
0,tcp,ftp,SF,26,157,0,0,0,0,1,0,0,0,0,0,0,0,0,0,0,1,1,1,0.0,0.0,0.0,0.0,1.0,0.0,0.0,71,40,0.56,0.06,0.01,0.0,0.0,0.0,0.0,0.0,guess_passwd,1,0,NORMAL,0,0
282,tcp,ftp,SF,157,593,0,0,0,2,0,1,0,0,0,0,0,0,0,0,0,1,1,1,0.0,0.0,0.0,0.0,1.0,0.0,0.0,255,21,0.08,0.02,0.0,0.0,0.06,0.0,0.3,0.0,warezmaster,1,0,NORMAL,0,0
0,udp,domain_u,SF,1,1,0,0,0,0,0,0,0,0,0,0,0,0,0,0,0,0,81,14,0.0,0.0,0.0,0.0,0.17,0.59,0.0,255,14,0.05,0.85,0.39,0.0,0.09,0.0,0.51,0.0,normal,0,1,ATTACK,1,0
0,tcp,ftp_data,SF,12,0,0,0,0,0,0,0,0,0,0,0,0,0,0,0,0,0,1,1,0.0,0.0,0.0,0.0,1.0,0.0,0.0,255,35,0.14,0.02,0.14,0.0,0.0,0.0,0.0,0.0,warezmaster,1,0,NORMAL,0,0
0,udp,private,SF,105,105,0,0,0,0,0,0,0,0,0,0,0,0,0,0,0,0,2,2,0.0,0.0,0.0,0.0,1.0,0.0,0.0,255,253,0.99,0.01,0.01,0.0,0.0,0.0,0.0,0.0,snmpgetattack,1,0,NORMAL,0,0
8129,tcp,telnet,S3,1,15,0,0,0,0,0,0,0,0,0,0,0,0,0,0,0,0,1,1,1.0,1.0,0.0,0.0,1.0,0.0,0.0,255,29,0.11,0.78,0.0,0.0,0.02,0.21,0.76,0.0,processtable,1,0,NORMAL,0,0
0,udp,private,SF,1,0,0,0,0,0,0,0,0,0,0,0,0,0,0,0,0,0,102,10,0.0,0.0,0.0,0.0,0.1,0.65,0.0,255,10,0.04,0.78,0.65,0.0,0.05,0.0,0.28,0.0,normal,0,1,ATTACK,1,0
0,udp,private,SF,44,0,0,0,0,0,0,0,0,0,0,0,0,0,0,0,0,0,5,5,0.0,0.0,0.0,0.0,1.0,0.0,0.0,255,254,1.0,0.01,0.0,0.0,0.0,0.0,0.0,0.0,snmpguess,1,0,NORMAL,0,0
281,tcp,ftp,SF,162,597,0,0,0,2,0,1,0,0,0,0,0,0,0,0,0,1,1,1,0.0,0.0,0.0,0.0,1.0,0.0,0.0,255,17,0.07,0.94,0.0,0.0,0.0,0.0,0.93,0.0,warezmaster,1,0,NORMAL,0,0
0,tcp,http,S0,0,0,0,0,0,0,0,0,0,0,0,0,0,0,0,0,0,0,2,2,1.0,1.0,0.0,0.0,1.0,0.0,0.0,255,254,1.0,0.01,0.0,0.0,0.04,0.04,0.74,0.74,apache2,1,0,NORMAL,0,0
0,tcp,telnet,S3,0,44,0,0,0,0,0,0,0,0,0,0,0,0,0,0,0,0,1,1,1.0,1.0,0.0,0.0,1.0,0.0,0.0,255,139,0.55,0.42,0.0,0.0,0.44,0.8,0.41,0.01,processtable,1,0,NORMAL,0,0
0,tcp,telnet,SF,127,174,0,0,0,0,1,0,0,0,0,0,0,0,0,0,0,0,2,2,0.0,0.0,0.0,0.0,1.0,0.0,0.0,255,178,0.7,0.02,0.0,0.0,0.0,0.0,0.02,0.03,guess_passwd,1,0,NORMAL,0,0
1,tcp,smtp,SF,2599,293,0,0,0,0,0,1,0,0,0,0,0,0,0,0,0,0,4,3,0.0,0.0,0.25,0.0,0.75,0.5,0.0,255,245,0.96,0.04,0.0,0.0,0.0,0.0,0.04,0.0,mailbomb,1,0,NORMAL,0,0
1,tcp,smtp,SF,2599,293,0,0,0,0,0,1,0,0,0,0,0,0,0,0,0,0,2,2,0.0,0.0,0.0,0.0,1.0,0.0,0.0,255,152,0.6,0.13,0.0,0.0,0.0,0.0,0.39,0.0,mailbomb,1,0,NORMAL,0,0
0,tcp,telnet,SF,123,174,0,0,0,0,1,0,0,0,0,0,0,0,0,0,0,0,1,1,0.0,0.0,0.0,0.0,1.0,0.0,0.0,255,246,0.96,0.01,0.0,0.0,0.0,0.0,0.02,0.02,guess_passwd,1,0,NORMAL,0,0
282,tcp,ftp,SF,160,599,0,0,0,2,0,1,0,0,0,0,0,0,0,0,0,1,1,1,0.0,0.0,0.0,0.0,1.0,0.0,0.0,255,15,0.06,0.87,0.0,0.0,0.0,0.0,0.85,0.0,warezmaster,1,0,NORMAL,0,0
0,udp,private,SF,47,47,0,0,0,0,0,0,0,0,0,0,0,0,0,0,0,0,2,2,0.0,0.0,0.0,0.0,1.0,0.0,0.0,255,254,1.0,0.01,0.01,0.0,0.0,0.0,0.0,0.0,snmpguess,1,0,NORMAL,0,0
0,udp,private,SF,105,146,0,0,0,0,0,0,0,0,0,0,0,0,0,0,0,0,1,1,0.0,0.0,0.0,0.0,1.0,0.0,0.0,255,249,0.98,0.01,0.0,0.0,0.0,0.0,0.0,0.0,snmpgetattack,1,0,NORMAL,0,0
282,tcp,ftp,SF,160,595,0,0,0,2,0,1,0,0,0,0,0,0,0,0,0,1,1,1,0.0,0.0,0.0,0.0,1.0,0.0,0.0,255,113,0.44,0.03,0.0,0.0,0.0,0.0,0.0,0.0,warezmaster,1,0,NORMAL,0,0
3,tcp,pop_3,SF,30,93,0,0,0,0,0,1,0,0,0,0,0,0,0,0,0,0,1,1,0.0,0.0,0.0,0.0,1.0,0.0,0.0,255,253,0.99,0.01,0.0,0.0,0.0,0.0,0.0,0.0,guess_passwd,1,0,NORMAL,0,0
284,tcp,ftp,SF,156,593,0,0,0,2,0,1,0,0,0,0,0,0,0,0,0,1,1,1,0.0,0.0,0.0,0.0,1.0,0.0,0.0,255,86,0.34,0.03,0.0,0.0,0.02,0.0,0.01,0.0,warezmaster,1,0,NORMAL,0,0
0,tcp,pop_3,SF,30,217,0,0,0,0,0,1,0,0,0,0,0,0,0,0,0,0,1,1,0.0,0.0,0.0,0.0,1.0,0.0,0.0,255,12,0.05,0.03,0.0,0.0,0.0,0.0,0.0,0.0,guess_passwd,1,0,NORMAL,0,0
0,tcp,http,SF,35,255,0,0,0,0,0,1,0,0,0,0,0,0,0,0,0,0,1,1,0.0,0.0,0.0,0.0,1.0,0.0,0.0,255,227,0.89,0.02,0.0,0.0,0.0,0.0,0.0,0.0,apache2,1,0,NORMAL,0,0
0,tcp,sunrpc,REJ,0,0,0,0,0,0,0,0,0,0,0,0,0,0,0,0,0,0,1,9,0.0,0.0,1.0,1.0,1.0,0.0,1.0,23,52,0.17,0.22,0.04,0.04,0.0,0.0,0.83,1.0,mscan,1,0,NORMAL,0,0
0,tcp,ftp,SF,26,157,0,0,0,0,1,0,0,0,0,0,0,0,0,0,0,1,1,1,0.0,0.0,0.0,0.0,1.0,0.0,0.0,233,118,0.51,0.03,0.0,0.0,0.0,0.0,0.0,0.0,guess_passwd,1,0,NORMAL,0,0
0,tcp,telnet,SF,127,174,0,0,0,0,1,0,0,0,0,0,0,0,0,0,0,0,2,2,0.0,0.0,0.0,0.0,1.0,0.0,0.0,255,208,0.82,0.02,0.0,0.0,0.0,0.0,0.02,0.03,guess_passwd,1,0,NORMAL,0,0
0,tcp,telnet,S3,0,44,0,0,0,0,0,0,0,0,0,0,0,0,0,0,0,0,1,1,1.0,1.0,0.0,0.0,1.0,0.0,0.0,255,124,0.49,0.02,0.0,0.0,0.53,0.4,0.01,0.01,processtable,1,0,NORMAL,0,0
0,tcp,telnet,SF,124,174,0,0,0,0,1,0,0,0,0,0,0,0,0,0,0,0,1,1,0.0,0.0,0.0,0.0,1.0,0.0,0.0,255,61,0.24,0.02,0.0,0.0,0.0,0.0,0.01,0.05,guess_passwd,1,0,NORMAL,0,0
4,tcp,pop_3,SF,32,93,0,0,0,0,0,1,0,0,0,0,0,0,0,0,0,0,1,1,0.0,0.0,0.0,0.0,1.0,0.0,0.0,255,233,0.91,0.02,0.0,0.0,0.0,0.0,0.04,0.0,guess_passwd,1,0,NORMAL,0,0
0,tcp,auth,SF,10,35,0,0,0,0,0,0,0,0,0,0,0,0,0,0,0,0,1,1,0.0,0.0,0.0,0.0,1.0,0.0,0.0,1,1,1.0,0.0,1.0,0.0,0.0,0.0,0.0,0.0,sendmail,1,0,NORMAL,0,0
0,tcp,telnet,SF,125,174,0,0,0,0,1,0,0,0,0,0,0,0,0,0,0,0,1,1,0.0,0.0,0.0,0.0,1.0,0.0,0.0,255,52,0.2,0.02,0.0,0.0,0.0,0.0,0.01,0.04,guess_passwd,1,0,NORMAL,0,0
4,tcp,pop_3,SF,32,93,0,0,0,0,0,1,0,0,0,0,0,0,0,0,0,0,1,1,0.0,0.0,0.0,0.0,1.0,0.0,0.0,208,189,0.91,0.01,0.0,0.0,0.0,0.0,0.05,0.0,guess_passwd,1,0,NORMAL,0,0
284,tcp,ftp,SF,154,593,0,0,0,2,0,1,0,0,0,0,0,0,0,0,0,1,1,1,0.0,0.0,0.0,0.0,1.0,0.0,0.0,255,67,0.26,0.03,0.0,0.0,0.07,0.0,0.02,0.0,warezmaster,1,0,NORMAL,0,0
280,tcp,ftp_data,SF,283618,0,0,0,0,0,0,0,0,0,0,0,0,0,0,0,0,0,2,3,0.0,0.0,0.0,0.0,1.0,0.0,0.67,2,2,1.0,0.0,1.0,0.0,0.0,0.0,0.0,0.0,warezmaster,1,0,NORMAL,0,0
282,tcp,ftp,SF,161,597,0,0,0,2,0,1,0,0,0,0,0,0,0,0,0,1,1,1,0.0,0.0,0.0,0.0,1.0,0.0,0.0,255,95,0.37,0.03,0.0,0.0,0.0,0.0,0.0,0.0,warezmaster,1,0,NORMAL,0,0
0,tcp,http,S0,0,0,0,0,0,0,0,0,0,0,0,0,0,0,0,0,0,0,64,64,1.0,1.0,0.0,0.0,1.0,0.0,0.0,255,255,1.0,0.0,0.0,0.0,0.33,0.33,0.67,0.67,apache2,1,0,NORMAL,0,0
0,tcp,telnet,SF,128,174,0,0,0,0,1,0,0,0,0,0,0,0,0,0,0,0,1,1,0.0,0.0,0.0,0.0,1.0,0.0,0.0,255,255,1.0,0.0,0.0,0.0,0.0,0.0,0.02,0.02,guess_passwd,1,0,NORMAL,0,0
0,udp,private,SF,1,1,0,0,0,0,0,0,0,0,0,0,0,0,0,0,0,0,6,2,0.0,0.0,0.0,0.0,0.33,0.5,0.0,255,2,0.01,0.97,0.02,0.0,0.06,0.0,0.89,0.0,normal,0,1,ATTACK,1,0
4,tcp,pop_3,SF,32,93,0,0,0,0,0,1,0,0,0,0,0,0,0,0,0,0,1,1,0.0,0.0,0.0,0.0,1.0,0.0,0.0,255,220,0.86,0.02,0.0,0.0,0.0,0.0,0.06,0.0,guess_passwd,1,0,NORMAL,0,0
0,tcp,telnet,SF,121,174,0,0,0,0,1,0,0,0,0,0,0,0,0,0,0,0,2,2,0.0,0.0,0.0,0.0,1.0,0.0,0.0,255,255,1.0,0.0,0.0,0.0,0.01,0.01,0.02,0.02,guess_passwd,1,0,NORMAL,0,0
0,tcp,other,REJ,0,0,0,0,0,0,0,0,0,0,0,0,0,0,0,0,0,0,1,1,0.0,0.0,1.0,1.0,1.0,0.0,0.0,255,15,0.06,0.01,0.0,0.0,0.0,0.0,0.05,0.87,httptunnel,1,0,NORMAL,0,0
281,tcp,ftp,SF,160,597,0,0,0,2,0,1,0,0,0,0,0,0,0,0,0,1,1,1,0.0,0.0,0.0,0.0,1.0,0.0,0.0,255,19,0.07,0.89,0.0,0.0,0.0,0.0,0.87,0.0,warezmaster,1,0,NORMAL,0,0
8023,tcp,telnet,SF,0,44,0,0,0,0,0,0,0,0,0,0,0,0,0,0,0,0,1,1,0.0,0.0,0.0,0.0,1.0,0.0,0.0,255,98,0.38,0.02,0.0,0.0,0.6,0.43,0.01,0.01,processtable,1,0,NORMAL,0,0
8196,tcp,telnet,SF,0,15,0,0,0,0,0,0,0,0,0,0,0,0,0,0,0,0,1,1,0.0,0.0,0.0,0.0,1.0,0.0,0.0,255,67,0.26,0.02,0.0,0.0,0.75,0.73,0.01,0.03,processtable,1,0,NORMAL,0,0
282,tcp,ftp,SF,156,591,0,0,0,2,0,1,0,0,0,0,0,0,0,0,0,1,1,1,0.0,0.0,0.0,0.0,1.0,0.0,0.0,255,95,0.37,0.03,0.0,0.0,0.0,0.0,0.0,0.0,warezmaster,1,0,NORMAL,0,0
0,tcp,telnet,RSTO,15,94,0,0,0,0,0,0,0,0,0,0,0,0,0,0,0,0,4,5,0.0,0.0,1.0,1.0,0.5,0.75,0.8,84,127,0.5,0.04,0.01,0.02,0.0,0.0,0.82,0.43,mscan,1,0,NORMAL,0,0
0,udp,private,SF,105,147,0,0,0,0,0,0,0,0,0,0,0,0,0,0,0,0,1,1,0.0,0.0,0.0,0.0,1.0,0.0,0.0,77,76,0.99,0.03,0.01,0.0,0.0,0.0,0.0,0.0,snmpgetattack,1,0,NORMAL,0,0
0,tcp,telnet,SF,125,174,0,0,0,0,1,0,0,0,0,0,0,0,0,0,0,0,1,1,0.0,0.0,0.0,0.0,1.0,0.0,0.0,255,173,0.68,0.02,0.0,0.0,0.0,0.0,0.02,0.03,guess_passwd,1,0,NORMAL,0,0
5,tcp,smtp,SF,2599,293,0,0,0,0,0,1,0,0,0,0,0,0,0,0,0,0,2,2,0.0,0.0,0.0,0.0,1.0,0.0,0.0,255,245,0.96,0.04,0.0,0.0,0.0,0.0,0.04,0.0,mailbomb,1,0,NORMAL,0,0
0,tcp,telnet,SF,123,174,0,0,0,0,1,0,0,0,0,0,0,0,0,0,0,0,2,2,0.0,0.0,0.0,0.0,1.0,0.0,0.0,255,103,0.4,0.02,0.0,0.0,0.0,0.0,0.01,0.03,guess_passwd,1,0,NORMAL,0,0
7334,tcp,telnet,SF,0,44,0,0,0,0,0,0,0,0,0,0,0,0,0,0,0,0,1,1,0.0,0.0,0.0,0.0,1.0,0.0,0.0,255,228,0.89,0.02,0.0,0.0,0.27,0.3,0.01,0.0,processtable,1,0,NORMAL,0,0
0,udp,private,SF,48,48,0,0,0,0,0,0,0,0,0,0,0,0,0,0,0,0,2,2,0.0,0.0,0.0,0.0,1.0,0.0,0.0,255,254,1.0,0.01,0.01,0.0,0.0,0.0,0.0,0.0,snmpguess,1,0,NORMAL,0,0
1,tcp,telnet,RSTO,0,15,0,0,0,0,0,0,0,0,0,0,0,0,0,0,0,0,1,4,0.0,0.25,1.0,0.5,1.0,0.0,0.75,114,86,0.34,0.04,0.01,0.02,0.0,0.0,0.9,0.71,mscan,1,0,NORMAL,0,0
0,udp,private,SF,105,146,0,0,0,0,0,0,0,0,0,0,0,0,0,0,0,0,1,1,0.0,0.0,0.0,0.0,1.0,0.0,0.0,143,142,0.99,0.01,0.01,0.0,0.0,0.0,0.0,0.0,snmpgetattack,1,0,NORMAL,0,0
282,tcp,ftp,SF,162,597,0,0,0,2,0,1,0,0,0,0,0,0,0,0,0,1,1,1,0.0,0.0,0.0,0.0,1.0,0.0,0.0,237,80,0.34,0.03,0.0,0.0,0.0,0.0,0.0,0.0,warezmaster,1,0,NORMAL,0,0
0,tcp,telnet,S3,0,44,0,0,0,0,0,0,0,0,0,0,0,0,0,0,0,0,1,1,1.0,1.0,0.0,0.0,1.0,0.0,0.0,255,61,0.24,0.68,0.0,0.0,0.14,0.59,0.66,0.0,processtable,1,0,NORMAL,0,0
0,tcp,ftp_data,S1,176412,0,0,0,0,0,0,0,0,0,0,0,0,0,0,0,0,0,2,2,0.5,0.5,0.0,0.0,1.0,0.0,0.0,8,8,1.0,0.0,1.0,0.0,0.12,0.12,0.0,0.0,warezmaster,1,0,NORMAL,0,0
0,tcp,sunrpc,REJ,0,0,0,0,0,0,0,0,0,0,0,0,0,0,0,0,0,0,1,8,0.0,0.0,1.0,1.0,1.0,0.0,1.0,202,1,0.0,0.03,0.0,0.0,0.0,0.0,0.01,1.0,mscan,1,0,NORMAL,0,0
7597,tcp,telnet,SF,0,44,0,0,0,0,0,0,0,0,0,0,0,0,0,0,0,0,5,16,0.0,0.19,0.6,0.56,0.6,0.6,0.75,255,178,0.7,0.03,0.0,0.0,0.33,0.47,0.12,0.08,processtable,1,0,NORMAL,0,0
0,udp,private,SF,50,0,0,0,0,0,0,0,0,0,0,0,0,0,0,0,0,0,3,3,0.0,0.0,0.0,0.0,1.0,0.0,0.0,255,255,1.0,0.0,0.01,0.0,0.0,0.0,0.0,0.0,snmpguess,1,0,NORMAL,0,0
1,tcp,smtp,SF,2599,293,0,0,0,0,0,1,0,0,0,0,0,0,0,0,0,0,3,3,0.0,0.0,0.0,0.0,1.0,0.0,0.0,255,215,0.84,0.13,0.0,0.0,0.0,0.0,0.15,0.0,mailbomb,1,0,NORMAL,0,0
0,udp,private,SF,42,0,0,0,0,0,0,0,0,0,0,0,0,0,0,0,0,0,5,5,0.0,0.0,0.0,0.0,1.0,0.0,0.0,255,253,0.99,0.01,0.01,0.0,0.0,0.0,0.0,0.0,snmpguess,1,0,NORMAL,0,0
281,tcp,ftp,SF,159,597,0,0,0,2,0,1,0,0,0,0,0,0,0,0,0,1,1,1,0.0,0.0,0.0,0.0,1.0,0.0,0.0,193,63,0.33,0.04,0.01,0.0,0.0,0.0,0.0,0.0,warezmaster,1,0,NORMAL,0,0
0,udp,private,SF,105,147,0,0,0,0,0,0,0,0,0,0,0,0,0,0,0,0,1,1,0.0,0.0,0.0,0.0,1.0,0.0,0.0,255,254,1.0,0.01,0.0,0.0,0.0,0.0,0.0,0.0,snmpgetattack,1,0,NORMAL,0,0
0,udp,private,SF,40,0,0,0,0,0,0,0,0,0,0,0,0,0,0,0,0,0,3,3,0.0,0.0,0.0,0.0,1.0,0.0,0.0,255,255,1.0,0.0,0.01,0.0,0.0,0.0,0.0,0.0,snmpguess,1,0,NORMAL,0,0
12,tcp,ftp,SF,72,300,0,0,0,1,0,1,0,0,0,0,0,0,0,0,1,0,1,1,0.0,0.0,0.0,0.0,1.0,0.0,0.0,255,117,0.46,0.03,0.0,0.0,0.0,0.0,0.0,0.0,warezmaster,1,0,NORMAL,0,0
1,tcp,smtp,SF,2599,293,0,0,0,0,0,1,0,0,0,0,0,0,0,0,0,0,2,2,0.0,0.0,0.0,0.0,1.0,0.0,0.0,255,224,0.88,0.12,0.0,0.0,0.0,0.0,0.11,0.0,mailbomb,1,0,NORMAL,0,0
4,tcp,pop_3,SF,26,93,0,0,0,0,0,1,0,0,0,0,0,0,0,0,0,0,1,1,0.0,0.0,0.0,0.0,1.0,0.0,0.0,255,236,0.93,0.01,0.0,0.0,0.0,0.0,0.04,0.0,guess_passwd,1,0,NORMAL,0,0
0,tcp,telnet,SF,124,174,0,0,0,0,1,0,0,0,0,0,0,0,0,0,0,0,1,1,0.0,0.0,0.0,0.0,1.0,0.0,0.0,255,191,0.75,0.02,0.0,0.0,0.0,0.0,0.02,0.03,guess_passwd,1,0,NORMAL,0,0
14,tcp,pop_3,SF,26,93,0,0,0,0,0,1,0,0,0,0,0,0,0,0,0,0,1,1,0.0,0.0,0.0,0.0,1.0,0.0,0.0,110,95,0.85,0.03,0.01,0.02,0.0,0.0,0.09,0.0,guess_passwd,1,0,NORMAL,0,0
4,tcp,pop_3,SF,28,93,0,0,0,0,0,1,0,0,0,0,0,0,0,0,0,0,1,1,0.0,0.0,0.0,0.0,1.0,0.0,0.0,255,227,0.89,0.02,0.0,0.0,0.0,0.0,0.06,0.0,guess_passwd,1,0,NORMAL,0,0
0,tcp,other,REJ,0,0,0,0,0,0,0,0,0,0,0,0,0,0,0,0,0,0,1,1,0.0,0.0,1.0,1.0,1.0,0.0,0.0,255,20,0.08,0.01,0.0,0.0,0.0,0.0,0.07,0.9,httptunnel,1,0,NORMAL,0,0
1,tcp,smtp,SF,2599,293,0,0,0,0,0,1,0,0,0,0,0,0,0,0,0,0,3,3,0.0,0.0,0.0,0.0,1.0,0.0,0.0,255,143,0.56,0.13,0.0,0.0,0.0,0.0,0.42,0.0,mailbomb,1,0,NORMAL,0,0
0,udp,private,SF,28,0,0,3,0,0,0,0,0,0,0,0,0,0,0,0,0,0,62,62,0.0,0.0,0.0,0.0,1.0,0.0,0.0,82,62,0.76,0.04,0.76,0.0,0.0,0.0,0.0,0.0,normal,0,1,ATTACK,1,0
8216,tcp,telnet,SF,0,15,0,0,0,0,0,0,0,0,0,0,0,0,0,0,0,0,1,1,0.0,0.0,0.0,0.0,1.0,0.0,0.0,255,36,0.14,0.04,0.0,0.0,0.0,0.03,0.08,0.28,processtable,1,0,NORMAL,0,0
282,tcp,ftp,SF,161,599,0,0,0,2,0,1,0,0,0,0,0,0,0,0,0,1,1,1,0.0,0.0,0.0,0.0,1.0,0.0,0.0,61,32,0.52,0.05,0.02,0.0,0.0,0.0,0.0,0.0,warezmaster,1,0,NORMAL,0,0
0,tcp,ftp_data,SF,12,0,0,0,0,0,0,0,0,0,0,0,0,0,0,0,0,0,2,2,0.0,0.0,0.0,0.0,1.0,0.0,0.0,11,18,0.91,0.18,0.91,0.11,0.0,0.0,0.0,0.0,warezmaster,1,0,NORMAL,0,0
2,tcp,telnet,SF,24,40,0,0,0,0,0,0,0,0,0,0,0,0,0,0,0,0,4,15,0.0,0.13,0.75,0.4,0.5,0.75,0.6,255,3,0.01,0.02,0.0,0.0,0.0,0.0,0.01,0.33,mscan,1,0,NORMAL,0,0
924,tcp,http,RSTR,9664,0,0,0,0,0,0,1,0,0,0,0,0,0,0,0,0,0,35,35,0.06,0.06,0.94,0.94,1.0,0.0,0.0,255,255,1.0,0.0,0.0,0.0,0.01,0.01,0.61,0.61,apache2,1,0,NORMAL,0,0
4,tcp,pop_3,SF,28,93,0,0,0,0,0,1,0,0,0,0,0,0,0,0,0,0,1,1,0.0,0.0,0.0,0.0,1.0,0.0,0.0,37,37,0.97,0.05,0.03,0.05,0.0,0.0,0.0,0.0,guess_passwd,1,0,NORMAL,0,0
0,tcp,http,REJ,0,0,0,0,0,0,0,0,0,0,0,0,0,0,0,0,0,0,1,45,0.0,0.0,1.0,0.02,1.0,0.0,0.09,255,18,0.07,0.51,0.0,0.0,0.05,0.0,0.52,1.0,normal,0,1,ATTACK,1,0
282,tcp,ftp,SF,158,595,0,0,0,2,0,1,0,0,0,0,0,0,0,0,0,1,1,1,0.0,0.0,0.0,0.0,1.0,0.0,0.0,255,110,0.43,0.03,0.0,0.0,0.0,0.0,0.0,0.0,warezmaster,1,0,NORMAL,0,0
0,tcp,telnet,SF,122,174,0,0,0,0,1,0,0,0,0,0,0,0,0,0,0,0,1,1,0.0,0.0,0.0,0.0,1.0,0.0,0.0,255,248,0.97,0.01,0.0,0.0,0.0,0.0,0.02,0.02,guess_passwd,1,0,NORMAL,0,0
281,tcp,ftp,SF,156,593,0,0,0,2,0,1,0,0,0,0,0,0,0,0,0,1,1,1,0.0,0.0,0.0,0.0,1.0,0.0,0.0,68,38,0.56,0.06,0.01,0.0,0.0,0.0,0.0,0.0,warezmaster,1,0,NORMAL,0,0
0,tcp,other,RSTR,0,0,0,0,0,0,0,0,0,0,0,0,0,0,0,0,0,0,1,1,0.0,0.0,1.0,1.0,1.0,0.0,0.0,255,1,0.0,0.43,0.42,0.0,0.0,0.0,0.42,1.0,normal,0,1,ATTACK,1,0
0,tcp,ftp_data,SF,12,0,0,0,0,0,0,0,0,0,0,0,0,0,0,0,0,0,2,2,0.0,0.0,0.0,0.0,1.0,0.0,0.0,6,32,1.0,0.0,1.0,0.12,0.0,0.0,0.0,0.0,warezmaster,1,0,NORMAL,0,0
7477,tcp,telnet,SF,0,44,0,0,0,0,0,0,0,0,0,0,0,0,0,0,0,0,1,1,0.0,0.0,0.0,0.0,1.0,0.0,0.0,255,206,0.81,0.03,0.0,0.0,0.33,0.41,0.12,0.07,processtable,1,0,NORMAL,0,0
0,tcp,http,S0,0,0,0,0,0,0,0,0,0,0,0,0,0,0,0,0,0,0,37,37,0.59,0.59,0.38,0.38,1.0,0.0,0.0,255,255,1.0,0.0,0.0,0.0,0.12,0.12,0.7,0.7,apache2,1,0,NORMAL,0,0
4,tcp,pop_3,SF,30,93,0,0,0,0,0,1,0,0,0,0,0,0,0,0,0,0,2,1,0.0,0.0,0.5,0.0,0.5,1.0,0.0,255,222,0.87,0.02,0.0,0.0,0.0,0.0,0.03,0.0,guess_passwd,1,0,NORMAL,0,0
0,tcp,telnet,S3,0,44,0,0,0,0,0,0,0,0,0,0,0,0,0,0,0,0,1,1,1.0,1.0,0.0,0.0,1.0,0.0,0.0,255,97,0.38,0.03,0.0,0.0,0.07,0.19,0.11,0.13,processtable,1,0,NORMAL,0,0
0,udp,private,SF,28,0,0,3,0,0,0,0,0,0,0,0,0,0,0,0,0,0,92,92,0.0,0.0,0.0,0.0,1.0,0.0,0.0,112,92,0.82,0.03,0.82,0.0,0.0,0.0,0.0,0.0,normal,0,1,ATTACK,1,0
0,tcp,other,RSTR,0,0,0,0,0,0,0,0,0,0,0,0,0,0,0,0,0,0,1,1,0.0,0.0,1.0,1.0,1.0,0.0,0.0,255,1,0.0,0.94,0.93,0.0,0.0,0.0,0.93,1.0,normal,0,1,ATTACK,1,0
283,tcp,ftp,SF,164,599,0,0,0,2,0,1,0,0,0,0,0,0,0,0,0,1,1,1,0.0,0.0,0.0,0.0,1.0,0.0,0.0,255,17,0.07,0.9,0.0,0.0,0.0,0.06,0.88,0.0,warezmaster,1,0,NORMAL,0,0
5,tcp,pop_3,SF,30,93,0,0,0,0,0,1,0,0,0,0,0,0,0,0,0,0,1,1,0.0,0.0,0.0,0.0,1.0,0.0,0.0,255,249,0.98,0.01,0.0,0.0,0.0,0.0,0.01,0.0,guess_passwd,1,0,NORMAL,0,0
0,udp,private,SF,105,146,0,0,0,0,0,0,0,0,0,0,0,0,0,0,0,0,1,1,0.0,0.0,0.0,0.0,1.0,0.0,0.0,247,245,0.99,0.01,0.01,0.0,0.0,0.0,0.0,0.0,snmpgetattack,1,0,NORMAL,0,0
0,tcp,private,REJ,0,0,0,0,0,0,0,0,0,0,0,0,0,0,0,0,0,0,45,2,0.0,0.0,1.0,1.0,0.04,0.91,0.0,54,2,0.04,0.8,0.83,0.0,0.0,0.0,0.83,1.0,normal,0,1,ATTACK,1,1
0,tcp,telnet,SF,124,174,0,0,0,0,1,0,0,0,0,0,0,0,0,0,0,0,2,2,0.0,0.0,0.0,0.0,1.0,0.0,0.0,255,243,0.95,0.01,0.0,0.0,0.0,0.0,0.02,0.02,guess_passwd,1,0,NORMAL,0,0
902,tcp,http,RSTR,3944,0,0,0,0,0,0,1,0,0,0,0,0,0,0,0,0,0,59,59,0.02,0.02,0.97,0.97,1.0,0.0,0.0,255,255,1.0,0.0,0.0,0.0,0.0,0.0,0.22,0.22,apache2,1,0,NORMAL,0,0
0,tcp,http,S0,0,0,0,0,0,0,0,0,0,0,0,0,0,0,0,0,0,0,49,49,1.0,1.0,0.0,0.0,1.0,0.0,0.0,255,255,1.0,0.0,0.0,0.0,0.27,0.27,0.7,0.7,apache2,1,0,NORMAL,0,0
281,tcp,ftp_data,SF,283618,0,0,0,0,0,0,0,0,0,0,0,0,0,0,0,0,0,2,2,0.0,0.0,0.0,0.0,1.0,0.0,0.0,9,6,0.67,0.22,0.67,0.0,0.0,0.0,0.0,0.0,warezmaster,1,0,NORMAL,0,0
7264,tcp,telnet,SF,0,44,0,0,0,0,0,0,0,0,0,0,0,0,0,0,0,0,1,1,0.0,0.0,0.0,0.0,1.0,0.0,0.0,255,246,0.96,0.02,0.0,0.0,0.33,0.35,0.04,0.02,processtable,1,0,NORMAL,0,0
283,tcp,ftp,SF,161,599,0,0,0,2,0,1,0,0,0,0,0,0,0,0,0,1,1,1,0.0,0.0,0.0,0.0,1.0,0.0,0.0,213,103,0.48,0.03,0.0,0.0,0.0,0.0,0.0,0.0,warezmaster,1,0,NORMAL,0,0
4,tcp,pop_3,SF,28,93,0,0,0,0,0,1,0,0,0,0,0,0,0,0,0,0,1,1,0.0,0.0,0.0,0.0,1.0,0.0,0.0,255,250,0.98,0.01,0.0,0.0,0.0,0.0,0.0,0.0,guess_passwd,1,0,NORMAL,0,0
0,tcp,telnet,S3,0,44,0,0,0,0,0,0,0,0,0,0,0,0,0,0,0,0,1,1,1.0,1.0,0.0,0.0,1.0,0.0,0.0,255,112,0.44,0.03,0.0,0.0,0.14,0.32,0.11,0.12,processtable,1,0,NORMAL,0,0
0,udp,private,SF,1,0,0,0,0,0,0,0,0,0,0,0,0,0,0,0,0,0,18,16,0.0,0.0,0.0,0.0,0.89,0.11,0.0,255,22,0.09,0.73,0.28,0.0,0.03,0.0,0.66,0.0,normal,0,1,ATTACK,1,0
4,tcp,pop_3,SF,28,93,0,0,0,0,0,1,0,0,0,0,0,0,0,0,0,0,1,1,0.0,0.0,0.0,0.0,1.0,0.0,0.0,55,53,0.95,0.04,0.02,0.04,0.0,0.0,0.0,0.0,guess_passwd,1,0,NORMAL,0,0
282,tcp,ftp,SF,154,593,0,0,0,2,0,1,0,0,0,0,0,0,0,0,0,1,1,1,0.0,0.0,0.0,0.0,1.0,0.0,0.0,255,104,0.41,0.03,0.0,0.0,0.0,0.0,0.0,0.0,warezmaster,1,0,NORMAL,0,0
0,tcp,telnet,S3,0,44,0,0,0,0,0,0,0,0,0,0,0,0,0,0,0,0,1,1,1.0,1.0,0.0,0.0,1.0,0.0,0.0,255,103,0.4,0.03,0.0,0.0,0.1,0.25,0.11,0.13,processtable,1,0,NORMAL,0,0
0,tcp,telnet,SF,122,174,0,0,0,0,1,0,0,0,0,0,0,0,0,0,0,0,1,1,0.0,0.0,0.0,0.0,1.0,0.0,0.0,255,62,0.24,0.02,0.0,0.0,0.0,0.0,0.01,0.05,guess_passwd,1,0,NORMAL,0,0
281,tcp,ftp,SF,163,599,0,0,0,2,0,1,0,0,0,0,0,0,0,0,0,1,1,1,0.0,0.0,0.0,0.0,1.0,0.0,0.0,255,18,0.07,0.93,0.0,0.0,0.0,0.0,0.93,0.0,warezmaster,1,0,NORMAL,0,0
1,tcp,smtp,SF,2599,293,0,0,0,0,0,1,0,0,0,0,0,0,0,0,0,0,3,3,0.0,0.0,0.0,0.0,1.0,0.0,0.0,255,183,0.72,0.13,0.0,0.0,0.0,0.0,0.27,0.0,mailbomb,1,0,NORMAL,0,0
0,tcp,other,REJ,0,0,0,0,0,0,0,0,0,0,0,0,0,0,0,0,0,0,1,1,0.0,0.0,1.0,1.0,1.0,0.0,0.0,255,19,0.07,0.02,0.0,0.0,0.0,0.0,0.08,0.95,httptunnel,1,0,NORMAL,0,0
0,tcp,pop_3,SF,30,217,0,0,0,0,0,1,0,0,0,0,0,0,0,0,0,0,1,1,0.0,0.0,0.0,0.0,1.0,0.0,0.0,255,10,0.04,0.03,0.0,0.0,0.01,0.0,0.0,0.0,guess_passwd,1,0,NORMAL,0,0
0,tcp,telnet,S3,0,44,0,0,0,0,0,0,0,0,0,0,0,0,0,0,0,0,1,1,1.0,1.0,0.0,0.0,1.0,0.0,0.0,255,119,0.47,0.02,0.0,0.0,0.53,0.38,0.01,0.01,processtable,1,0,NORMAL,0,0
4,tcp,pop_3,SF,28,93,0,0,0,0,0,1,0,0,0,0,0,0,0,0,0,0,1,1,0.0,0.0,0.0,0.0,1.0,0.0,0.0,255,179,0.7,0.02,0.0,0.0,0.0,0.0,0.11,0.0,guess_passwd,1,0,NORMAL,0,0
2,tcp,telnet,SF,24,109,0,0,0,0,0,0,0,0,0,0,0,0,0,0,0,0,3,2,0.0,0.0,0.67,0.0,0.33,1.0,1.0,147,84,0.33,0.03,0.01,0.02,0.0,0.0,0.88,0.69,mscan,1,0,NORMAL,0,0
0,tcp,telnet,SF,126,174,0,0,0,0,1,0,0,0,0,0,0,0,0,0,0,0,1,1,0.0,0.0,0.0,0.0,1.0,0.0,0.0,255,36,0.14,0.02,0.0,0.0,0.0,0.0,0.0,0.03,guess_passwd,1,0,NORMAL,0,0
7498,tcp,telnet,SF,0,44,0,0,0,0,0,0,0,0,0,0,0,0,0,0,0,0,1,1,0.0,0.0,0.0,0.0,1.0,0.0,0.0,255,192,0.75,0.02,0.0,0.0,0.36,0.37,0.01,0.01,processtable,1,0,NORMAL,0,0
15,tcp,ftp,SF,45,214,0,0,0,0,0,1,0,0,0,0,0,0,0,0,0,0,1,1,0.0,0.0,0.0,0.0,1.0,0.0,0.0,226,4,0.02,0.03,0.0,0.0,0.0,0.0,0.0,0.0,rootkit,1,0,NORMAL,0,0
1,tcp,smtp,SF,2599,293,0,0,0,0,0,1,0,0,0,0,0,0,0,0,0,0,2,2,0.0,0.0,0.0,0.0,1.0,0.0,0.0,255,186,0.73,0.13,0.0,0.0,0.0,0.0,0.26,0.0,mailbomb,1,0,NORMAL,0,0
